DQN study | train=50000 eval=1000 | grid=2304 configs

=== Section 2-3: factorial grid (screening seed) ===
  Grid size: 2304 configs | pending: 2304 | workers=8 | screening seed=42
  [grid_641c42be7869] seed=42 reward=3.389 succ=0.226 fk=0.655 adapt=0.492 (40s)
  [grid_669afcc2937d] seed=42 reward=3.418 succ=0.043 fk=0.560 adapt=0.495 (34s)
  [grid_b1a4524f7564] seed=42 reward=3.228 succ=0.019 fk=0.504 adapt=0.188 (34s)
  [grid_eec63be0a704] seed=42 reward=3.518 succ=0.085 fk=0.591 adapt=0.444 (35s)
  [grid_66647565f259] seed=42 reward=3.433 succ=0.318 fk=0.670 adapt=0.605 (32s)
  [grid_e14681f07cdb] seed=42 reward=3.544 succ=0.303 fk=0.684 adapt=0.626 (36s)
  [grid_cc328ffe7ec0] seed=42 reward=3.476 succ=0.117 fk=0.615 adapt=0.589 (37s)
  [grid_197891db8e1c] seed=42 reward=3.184 succ=0.032 fk=0.520 adapt=0.481 (33s)
  [grid_07a229b6452e] seed=42 reward=3.076 succ=0.069 fk=0.531 adapt=0.307 (36s)
  [grid_76e92293c3e5] seed=42 reward=3.224 succ=0.243 fk=0.685 adapt=0.683 (36s)
  [grid_56bb78bafb5e] seed=42 reward=3.586 succ=0.090 fk=0.586 adapt=0.495 (34s)
  [grid_fe2d872f40dc] seed=42 reward=3.340 succ=0.356 fk=0.707 adapt=0.777 (35s)
  [grid_b0d0ff7df317] seed=42 reward=3.197 succ=0.041 fk=0.549 adapt=0.460 (34s)
  [grid_3ab1fbc8e459] seed=42 reward=3.202 succ=0.259 fk=0.666 adapt=0.572 (31s)
  [grid_1b2059e74a2b] seed=42 reward=2.835 succ=0.516 fk=0.773 adapt=0.983 (31s)
  [grid_5af3f935faba] seed=42 reward=3.495 succ=0.071 fk=0.583 adapt=0.389 (34s)
  [grid_397b6fef7a30] seed=42 reward=3.586 succ=0.090 fk=0.586 adapt=0.495 (34s)
  [grid_6d4a9ff351cd] seed=42 reward=3.227 succ=0.400 fk=0.723 adapt=0.620 (32s)
  [grid_1c6fb6dc0b66] seed=42 reward=3.529 succ=0.243 fk=0.663 adapt=0.543 (31s)
  [grid_93926ee0a4de] seed=42 reward=3.292 succ=0.194 fk=0.644 adapt=0.522 (30s)
  [grid_ec77ed7ffa4e] seed=42 reward=3.628 succ=0.098 fk=0.608 adapt=0.494 (31s)
  [grid_e4eb6e7a3464] seed=42 reward=3.448 succ=0.129 fk=0.596 adapt=0.501 (31s)
  [grid_9a6cdbc3148e] seed=42 reward=3.291 succ=0.142 fk=0.610 adapt=0.626 (31s)
  [grid_29f47d14ada7] seed=42 reward=3.411 succ=0.109 fk=0.565 adapt=0.577 (32s)
  [grid_80f984e1ca29] seed=42 reward=3.145 succ=0.426 fk=0.731 adapt=0.786 (31s)
  [grid_203dba4b84b3] seed=42 reward=3.245 succ=0.150 fk=0.631 adapt=0.466 (31s)
  [grid_43bdd363299c] seed=42 reward=3.375 succ=0.164 fk=0.632 adapt=0.601 (31s)
  [grid_8e9aa6a920a4] seed=42 reward=3.564 succ=0.218 fk=0.656 adapt=0.643 (31s)
  [grid_0803ed269a18] seed=42 reward=3.400 succ=0.032 fk=0.535 adapt=0.242 (30s)
  [grid_26bf60f03672] seed=42 reward=3.141 succ=0.031 fk=0.514 adapt=0.354 (31s)
  [grid_c7869e8c2c48] seed=42 reward=3.064 succ=0.294 fk=0.690 adapt=0.718 (31s)
  [grid_83f296df3171] seed=42 reward=3.245 succ=0.150 fk=0.631 adapt=0.466 (30s)
  [grid_20de4c13453a] seed=42 reward=3.375 succ=0.164 fk=0.632 adapt=0.601 (32s)
  [grid_cca226f33fc4] seed=42 reward=3.166 succ=0.079 fk=0.568 adapt=0.439 (37s)
  [grid_c65ae577d59a] seed=42 reward=3.400 succ=0.032 fk=0.535 adapt=0.242 (32s)
  [grid_60dcb36c44f9] seed=42 reward=3.416 succ=0.186 fk=0.629 adapt=0.529 (33s)
  [grid_de685678406e] seed=42 reward=3.312 succ=0.058 fk=0.539 adapt=0.548 (32s)
  [grid_6cfb1aea7674] seed=42 reward=3.529 succ=0.063 fk=0.579 adapt=0.465 (30s)
  [grid_2dbf86ae5a55] seed=42 reward=3.553 succ=0.133 fk=0.599 adapt=0.557 (31s)
  [grid_a24febb5a150] seed=42 reward=3.526 succ=0.108 fk=0.599 adapt=0.510 (32s)
  [grid_2b9a31954ea1] seed=42 reward=3.189 succ=0.065 fk=0.534 adapt=0.475 (31s)
  [grid_d968f1abffc6] seed=42 reward=3.406 succ=0.311 fk=0.696 adapt=0.643 (31s)
  [grid_95b8f4cff0de] seed=42 reward=3.150 succ=0.066 fk=0.559 adapt=0.508 (32s)
  [grid_a9b7a3dccbd5] seed=42 reward=3.498 succ=0.084 fk=0.566 adapt=0.499 (31s)
  [grid_c2331dbaffde] seed=42 reward=3.270 succ=0.232 fk=0.680 adapt=0.693 (31s)
  [grid_f401d4d856bb] seed=42 reward=3.205 succ=0.028 fk=0.517 adapt=0.456 (31s)
  [grid_4e97fa1d45f5] seed=42 reward=2.937 succ=0.372 fk=0.733 adapt=0.832 (31s)
  [grid_bd0fb9dfa438] seed=42 reward=3.310 succ=0.354 fk=0.709 adapt=0.778 (31s)
  [grid_c93274fe7fd7] seed=42 reward=2.614 succ=0.299 fk=0.704 adapt=0.713 (31s)
  [grid_5bc4f92d7fa3] seed=42 reward=3.243 succ=0.038 fk=0.537 adapt=0.423 (31s)
  [grid_85a516272485] seed=42 reward=3.419 succ=0.150 fk=0.607 adapt=0.478 (31s)
  [grid_316eed4f4ed1] seed=42 reward=3.489 succ=0.042 fk=0.536 adapt=0.449 (31s)
  [grid_ff621bc5312d] seed=42 reward=3.218 succ=0.041 fk=0.529 adapt=0.440 (31s)
  [grid_3d2e2db2f078] seed=42 reward=3.265 succ=0.048 fk=0.526 adapt=0.469 (31s)
  [grid_22c4910aa0bb] seed=42 reward=3.138 succ=0.055 fk=0.545 adapt=0.247 (32s)
  [grid_b821ae01194e] seed=42 reward=3.049 succ=0.199 fk=0.654 adapt=0.367 (31s)
  [grid_6fb22cc9d23c] seed=42 reward=3.406 succ=0.043 fk=0.545 adapt=0.523 (32s)
  [grid_af46aec7c83e] seed=42 reward=3.238 succ=0.028 fk=0.468 adapt=0.142 (32s)
  [grid_125ea9fafbc7] seed=42 reward=3.525 succ=0.043 fk=0.542 adapt=0.471 (31s)
  [grid_c24e530f273b] seed=42 reward=3.507 succ=0.087 fk=0.581 adapt=0.414 (32s)
  [grid_d2069713c4b7] seed=42 reward=3.337 succ=0.055 fk=0.563 adapt=0.443 (33s)
  [grid_abf19e3cb3bd] seed=42 reward=2.911 succ=0.392 fk=0.734 adapt=0.584 (32s)
  [grid_e14645ebe1fe] seed=42 reward=3.499 succ=0.151 fk=0.611 adapt=0.582 (32s)
  [grid_cf48350f8a2a] seed=42 reward=3.312 succ=0.069 fk=0.554 adapt=0.566 (32s)
  [grid_7fa96157862f] seed=42 reward=3.495 succ=0.178 fk=0.622 adapt=0.517 (31s)
  [grid_fbdfbb99a2ae] seed=42 reward=3.405 succ=0.182 fk=0.612 adapt=0.642 (32s)
  [grid_ebb5931ce439] seed=42 reward=3.337 succ=0.055 fk=0.563 adapt=0.443 (32s)
  [grid_d44e9f493060] seed=42 reward=2.911 succ=0.392 fk=0.734 adapt=0.584 (32s)
  [grid_14d8ebb002f8] seed=42 reward=3.166 succ=0.159 fk=0.652 adapt=0.601 (32s)
  [grid_9cafca84a3e1] seed=42 reward=3.286 succ=0.057 fk=0.548 adapt=0.429 (33s)
  [grid_de0485d595ad] seed=42 reward=3.495 succ=0.178 fk=0.622 adapt=0.517 (31s)
  [grid_7e577984359e] seed=42 reward=3.481 succ=0.220 fk=0.645 adapt=0.655 (32s)
  [grid_ba7f83152f8d] seed=42 reward=2.826 succ=0.481 fk=0.761 adapt=0.839 (31s)
  [grid_8ad6e6b58130] seed=42 reward=2.582 succ=0.116 fk=0.640 adapt=0.556 (30s)
  [grid_de008aa00476] seed=42 reward=3.250 succ=0.136 fk=0.579 adapt=0.302 (30s)
  [grid_059052327bb5] seed=42 reward=2.932 succ=0.034 fk=0.481 adapt=0.034 (31s)
  [grid_2b003246c602] seed=42 reward=3.334 succ=0.036 fk=0.506 adapt=0.292 (30s)
  [grid_49ff8b5252bf] seed=42 reward=3.381 succ=0.243 fk=0.656 adapt=0.683 (30s)
  [grid_92f168cfaa5d] seed=42 reward=2.205 succ=0.374 fk=0.723 adapt=0.635 (31s)
  [grid_00064f5bf965] seed=42 reward=3.003 succ=0.463 fk=0.761 adapt=0.968 (30s)
  [grid_93d0fa4c33e4] seed=42 reward=2.899 succ=0.482 fk=0.760 adapt=0.898 (30s)
  [grid_710ecd2c7cb4] seed=42 reward=3.469 succ=0.054 fk=0.555 adapt=0.464 (30s)
  [grid_c0e5a28e47cb] seed=42 reward=3.622 succ=0.094 fk=0.586 adapt=0.510 (30s)
  [grid_6161268a8269] seed=42 reward=3.445 succ=0.249 fk=0.653 adapt=0.636 (30s)
  [grid_8e2e2a55a02a] seed=42 reward=2.205 succ=0.374 fk=0.723 adapt=0.635 (31s)
  [grid_c7a683834def] seed=42 reward=3.090 succ=0.066 fk=0.571 adapt=0.541 (30s)
  [grid_188cb74c3042] seed=42 reward=2.899 succ=0.482 fk=0.760 adapt=0.898 (30s)
  [grid_3b63089c4056] seed=42 reward=3.414 succ=0.176 fk=0.621 adapt=0.677 (31s)
  [grid_65e9ca87a9c8] seed=42 reward=3.622 succ=0.094 fk=0.586 adapt=0.510 (30s)
  [grid_8eabeed51d44] seed=42 reward=3.445 succ=0.249 fk=0.653 adapt=0.636 (31s)
  [grid_01de23219d95] seed=42 reward=3.213 succ=0.021 fk=0.475 adapt=0.318 (31s)
  [grid_0465aa7b1703] seed=42 reward=3.022 succ=0.302 fk=0.664 adapt=0.390 (30s)
  [grid_d85709d54b8b] seed=42 reward=3.128 succ=0.041 fk=0.531 adapt=0.437 (31s)
  [grid_fb3801d765ac] seed=42 reward=3.118 succ=0.037 fk=0.521 adapt=0.379 (32s)
  [grid_a5112e95b1a0] seed=42 reward=3.127 succ=0.035 fk=0.527 adapt=0.289 (30s)
  [grid_b887fe3bde6b] seed=42 reward=3.298 succ=0.094 fk=0.555 adapt=0.337 (31s)
  [grid_562062fb26f3] seed=42 reward=3.562 succ=0.082 fk=0.558 adapt=0.519 (32s)
  [grid_a6f4926a6841] seed=42 reward=2.874 succ=0.510 fk=0.772 adapt=0.978 (31s)
  [grid_4c06f682fe5a] seed=42 reward=3.469 succ=0.224 fk=0.649 adapt=0.670 (31s)
  [grid_f6e8558af874] seed=42 reward=2.812 succ=0.493 fk=0.769 adapt=0.941 (30s)
  [grid_e21f5ce7f540] seed=42 reward=3.297 succ=0.157 fk=0.605 adapt=0.554 (31s)
  [grid_dc4c0766a8b4] seed=42 reward=3.385 succ=0.090 fk=0.584 adapt=0.521 (40s)
  [grid_67e09f866fac] seed=42 reward=3.299 succ=0.071 fk=0.563 adapt=0.331 (33s)
  [grid_0dacde8db19e] seed=42 reward=3.422 succ=0.090 fk=0.578 adapt=0.370 (34s)
  [grid_a85b02153363] seed=42 reward=3.198 succ=0.359 fk=0.709 adapt=0.573 (36s)
  [grid_11c861220e32] seed=42 reward=3.569 succ=0.105 fk=0.606 adapt=0.464 (33s)
  [grid_f2fb2445ae0f] seed=42 reward=3.124 succ=0.057 fk=0.534 adapt=0.539 (36s)
  [grid_935c621cf936] seed=42 reward=3.197 succ=0.041 fk=0.549 adapt=0.460 (37s)
  [grid_a5072aeee322] seed=42 reward=3.202 succ=0.259 fk=0.666 adapt=0.572 (33s)
  [grid_4fc79ac0f6e6] seed=42 reward=3.132 succ=0.032 fk=0.507 adapt=0.416 (36s)
  [grid_0e8f5749f3b6] seed=42 reward=3.284 succ=0.115 fk=0.582 adapt=0.475 (36s)
  [grid_d812e6e49489] seed=42 reward=3.396 succ=0.114 fk=0.588 adapt=0.579 (33s)
  [grid_b010814b3244] seed=42 reward=3.227 succ=0.400 fk=0.723 adapt=0.620 (35s)
  [grid_2722e3d35529] seed=42 reward=3.476 succ=0.117 fk=0.615 adapt=0.589 (34s)
  [grid_4cc20e0be0ad] seed=42 reward=3.184 succ=0.032 fk=0.520 adapt=0.481 (31s)
  [grid_3255ad62aaac] seed=42 reward=3.132 succ=0.032 fk=0.507 adapt=0.416 (32s)
  [grid_eb602b1987dd] seed=42 reward=3.284 succ=0.115 fk=0.582 adapt=0.475 (34s)
  [grid_ef706eee6df5] seed=42 reward=3.279 succ=0.054 fk=0.533 adapt=0.253 (34s)
  [grid_8225cdafb23c] seed=42 reward=3.340 succ=0.356 fk=0.707 adapt=0.777 (31s)
  [grid_3d6eb9dc554c] seed=42 reward=3.414 succ=0.093 fk=0.581 adapt=0.457 (32s)
  [grid_5445eea2bf97] seed=42 reward=3.467 succ=0.211 fk=0.616 adapt=0.677 (30s)
  [grid_97c765ff972c] seed=42 reward=3.539 succ=0.286 fk=0.678 adapt=0.681 (31s)
  [grid_aaac39779b68] seed=42 reward=3.331 succ=0.086 fk=0.594 adapt=0.473 (31s)
  [grid_3b1961848017] seed=42 reward=3.651 succ=0.176 fk=0.631 adapt=0.544 (30s)
  [grid_9e4f18054cf8] seed=42 reward=3.477 succ=0.110 fk=0.586 adapt=0.553 (32s)
  [grid_cf3d2487bb49] seed=42 reward=3.303 succ=0.241 fk=0.668 adapt=0.504 (32s)
  [grid_86801145568c] seed=42 reward=3.612 succ=0.091 fk=0.606 adapt=0.488 (30s)
  [grid_e0ea54276202] seed=42 reward=3.351 succ=0.068 fk=0.570 adapt=0.432 (32s)
  [grid_358c0da24517] seed=42 reward=3.166 succ=0.079 fk=0.568 adapt=0.439 (31s)
  [grid_40e2e2f9af3e] seed=42 reward=3.483 succ=0.107 fk=0.583 adapt=0.551 (30s)
  [grid_661eec4f060c] seed=42 reward=3.085 succ=0.046 fk=0.530 adapt=0.486 (31s)
  [grid_d372e0e0001a] seed=42 reward=3.303 succ=0.241 fk=0.668 adapt=0.504 (31s)
  [grid_007c022d51f4] seed=42 reward=3.612 succ=0.091 fk=0.606 adapt=0.488 (30s)
  [grid_cef5dc6c37f6] seed=42 reward=3.351 succ=0.068 fk=0.570 adapt=0.432 (32s)
  [grid_c2ecd97e439c] seed=42 reward=3.564 succ=0.218 fk=0.656 adapt=0.643 (37s)
  [grid_9f62a30c9412] seed=42 reward=3.483 succ=0.107 fk=0.583 adapt=0.551 (31s)
  [grid_676ad4c92e31] seed=42 reward=3.141 succ=0.031 fk=0.514 adapt=0.354 (34s)
  [grid_0b98e42235be] seed=42 reward=3.550 succ=0.054 fk=0.547 adapt=0.499 (31s)
  [grid_2429273d6b74] seed=42 reward=3.246 succ=0.082 fk=0.581 adapt=0.331 (31s)
  [grid_e8281fed99de] seed=42 reward=3.491 succ=0.320 fk=0.679 adapt=0.669 (31s)
  [grid_92da3c6be49e] seed=42 reward=3.490 succ=0.041 fk=0.552 adapt=0.441 (32s)
  [grid_58b9659a9915] seed=42 reward=3.415 succ=0.148 fk=0.611 adapt=0.613 (31s)
  [grid_daa5dd5bbe7f] seed=42 reward=3.357 succ=0.126 fk=0.584 adapt=0.589 (32s)
  [grid_2167100c48e7] seed=42 reward=3.512 succ=0.179 fk=0.626 adapt=0.413 (32s)
  [grid_8fe75df7bd87] seed=42 reward=3.243 succ=0.038 fk=0.537 adapt=0.423 (31s)
  [grid_2f01ac3e8076] seed=42 reward=3.254 succ=0.067 fk=0.550 adapt=0.439 (31s)
  [grid_ee4438cca95b] seed=42 reward=3.374 succ=0.095 fk=0.578 adapt=0.438 (31s)
  [grid_74e240b47cb4] seed=42 reward=2.990 succ=0.018 fk=0.497 adapt=0.204 (31s)
  [grid_6e9f5454a75b] seed=42 reward=3.265 succ=0.048 fk=0.526 adapt=0.469 (31s)
  [grid_f5c7929afe5d] seed=42 reward=3.150 succ=0.066 fk=0.559 adapt=0.508 (32s)
  [grid_4c52de44fc17] seed=42 reward=3.165 succ=0.049 fk=0.547 adapt=0.376 (30s)
  [grid_1826e19ee534] seed=42 reward=3.254 succ=0.067 fk=0.550 adapt=0.439 (31s)
  [grid_d409645c5579] seed=42 reward=3.374 succ=0.095 fk=0.578 adapt=0.438 (31s)
  [grid_d1b3132a0b72] seed=42 reward=2.937 succ=0.372 fk=0.733 adapt=0.832 (31s)
  [grid_3373ba060fc6] seed=42 reward=3.430 succ=0.125 fk=0.601 adapt=0.405 (31s)
  [grid_d30d81b29bcb] seed=42 reward=3.521 succ=0.036 fk=0.546 adapt=0.470 (32s)
  [grid_11ab794d23d2] seed=42 reward=3.466 succ=0.072 fk=0.574 adapt=0.399 (32s)
  [grid_948d284d3623] seed=42 reward=3.512 succ=0.032 fk=0.547 adapt=0.466 (32s)
  [grid_0782eea4b06e] seed=42 reward=3.468 succ=0.037 fk=0.546 adapt=0.454 (32s)
  [grid_330e3b0ab087] seed=42 reward=3.270 succ=0.117 fk=0.604 adapt=0.435 (31s)
  [grid_d734e114c3d6] seed=42 reward=3.351 succ=0.240 fk=0.661 adapt=0.593 (32s)
  [grid_64bdc394b88d] seed=42 reward=3.373 succ=0.049 fk=0.552 adapt=0.512 (33s)
  [grid_9ca20a28b534] seed=42 reward=3.188 succ=0.403 fk=0.732 adapt=0.851 (32s)
  [grid_b346da7b5d78] seed=42 reward=3.318 succ=0.153 fk=0.638 adapt=0.660 (32s)
  [grid_925694843a61] seed=42 reward=3.419 succ=0.045 fk=0.530 adapt=0.232 (32s)
  [grid_b154af5583c3] seed=42 reward=3.529 succ=0.130 fk=0.590 adapt=0.587 (32s)
  [grid_865acfc62607] seed=42 reward=3.481 succ=0.220 fk=0.645 adapt=0.655 (32s)
  [grid_8ea6a1c92e57] seed=42 reward=3.373 succ=0.049 fk=0.552 adapt=0.512 (32s)
  [grid_141033764e67] seed=42 reward=3.188 succ=0.403 fk=0.732 adapt=0.851 (32s)
  [grid_4affd9195ca4] seed=42 reward=3.318 succ=0.153 fk=0.638 adapt=0.660 (32s)
  [grid_2b0246df7835] seed=42 reward=3.419 succ=0.045 fk=0.530 adapt=0.232 (33s)
  [grid_81b49b3eac22] seed=42 reward=3.529 succ=0.130 fk=0.590 adapt=0.587 (31s)
  [grid_f055279ad1f6] seed=42 reward=3.405 succ=0.182 fk=0.612 adapt=0.642 (32s)
  [grid_5ade9858f554] seed=42 reward=3.374 succ=0.055 fk=0.548 adapt=0.426 (31s)
  [grid_a1f1349d3940] seed=42 reward=2.768 succ=0.109 fk=0.567 adapt=0.433 (30s)
  [grid_bcbad482af0f] seed=42 reward=3.253 succ=0.055 fk=0.543 adapt=0.353 (30s)
  [grid_9362826fe52f] seed=42 reward=3.300 succ=0.346 fk=0.672 adapt=0.753 (31s)
  [grid_3475172dcd0f] seed=42 reward=3.500 succ=0.045 fk=0.555 adapt=0.473 (30s)
  [grid_d57b7c657be8] seed=42 reward=3.416 succ=0.168 fk=0.606 adapt=0.594 (30s)
  [grid_edf9d55ba521] seed=42 reward=3.291 succ=0.045 fk=0.544 adapt=0.434 (31s)
  [grid_9056e168691b] seed=42 reward=3.359 succ=0.136 fk=0.627 adapt=0.460 (30s)
  [grid_82e229d15da1] seed=42 reward=3.071 succ=0.265 fk=0.694 adapt=0.731 (30s)
  [grid_134169e8df3c] seed=42 reward=3.414 succ=0.176 fk=0.621 adapt=0.677 (31s)
  [grid_48a597507617] seed=42 reward=3.352 succ=0.221 fk=0.640 adapt=0.675 (30s)
  [grid_f316b0426f1e] seed=42 reward=3.205 succ=0.031 fk=0.514 adapt=0.379 (31s)
  [grid_3a02fba063be] seed=42 reward=3.291 succ=0.045 fk=0.544 adapt=0.434 (31s)
  [grid_bc00b56e312b] seed=42 reward=3.003 succ=0.463 fk=0.761 adapt=0.968 (30s)
  [grid_673a7e9e81c9] seed=42 reward=3.071 succ=0.265 fk=0.694 adapt=0.731 (31s)
  [grid_df1527e64e15] seed=42 reward=3.469 succ=0.054 fk=0.555 adapt=0.464 (31s)
  [grid_8a7fd7b0b524] seed=42 reward=3.331 succ=0.111 fk=0.604 adapt=0.496 (30s)
  [grid_2587b14711b8] seed=42 reward=3.205 succ=0.031 fk=0.514 adapt=0.379 (30s)
  [grid_b77542fb132f] seed=42 reward=3.428 succ=0.074 fk=0.546 adapt=0.502 (31s)
  [grid_8f12f0b6c2ef] seed=42 reward=3.264 succ=0.112 fk=0.600 adapt=0.605 (30s)
  [grid_483962e09911] seed=42 reward=2.946 succ=0.126 fk=0.623 adapt=0.290 (31s)
  [grid_ca39c9b2de2c] seed=42 reward=3.410 succ=0.090 fk=0.504 adapt=0.353 (31s)
  [grid_4de9149fb451] seed=42 reward=3.570 succ=0.072 fk=0.571 adapt=0.484 (31s)
  [grid_fc2fa0b1e82c] seed=42 reward=3.355 succ=0.252 fk=0.667 adapt=0.689 (31s)
  [grid_d84406db0395] seed=42 reward=3.206 succ=0.351 fk=0.725 adapt=0.834 (32s)
  [grid_eaa54098a3d0] seed=42 reward=3.433 succ=0.224 fk=0.647 adapt=0.639 (30s)
  [grid_3d833752cc9e] seed=42 reward=2.904 succ=0.493 fk=0.770 adapt=0.996 (31s)
  [grid_c51df18307b8] seed=42 reward=3.166 succ=0.350 fk=0.704 adapt=0.759 (31s)
  [grid_9e33c6448e0d] seed=42 reward=3.616 succ=0.108 fk=0.600 adapt=0.535 (31s)
  [grid_2979054e96e8] seed=42 reward=3.063 succ=0.010 fk=0.475 adapt=0.241 (39s)
  [grid_f24002a946f0] seed=42 reward=3.437 succ=0.067 fk=0.554 adapt=0.380 (34s)
  [grid_3c71e3f1e9e1] seed=42 reward=3.229 succ=0.090 fk=0.579 adapt=0.519 (34s)
  [grid_84b5a4414258] seed=42 reward=3.240 succ=0.004 fk=0.466 adapt=0.294 (36s)
  [grid_b67b4a70886c] seed=42 reward=3.186 succ=0.065 fk=0.537 adapt=0.409 (33s)
  [grid_a39955eb1f20] seed=42 reward=3.455 succ=0.086 fk=0.568 adapt=0.519 (36s)
  [grid_718bb16f406a] seed=42 reward=3.214 succ=0.176 fk=0.664 adapt=0.717 (36s)
  [grid_e7fe13c7c734] seed=42 reward=3.384 succ=0.280 fk=0.685 adapt=0.723 (33s)
  [grid_a2edd8e18768] seed=42 reward=2.835 succ=0.516 fk=0.773 adapt=0.983 (36s)
  [grid_79b55be3703d] seed=42 reward=3.495 succ=0.071 fk=0.583 adapt=0.389 (36s)
  [grid_b79d70596a5a] seed=42 reward=3.279 succ=0.054 fk=0.533 adapt=0.253 (34s)
  [grid_6e69001e0dc9] seed=42 reward=3.438 succ=0.334 fk=0.671 adapt=0.757 (35s)
  [grid_1d9e7025feb5] seed=42 reward=3.214 succ=0.176 fk=0.664 adapt=0.717 (34s)
  [grid_3f8355770f8e] seed=42 reward=3.384 succ=0.280 fk=0.685 adapt=0.723 (31s)
  [grid_33cfa29c07eb] seed=42 reward=3.076 succ=0.069 fk=0.531 adapt=0.307 (32s)
  [grid_c12b10dc205f] seed=42 reward=3.224 succ=0.243 fk=0.685 adapt=0.683 (34s)
  [grid_4047e2ee5260] seed=42 reward=3.396 succ=0.114 fk=0.588 adapt=0.579 (34s)
  [grid_c992b49ce568] seed=42 reward=3.426 succ=0.077 fk=0.562 adapt=0.482 (31s)
  [grid_7b69d4147763] seed=42 reward=3.251 succ=0.309 fk=0.692 adapt=0.706 (32s)
  [grid_4b7a3b84f263] seed=42 reward=3.436 succ=0.247 fk=0.674 adapt=0.644 (30s)
  [grid_968df4f21b16] seed=42 reward=3.581 succ=0.067 fk=0.559 adapt=0.506 (31s)
  [grid_160269e4935e] seed=42 reward=3.391 succ=0.059 fk=0.544 adapt=0.544 (31s)
  [grid_f9b9c921a40c] seed=42 reward=3.604 succ=0.107 fk=0.584 adapt=0.507 (31s)
  [grid_8da80d5057a0] seed=42 reward=3.204 succ=0.092 fk=0.561 adapt=0.531 (32s)
  [grid_5d533e1c9a2e] seed=42 reward=3.064 succ=0.294 fk=0.690 adapt=0.718 (31s)
  [grid_3a4c23643fb1] seed=42 reward=3.169 succ=0.078 fk=0.585 adapt=0.478 (31s)
  [grid_d687cbe3cd9f] seed=42 reward=3.418 succ=0.035 fk=0.534 adapt=0.440 (32s)
  [grid_0d52421bbf3c] seed=42 reward=3.415 succ=0.029 fk=0.547 adapt=0.388 (31s)
  [grid_3ad1402df0a1] seed=42 reward=3.587 succ=0.086 fk=0.592 adapt=0.497 (30s)
  [grid_8edd9d22967f] seed=42 reward=3.416 succ=0.186 fk=0.629 adapt=0.529 (31s)
  [grid_b2ea3c437db6] seed=42 reward=3.145 succ=0.426 fk=0.731 adapt=0.786 (31s)
  [grid_ac0607cadf95] seed=42 reward=3.169 succ=0.078 fk=0.585 adapt=0.478 (30s)
  [grid_7753126fe826] seed=42 reward=3.418 succ=0.035 fk=0.534 adapt=0.440 (32s)
  [grid_a0c82742a713] seed=42 reward=3.273 succ=0.291 fk=0.695 adapt=0.746 (37s)
  [grid_7e7c9d8d5fc2] seed=42 reward=3.060 succ=0.027 fk=0.520 adapt=0.521 (31s)
  [grid_13f271f0a077] seed=42 reward=3.085 succ=0.046 fk=0.530 adapt=0.486 (33s)
  [grid_10d5c33b84ed] seed=42 reward=3.519 succ=0.112 fk=0.587 adapt=0.541 (32s)
  [grid_df84b9a37b45] seed=42 reward=3.074 succ=0.024 fk=0.515 adapt=0.382 (31s)
  [grid_a413aadbcdbc] seed=42 reward=3.455 succ=0.146 fk=0.608 adapt=0.548 (31s)
  [grid_c4520ca60661] seed=42 reward=3.037 succ=0.028 fk=0.531 adapt=0.453 (32s)
  [grid_ec96b76f9cf4] seed=42 reward=3.611 succ=0.100 fk=0.601 adapt=0.507 (31s)
  [grid_0d6de180c53a] seed=42 reward=3.582 succ=0.098 fk=0.575 adapt=0.512 (32s)
  [grid_11c0bcd118de] seed=42 reward=2.614 succ=0.299 fk=0.704 adapt=0.713 (32s)
  [grid_76dbcae8c310] seed=42 reward=3.165 succ=0.049 fk=0.547 adapt=0.376 (31s)
  [grid_7c25f4a73238] seed=42 reward=3.419 succ=0.150 fk=0.607 adapt=0.478 (31s)
  [grid_9a780b4e556c] seed=42 reward=3.489 succ=0.042 fk=0.536 adapt=0.449 (32s)
  [grid_3aadd78bafb2] seed=42 reward=3.218 succ=0.041 fk=0.529 adapt=0.440 (31s)
  [grid_70c546b4ffce] seed=42 reward=3.430 succ=0.125 fk=0.601 adapt=0.405 (31s)
  [grid_b4cdf51c47dd] seed=42 reward=3.512 succ=0.179 fk=0.626 adapt=0.413 (32s)
  [grid_cdf8e019299c] seed=42 reward=3.498 succ=0.084 fk=0.566 adapt=0.499 (31s)
  [grid_d1cd06528e0a] seed=42 reward=3.270 succ=0.232 fk=0.680 adapt=0.693 (31s)
  [grid_b6a2d33c74b3] seed=42 reward=3.205 succ=0.028 fk=0.517 adapt=0.456 (31s)
  [grid_48ea2ac485f5] seed=42 reward=2.990 succ=0.018 fk=0.497 adapt=0.204 (31s)
  [grid_11e1407305f7] seed=42 reward=3.310 succ=0.354 fk=0.709 adapt=0.778 (31s)
  [grid_ed3a35f07b52] seed=42 reward=3.511 succ=0.046 fk=0.543 adapt=0.492 (32s)
  [grid_dc7498e366b8] seed=42 reward=3.396 succ=0.074 fk=0.576 adapt=0.508 (32s)
  [grid_98cb05f61861] seed=42 reward=3.294 succ=0.017 fk=0.481 adapt=0.344 (32s)
  [grid_c44567693542] seed=42 reward=3.506 succ=0.043 fk=0.517 adapt=0.408 (32s)
  [grid_586fc7e7fe14] seed=42 reward=3.532 succ=0.083 fk=0.578 adapt=0.525 (32s)
  [grid_4b0dbfca209b] seed=42 reward=3.625 succ=0.121 fk=0.609 adapt=0.500 (32s)
  [grid_b2dfbe3858ae] seed=42 reward=3.350 succ=0.122 fk=0.621 adapt=0.546 (32s)
  [grid_5f73bd5de87f] seed=42 reward=3.397 succ=0.298 fk=0.680 adapt=0.578 (32s)
  [grid_d5055d191250] seed=42 reward=3.166 succ=0.159 fk=0.652 adapt=0.601 (32s)
  [grid_29056f30d5fa] seed=42 reward=3.286 succ=0.057 fk=0.548 adapt=0.429 (32s)
  [grid_e109d28a1451] seed=42 reward=3.512 succ=0.074 fk=0.570 adapt=0.475 (31s)
  [grid_6f21d56bd4d9] seed=42 reward=3.493 succ=0.140 fk=0.623 adapt=0.524 (32s)
  [grid_5e2fc04e45c7] seed=42 reward=3.350 succ=0.122 fk=0.621 adapt=0.546 (32s)
  [grid_f75b028efb4a] seed=42 reward=3.397 succ=0.298 fk=0.680 adapt=0.578 (32s)
  [grid_d9b3516f09db] seed=42 reward=3.499 succ=0.151 fk=0.611 adapt=0.582 (32s)
  [grid_c1bcf6f9d199] seed=42 reward=3.312 succ=0.069 fk=0.554 adapt=0.566 (33s)
  [grid_e6fa2414d81e] seed=42 reward=3.512 succ=0.074 fk=0.570 adapt=0.475 (31s)
  [grid_98504683ef90] seed=42 reward=3.493 succ=0.140 fk=0.623 adapt=0.524 (32s)
  [grid_a9da4336cdaa] seed=42 reward=2.588 succ=0.496 fk=0.762 adapt=0.709 (31s)
  [grid_80a87125853a] seed=42 reward=3.045 succ=0.034 fk=0.521 adapt=0.219 (30s)
  [grid_f09ab6c20889] seed=42 reward=3.116 succ=0.003 fk=0.407 adapt=0.080 (30s)
  [grid_2e94d778ffc0] seed=42 reward=3.006 succ=0.017 fk=0.486 adapt=0.064 (31s)
  [grid_f93c23659e05] seed=42 reward=2.929 succ=0.468 fk=0.743 adapt=0.802 (30s)
  [grid_7877643ff293] seed=42 reward=3.531 succ=0.063 fk=0.573 adapt=0.337 (30s)
  [grid_e51b7dd58753] seed=42 reward=3.618 succ=0.146 fk=0.626 adapt=0.499 (31s)
  [grid_f980779e84f7] seed=42 reward=3.090 succ=0.066 fk=0.571 adapt=0.541 (30s)
  [grid_bd0229e90539] seed=42 reward=3.055 succ=0.020 fk=0.470 adapt=0.010 (30s)
  [grid_75c26829e5e4] seed=42 reward=3.488 succ=0.077 fk=0.571 adapt=0.531 (31s)
  [grid_11c1ad8a699d] seed=42 reward=3.331 succ=0.111 fk=0.604 adapt=0.496 (30s)
  [grid_e725469e4c53] seed=42 reward=3.240 succ=0.050 fk=0.530 adapt=0.395 (31s)
  [grid_23f408109499] seed=42 reward=3.618 succ=0.146 fk=0.626 adapt=0.499 (31s)
  [grid_019b7057cb50] seed=42 reward=3.359 succ=0.136 fk=0.627 adapt=0.460 (30s)
  [grid_e92659f2499b] seed=42 reward=3.055 succ=0.020 fk=0.470 adapt=0.010 (31s)
  [grid_f2c6383807c5] seed=42 reward=3.488 succ=0.077 fk=0.571 adapt=0.531 (31s)
  [grid_903e6c596964] seed=42 reward=3.352 succ=0.221 fk=0.640 adapt=0.675 (30s)
  [grid_9feed6a8431e] seed=42 reward=3.240 succ=0.050 fk=0.530 adapt=0.395 (31s)
  [grid_f905c6562051] seed=42 reward=2.914 succ=0.337 fk=0.701 adapt=0.728 (31s)
  [grid_6de5df3e0dee] seed=42 reward=3.438 succ=0.074 fk=0.586 adapt=0.327 (30s)
  [grid_5f90343324f9] seed=42 reward=3.416 succ=0.145 fk=0.614 adapt=0.496 (31s)
  [grid_5fe6251c2345] seed=42 reward=3.549 succ=0.164 fk=0.592 adapt=0.576 (31s)
  [grid_d1bbd9a778b3] seed=42 reward=3.201 succ=0.012 fk=0.444 adapt=0.259 (30s)
  [grid_304307d702d9] seed=42 reward=3.199 succ=0.035 fk=0.476 adapt=0.114 (31s)
  [grid_5b121f22a82c] seed=42 reward=2.874 succ=0.117 fk=0.598 adapt=0.291 (32s)
  [grid_526733f6053b] seed=42 reward=3.023 succ=0.388 fk=0.735 adapt=0.842 (30s)
  [grid_dd345a79f2db] seed=42 reward=3.485 succ=0.072 fk=0.560 adapt=0.450 (31s)
  [grid_48ff0c13683e] seed=42 reward=3.404 succ=0.022 fk=0.517 adapt=0.409 (31s)
  [grid_a2b1c2410c4b] seed=42 reward=3.372 succ=0.035 fk=0.514 adapt=0.424 (31s)
  [grid_6c04a31ff071] seed=42 reward=3.122 succ=0.013 fk=0.472 adapt=0.315 (40s)
  [grid_bbe8e2731bdb] seed=42 reward=3.028 succ=0.032 fk=0.536 adapt=0.384 (34s)
  [grid_51497c281ab7] seed=42 reward=3.467 succ=0.073 fk=0.585 adapt=0.346 (34s)
  [grid_691407fefadd] seed=42 reward=3.300 succ=0.037 fk=0.535 adapt=0.495 (36s)
  [grid_71f7cb16356b] seed=42 reward=3.065 succ=0.024 fk=0.530 adapt=0.383 (32s)
  [grid_7f8eb156cf4a] seed=42 reward=3.333 succ=0.049 fk=0.544 adapt=0.238 (36s)
  [grid_da83970cd7af] seed=42 reward=2.750 succ=0.268 fk=0.717 adapt=0.779 (37s)
  [grid_eb90319c74d7] seed=42 reward=3.256 succ=0.038 fk=0.535 adapt=0.500 (33s)
  [grid_aa4a4eccaf0f] seed=42 reward=3.107 succ=0.375 fk=0.725 adapt=0.783 (36s)
  [grid_508db240e51c] seed=42 reward=3.398 succ=0.109 fk=0.619 adapt=0.452 (36s)
  [grid_d26869245490] seed=42 reward=3.168 succ=0.031 fk=0.533 adapt=0.487 (33s)
  [grid_b77ca1c0ba5d] seed=42 reward=3.426 succ=0.077 fk=0.562 adapt=0.482 (35s)
  [grid_3baf607a4366] seed=42 reward=2.750 succ=0.268 fk=0.717 adapt=0.779 (34s)
  [grid_40abe477521e] seed=42 reward=3.256 succ=0.038 fk=0.535 adapt=0.500 (31s)
  [grid_dabcaa31ce61] seed=42 reward=3.107 succ=0.375 fk=0.725 adapt=0.783 (32s)
  [grid_3a653d394cd6] seed=42 reward=3.398 succ=0.109 fk=0.619 adapt=0.452 (34s)
  [grid_ca2b31fe99cb] seed=42 reward=3.168 succ=0.031 fk=0.533 adapt=0.487 (34s)
  [grid_7ca53aec2bea] seed=42 reward=3.438 succ=0.334 fk=0.671 adapt=0.757 (32s)
  [grid_d327734d72a1] seed=42 reward=2.709 succ=0.515 fk=0.775 adapt=0.972 (31s)
  [grid_e9a55f87292a] seed=42 reward=2.946 succ=0.497 fk=0.764 adapt=0.968 (30s)
  [grid_2ff57ca16ddc] seed=42 reward=3.223 succ=0.377 fk=0.721 adapt=0.805 (31s)
  [grid_e06c9c74e57a] seed=42 reward=3.414 succ=0.095 fk=0.583 adapt=0.468 (31s)
  [grid_af31d4beb815] seed=42 reward=3.605 succ=0.063 fk=0.591 adapt=0.467 (31s)
  [grid_203c009444cc] seed=42 reward=3.562 succ=0.241 fk=0.651 adapt=0.631 (32s)
  [grid_a9e16352faba] seed=42 reward=2.889 succ=0.500 fk=0.770 adapt=0.993 (32s)
  [grid_4b3b235e9bf1] seed=42 reward=3.151 succ=0.342 fk=0.707 adapt=0.620 (30s)
  [grid_22021a4db3bd] seed=42 reward=3.125 succ=0.320 fk=0.707 adapt=0.659 (31s)
  [grid_59b8e43b8485] seed=42 reward=3.273 succ=0.291 fk=0.695 adapt=0.746 (31s)
  [grid_950065e9cc78] seed=42 reward=3.060 succ=0.027 fk=0.520 adapt=0.521 (30s)
  [grid_61e62ab1f3da] seed=42 reward=3.274 succ=0.059 fk=0.549 adapt=0.571 (31s)
  [grid_2b5e4fcd54ac] seed=42 reward=2.889 succ=0.500 fk=0.770 adapt=0.993 (31s)
  [grid_33d1d0136413] seed=42 reward=3.151 succ=0.342 fk=0.707 adapt=0.620 (30s)
  [grid_74139a0a9d2c] seed=42 reward=3.125 succ=0.320 fk=0.707 adapt=0.659 (32s)
  [grid_25dc2c9a18c3] seed=42 reward=3.415 succ=0.029 fk=0.547 adapt=0.388 (37s)
  [grid_10d37a466be3] seed=42 reward=3.587 succ=0.086 fk=0.592 adapt=0.497 (31s)
  [grid_dd39f49f1c8b] seed=42 reward=3.274 succ=0.059 fk=0.549 adapt=0.571 (33s)
  [grid_33b6b2541e0f] seed=42 reward=3.599 succ=0.104 fk=0.605 adapt=0.502 (32s)
  [grid_62bdd4bec5c0] seed=42 reward=3.345 succ=0.177 fk=0.668 adapt=0.661 (30s)
  [grid_85fe2b690ef0] seed=42 reward=3.362 succ=0.072 fk=0.541 adapt=0.467 (31s)
  [grid_393e18c4b743] seed=42 reward=3.542 succ=0.293 fk=0.666 adapt=0.684 (32s)
  [grid_e945786dcf62] seed=42 reward=3.388 succ=0.121 fk=0.587 adapt=0.455 (30s)
  [grid_6010480db6f7] seed=42 reward=3.295 succ=0.195 fk=0.611 adapt=0.367 (32s)
  [grid_82a9c2aaf4c1] seed=42 reward=3.247 succ=0.417 fk=0.730 adapt=0.821 (32s)
  [grid_dd8980e2d439] seed=42 reward=3.206 succ=0.040 fk=0.521 adapt=0.140 (31s)
  [grid_636e1430c870] seed=42 reward=3.623 succ=0.066 fk=0.589 adapt=0.481 (31s)
  [grid_4a1323bc6a34] seed=42 reward=3.375 succ=0.053 fk=0.536 adapt=0.526 (32s)
  [grid_3c1c94d1bdaf] seed=42 reward=3.345 succ=0.047 fk=0.545 adapt=0.404 (30s)
  [grid_83b91b00b3a1] seed=42 reward=3.466 succ=0.048 fk=0.515 adapt=0.402 (31s)
  [grid_983368c2d824] seed=42 reward=3.247 succ=0.417 fk=0.730 adapt=0.821 (32s)
  [grid_37ab56ebbe40] seed=42 reward=3.206 succ=0.040 fk=0.521 adapt=0.140 (30s)
  [grid_d0cd30782a96] seed=42 reward=3.623 succ=0.066 fk=0.589 adapt=0.481 (31s)
  [grid_291ab20f2fdf] seed=42 reward=3.375 succ=0.053 fk=0.536 adapt=0.526 (32s)
  [grid_eddd049c4c69] seed=42 reward=3.345 succ=0.047 fk=0.545 adapt=0.404 (31s)
  [grid_e05e7efa6ac5] seed=42 reward=3.466 succ=0.048 fk=0.515 adapt=0.402 (31s)
  [grid_3f7b67586f35] seed=42 reward=3.066 succ=0.017 fk=0.497 adapt=0.212 (32s)
  [grid_88bb99c7bec4] seed=42 reward=3.099 succ=0.479 fk=0.755 adapt=0.874 (31s)
  [grid_8deba9c32d60] seed=42 reward=3.401 succ=0.083 fk=0.571 adapt=0.319 (32s)
  [grid_378c2c8d6b0b] seed=42 reward=3.484 succ=0.084 fk=0.577 adapt=0.488 (32s)
  [grid_9a493b65e705] seed=42 reward=3.452 succ=0.040 fk=0.532 adapt=0.315 (31s)
  [grid_8cf41502b981] seed=42 reward=3.272 succ=0.069 fk=0.545 adapt=0.527 (32s)
  [grid_3aac1796a756] seed=42 reward=3.264 succ=0.073 fk=0.562 adapt=0.554 (33s)
  [grid_eef7cbbe2826] seed=42 reward=3.274 succ=0.345 fk=0.709 adapt=0.774 (32s)
  [grid_428b1c41055a] seed=42 reward=3.433 succ=0.137 fk=0.588 adapt=0.522 (32s)
  [grid_e929cceb8e39] seed=42 reward=3.288 succ=0.057 fk=0.547 adapt=0.483 (32s)
  [grid_25c4a646dd08] seed=42 reward=3.274 succ=0.052 fk=0.553 adapt=0.462 (32s)
  [grid_9023fbad70ee] seed=42 reward=3.492 succ=0.320 fk=0.664 adapt=0.743 (32s)
  [grid_89d308849021] seed=42 reward=3.264 succ=0.073 fk=0.562 adapt=0.554 (32s)
  [grid_2f3a0a7ed94d] seed=42 reward=3.274 succ=0.345 fk=0.709 adapt=0.774 (32s)
  [grid_b33e14cfdd71] seed=42 reward=3.433 succ=0.137 fk=0.588 adapt=0.522 (32s)
  [grid_5cf75b1694f5] seed=42 reward=3.288 succ=0.057 fk=0.547 adapt=0.483 (33s)
  [grid_d50f1278cf54] seed=42 reward=3.274 succ=0.052 fk=0.553 adapt=0.462 (31s)
  [grid_ce670a58adc4] seed=42 reward=3.492 succ=0.320 fk=0.664 adapt=0.743 (32s)
  [grid_23588b3243bb] seed=42 reward=3.003 succ=0.010 fk=0.461 adapt=0.237 (31s)
  [grid_65ad6578c2ee] seed=42 reward=3.136 succ=0.086 fk=0.567 adapt=0.528 (30s)
  [grid_3cb56ef295ab] seed=42 reward=3.114 succ=0.098 fk=0.576 adapt=0.406 (30s)
  [grid_74d2146e2eef] seed=42 reward=3.436 succ=0.051 fk=0.512 adapt=0.354 (31s)
  [grid_eaf7dc4cc1fc] seed=42 reward=3.071 succ=0.041 fk=0.515 adapt=0.284 (30s)
  [grid_1908556c9d82] seed=42 reward=3.495 succ=0.036 fk=0.527 adapt=0.464 (30s)
  [grid_01c9bc0a2ba9] seed=42 reward=2.223 succ=0.171 fk=0.603 adapt=0.334 (31s)
  [grid_072634b9a7b2] seed=42 reward=3.214 succ=0.305 fk=0.695 adapt=0.631 (30s)
  [grid_7d6d3b6e1f57] seed=42 reward=2.978 succ=0.440 fk=0.749 adapt=0.759 (30s)
  [grid_963a27f1cadd] seed=42 reward=2.829 succ=0.352 fk=0.696 adapt=0.711 (31s)
  [grid_10818507ebf1] seed=42 reward=3.366 succ=0.105 fk=0.577 adapt=0.413 (30s)
  [grid_7f966945796c] seed=42 reward=3.549 succ=0.111 fk=0.593 adapt=0.522 (30s)
  [grid_3239c7df95ac] seed=42 reward=2.223 succ=0.171 fk=0.603 adapt=0.334 (31s)
  [grid_4b514839df9b] seed=42 reward=3.214 succ=0.305 fk=0.695 adapt=0.631 (30s)
  [grid_dcd30f5f053e] seed=42 reward=2.978 succ=0.440 fk=0.749 adapt=0.759 (31s)
  [grid_3b12aeae166f] seed=42 reward=2.829 succ=0.352 fk=0.696 adapt=0.711 (31s)
  [grid_8122fdb054fa] seed=42 reward=3.366 succ=0.105 fk=0.577 adapt=0.413 (30s)
  [grid_820f5b8d7b2e] seed=42 reward=3.549 succ=0.111 fk=0.593 adapt=0.522 (31s)
  [grid_b4566cbf593e] seed=42 reward=2.946 succ=0.030 fk=0.480 adapt=0.161 (31s)
  [grid_4719d884f8a9] seed=42 reward=3.283 succ=0.283 fk=0.673 adapt=0.617 (30s)
  [grid_1b431dca9291] seed=42 reward=3.337 succ=0.268 fk=0.659 adapt=0.490 (31s)
  [grid_4671c2d933cb] seed=42 reward=3.531 succ=0.206 fk=0.627 adapt=0.578 (31s)
  [grid_54e7e8a31c00] seed=42 reward=3.373 succ=0.020 fk=0.485 adapt=0.309 (30s)
  [grid_c8ede6247ea0] seed=42 reward=3.255 succ=0.048 fk=0.518 adapt=0.309 (31s)
  [grid_199295616447] seed=42 reward=3.174 succ=0.015 fk=0.488 adapt=0.157 (32s)
  [grid_29a070d00170] seed=42 reward=2.689 succ=0.405 fk=0.737 adapt=0.712 (30s)
  [grid_66e8f9ad9c57] seed=42 reward=3.288 succ=0.042 fk=0.528 adapt=0.469 (31s)
  [grid_873bde1889cb] seed=42 reward=3.526 succ=0.047 fk=0.548 adapt=0.455 (31s)
  [grid_f6c4216025f0] seed=42 reward=3.339 succ=0.009 fk=0.466 adapt=0.276 (31s)
  [grid_04ea83ae7c7c] seed=42 reward=2.954 succ=0.024 fk=0.519 adapt=0.060 (39s)
  [grid_02980e3ae0d9] seed=42 reward=2.694 succ=0.274 fk=0.697 adapt=0.483 (34s)
  [grid_1cbd036306f5] seed=42 reward=3.037 succ=0.029 fk=0.508 adapt=0.193 (34s)
  [grid_1ca2a22516e4] seed=42 reward=3.014 succ=0.010 fk=0.472 adapt=0.046 (36s)
  [grid_3609a26d059a] seed=42 reward=3.344 succ=0.082 fk=0.560 adapt=0.382 (34s)
  [grid_6a7fce62c526] seed=42 reward=3.361 succ=0.154 fk=0.623 adapt=0.357 (36s)
  [grid_173f79e15e84] seed=42 reward=3.285 succ=0.032 fk=0.531 adapt=0.432 (37s)
  [grid_6db08c1386b1] seed=42 reward=3.399 succ=0.033 fk=0.544 adapt=0.523 (35s)
  [grid_5cd062ab17c2] seed=42 reward=2.970 succ=0.460 fk=0.755 adapt=0.816 (35s)
  [grid_759a08f6a83a] seed=42 reward=3.227 succ=0.143 fk=0.629 adapt=0.489 (36s)
  [grid_83f6958f5127] seed=42 reward=3.435 succ=0.317 fk=0.678 adapt=0.710 (34s)
  [grid_0a75481fd030] seed=42 reward=3.109 succ=0.450 fk=0.741 adapt=0.885 (34s)
  [grid_b4932be411bb] seed=42 reward=3.281 succ=0.257 fk=0.681 adapt=0.535 (34s)
  [grid_26c606e197b4] seed=42 reward=3.399 succ=0.033 fk=0.544 adapt=0.523 (32s)
  [grid_211d52ca0a90] seed=42 reward=3.516 succ=0.029 fk=0.540 adapt=0.464 (32s)
  [grid_e4daf4187774] seed=42 reward=3.227 succ=0.143 fk=0.629 adapt=0.489 (34s)
  [grid_09356d2207d9] seed=42 reward=3.435 succ=0.317 fk=0.678 adapt=0.710 (36s)
  [grid_ff561983c5f8] seed=42 reward=3.109 succ=0.450 fk=0.741 adapt=0.885 (31s)
  [grid_12ebf2f14825] seed=42 reward=3.228 succ=0.059 fk=0.542 adapt=0.548 (31s)
  [grid_b395392bad77] seed=42 reward=3.207 succ=0.051 fk=0.539 adapt=0.554 (31s)
  [grid_1e48a03fc4e3] seed=42 reward=3.192 succ=0.004 fk=0.422 adapt=0.180 (31s)
  [grid_6a1c6859f9e7] seed=42 reward=3.563 succ=0.052 fk=0.546 adapt=0.503 (31s)
  [grid_a24844199085] seed=42 reward=3.516 succ=0.124 fk=0.585 adapt=0.549 (32s)
  [grid_8aeb5273b023] seed=42 reward=3.552 succ=0.122 fk=0.596 adapt=0.522 (31s)
  [grid_915a97edf2a9] seed=42 reward=3.589 succ=0.121 fk=0.618 adapt=0.504 (31s)
  [grid_29ac07e2dc44] seed=42 reward=3.338 succ=0.010 fk=0.480 adapt=0.325 (32s)
  [grid_beb520bfb401] seed=42 reward=3.080 succ=0.074 fk=0.570 adapt=0.530 (31s)
  [grid_30f6aacc6755] seed=42 reward=3.459 succ=0.073 fk=0.572 adapt=0.309 (31s)
  [grid_79b21e381618] seed=42 reward=3.430 succ=0.032 fk=0.508 adapt=0.423 (31s)
  [grid_d19d908603ff] seed=42 reward=3.449 succ=0.178 fk=0.618 adapt=0.584 (30s)
  [grid_5c0cfd40c6f0] seed=42 reward=3.533 succ=0.087 fk=0.602 adapt=0.442 (31s)
  [grid_3852c2c11b0b] seed=42 reward=3.367 succ=0.042 fk=0.568 adapt=0.484 (31s)
  [grid_5ab7612ffcee] seed=42 reward=3.080 succ=0.074 fk=0.570 adapt=0.530 (34s)
  [grid_8a6ef6903127] seed=42 reward=3.459 succ=0.073 fk=0.572 adapt=0.309 (35s)
  [grid_3abefc67ec2d] seed=42 reward=3.433 succ=0.134 fk=0.607 adapt=0.567 (33s)
  [grid_84cf7922d170] seed=42 reward=3.084 succ=0.036 fk=0.550 adapt=0.455 (32s)
  [grid_dfdde6c1e022] seed=42 reward=3.299 succ=0.042 fk=0.545 adapt=0.464 (32s)
  [grid_6c23727afd7b] seed=42 reward=3.360 succ=0.194 fk=0.661 adapt=0.673 (32s)
  [grid_c5f1ed94ff95] seed=42 reward=2.944 succ=0.021 fk=0.510 adapt=0.371 (31s)
  [grid_b3d0663684ba] seed=42 reward=3.380 succ=0.368 fk=0.719 adapt=0.619 (31s)
  [grid_caed90ee35a4] seed=42 reward=3.215 succ=0.061 fk=0.541 adapt=0.565 (32s)
  [grid_e1c217997f06] seed=42 reward=3.483 succ=0.080 fk=0.563 adapt=0.490 (31s)
  [grid_ffb039f12ea4] seed=42 reward=2.945 succ=0.285 fk=0.709 adapt=0.766 (31s)
  [grid_1d960f6324bb] seed=42 reward=2.963 succ=0.345 fk=0.728 adapt=0.786 (32s)
  [grid_e11fd6255462] seed=42 reward=3.403 succ=0.168 fk=0.628 adapt=0.361 (31s)
  [grid_84206ed9c078] seed=42 reward=3.546 succ=0.056 fk=0.572 adapt=0.400 (31s)
  [grid_625c7eac5d93] seed=42 reward=3.464 succ=0.137 fk=0.612 adapt=0.451 (32s)
  [grid_e8537589bd3e] seed=42 reward=3.424 succ=0.212 fk=0.633 adapt=0.623 (31s)
  [grid_dedd20e713c5] seed=42 reward=2.827 succ=0.460 fk=0.757 adapt=0.892 (32s)
  [grid_c68f05bbf95a] seed=42 reward=3.496 succ=0.136 fk=0.602 adapt=0.511 (32s)
  [grid_6c722f6d0643] seed=42 reward=3.349 succ=0.029 fk=0.520 adapt=0.410 (31s)
  [grid_dd42683da298] seed=42 reward=3.433 succ=0.069 fk=0.546 adapt=0.486 (32s)
  [grid_e3aa9249afed] seed=42 reward=2.980 succ=0.393 fk=0.738 adapt=0.845 (32s)
  [grid_35f4cd64604e] seed=42 reward=3.514 succ=0.139 fk=0.596 adapt=0.498 (31s)
  [grid_7b3b55bb9af6] seed=42 reward=3.364 succ=0.146 fk=0.587 adapt=0.589 (32s)
  [grid_59f1136288a9] seed=42 reward=3.438 succ=0.303 fk=0.676 adapt=0.762 (33s)
  [grid_4554238505e1] seed=42 reward=3.423 succ=0.285 fk=0.681 adapt=0.668 (32s)
  [grid_42df31405cf3] seed=42 reward=3.080 succ=0.046 fk=0.538 adapt=0.356 (33s)
  [grid_2f652dc72482] seed=42 reward=3.334 succ=0.053 fk=0.529 adapt=0.417 (32s)
  [grid_95a6fd924e1e] seed=42 reward=3.382 succ=0.119 fk=0.558 adapt=0.342 (32s)
  [grid_f1b41375c8e8] seed=42 reward=3.365 succ=0.140 fk=0.642 adapt=0.415 (33s)
  [grid_c45530406f46] seed=42 reward=3.097 succ=0.052 fk=0.541 adapt=0.495 (33s)
  [grid_f7dd58e06237] seed=42 reward=3.305 succ=0.264 fk=0.685 adapt=0.704 (31s)
  [grid_741c44dfecb2] seed=42 reward=3.168 succ=0.045 fk=0.542 adapt=0.503 (32s)
  [grid_fa39b8eba628] seed=42 reward=3.451 succ=0.096 fk=0.576 adapt=0.434 (33s)
  [grid_fd2fe656248e] seed=42 reward=3.414 succ=0.063 fk=0.544 adapt=0.497 (32s)
  [grid_de8af7e00a72] seed=42 reward=3.365 succ=0.140 fk=0.642 adapt=0.415 (33s)
  [grid_c5c511506b41] seed=42 reward=3.097 succ=0.052 fk=0.541 adapt=0.495 (33s)
  [grid_0888b0ee0461] seed=42 reward=3.305 succ=0.264 fk=0.685 adapt=0.704 (32s)
  [grid_7151087ab332] seed=42 reward=3.239 succ=0.307 fk=0.705 adapt=0.684 (33s)
  [grid_0584ef7d4572] seed=42 reward=3.451 succ=0.096 fk=0.576 adapt=0.434 (33s)
  [grid_7e2d70d66795] seed=42 reward=3.414 succ=0.063 fk=0.544 adapt=0.497 (31s)
  [grid_6ea46732d789] seed=42 reward=3.038 succ=0.161 fk=0.627 adapt=0.303 (31s)
  [grid_d26d7caffb1b] seed=42 reward=3.410 succ=0.113 fk=0.589 adapt=0.567 (31s)
  [grid_1757b3d4c73c] seed=42 reward=3.495 succ=0.060 fk=0.563 adapt=0.497 (30s)
  [grid_8f201a51c300] seed=42 reward=3.333 succ=0.022 fk=0.488 adapt=0.181 (31s)
  [grid_eb8e1909b21c] seed=42 reward=3.203 succ=0.406 fk=0.730 adapt=0.851 (31s)
  [grid_dd4da44008fd] seed=42 reward=3.368 succ=0.128 fk=0.574 adapt=0.473 (30s)
  [grid_665a7b5f1147] seed=42 reward=2.394 succ=0.475 fk=0.760 adapt=0.610 (31s)
  [grid_17876bf078c5] seed=42 reward=3.199 succ=0.021 fk=0.482 adapt=0.118 (31s)
  [grid_8f787e2f130a] seed=42 reward=3.238 succ=0.277 fk=0.676 adapt=0.436 (30s)
  [grid_b9c4e86fe1fb] seed=42 reward=3.207 succ=0.052 fk=0.514 adapt=0.163 (31s)
  [grid_e6fa6ca9ee27] seed=42 reward=3.435 succ=0.051 fk=0.529 adapt=0.411 (31s)
  [grid_bf11c94b8c15] seed=42 reward=3.403 succ=0.270 fk=0.660 adapt=0.696 (30s)
  [grid_cff84ee07b04] seed=42 reward=2.851 succ=0.254 fk=0.655 adapt=0.331 (31s)
  [grid_f9cb43ddc921] seed=42 reward=2.815 succ=0.514 fk=0.774 adapt=0.997 (31s)
  [grid_be3fee097fae] seed=42 reward=3.228 succ=0.286 fk=0.690 adapt=0.667 (31s)
  [grid_4af305679469] seed=42 reward=3.274 succ=0.024 fk=0.510 adapt=0.155 (31s)
  [grid_35dcedd8c59c] seed=42 reward=3.435 succ=0.051 fk=0.529 adapt=0.411 (31s)
  [grid_5b4d0ddc2893] seed=42 reward=3.403 succ=0.270 fk=0.660 adapt=0.696 (30s)
  [grid_c3761f3de384] seed=42 reward=3.364 succ=0.021 fk=0.534 adapt=0.423 (31s)
  [grid_89347c7b4de5] seed=42 reward=3.121 succ=0.030 fk=0.520 adapt=0.365 (32s)
  [grid_a53b419edbee] seed=42 reward=3.271 succ=0.010 fk=0.442 adapt=0.187 (31s)
  [grid_8f64dfe14e66] seed=42 reward=3.539 succ=0.054 fk=0.547 adapt=0.497 (31s)
  [grid_5d5d88276eca] seed=42 reward=3.322 succ=0.028 fk=0.503 adapt=0.414 (32s)
  [grid_650dfb4591f2] seed=42 reward=3.575 succ=0.103 fk=0.587 adapt=0.427 (31s)
  [grid_39bdc65c6820] seed=42 reward=3.509 succ=0.206 fk=0.628 adapt=0.613 (32s)
  [grid_7194bad93295] seed=42 reward=3.059 succ=0.299 fk=0.698 adapt=0.761 (31s)
  [grid_16ac6a5063a3] seed=42 reward=3.465 succ=0.048 fk=0.567 adapt=0.462 (31s)
  [grid_82fe78f49699] seed=42 reward=3.264 succ=0.059 fk=0.537 adapt=0.474 (31s)
  [grid_e5717dc055a1] seed=42 reward=3.511 succ=0.085 fk=0.556 adapt=0.503 (32s)
  [grid_c2c9aa278d26] seed=42 reward=3.570 succ=0.097 fk=0.599 adapt=0.446 (40s)
  [grid_8462d4323301] seed=42 reward=3.341 succ=0.129 fk=0.613 adapt=0.616 (35s)
  [grid_e696c3a3f394] seed=42 reward=3.402 succ=0.161 fk=0.648 adapt=0.641 (34s)
  [grid_26c069668e3c] seed=42 reward=2.692 succ=0.460 fk=0.743 adapt=0.801 (35s)
  [grid_7f6932a661f0] seed=42 reward=3.131 succ=0.069 fk=0.576 adapt=0.514 (34s)
  [grid_5c94e88f84f6] seed=42 reward=3.322 succ=0.052 fk=0.535 adapt=0.538 (36s)
  [grid_496d6ebf293f] seed=42 reward=2.804 succ=0.304 fk=0.712 adapt=0.726 (36s)
  [grid_6c3df7d3a88d] seed=42 reward=2.989 succ=0.060 fk=0.555 adapt=0.400 (35s)
  [grid_022c1fa3919a] seed=42 reward=3.516 succ=0.029 fk=0.540 adapt=0.464 (35s)
  [grid_b3cd9a1d8dea] seed=42 reward=3.117 succ=0.475 fk=0.755 adapt=0.892 (36s)
  [grid_bc7def5bd1d1] seed=42 reward=3.308 succ=0.054 fk=0.531 adapt=0.528 (35s)
  [grid_98b2996f6ab2] seed=42 reward=3.032 succ=0.036 fk=0.521 adapt=0.487 (34s)
  [grid_52df0abd0682] seed=42 reward=2.804 succ=0.304 fk=0.712 adapt=0.726 (33s)
  [grid_0764746a35d9] seed=42 reward=2.989 succ=0.060 fk=0.555 adapt=0.400 (32s)
  [grid_d03c835bda4f] seed=42 reward=3.087 succ=0.349 fk=0.719 adapt=0.742 (31s)
  [grid_ee030be7912f] seed=42 reward=2.993 succ=0.270 fk=0.690 adapt=0.477 (34s)
  [grid_f9e002996557] seed=42 reward=3.494 succ=0.062 fk=0.600 adapt=0.478 (35s)
  [grid_d4a730f309a2] seed=42 reward=3.596 succ=0.083 fk=0.574 adapt=0.506 (31s)
  [grid_1e6910a5c649] seed=42 reward=3.371 succ=0.016 fk=0.518 adapt=0.383 (31s)
  [grid_f058537204e9] seed=42 reward=3.540 succ=0.103 fk=0.597 adapt=0.505 (31s)
  [grid_0b08e7d093bf] seed=42 reward=3.526 succ=0.076 fk=0.598 adapt=0.497 (31s)
  [grid_d7c6d80aad3f] seed=42 reward=3.452 succ=0.173 fk=0.647 adapt=0.597 (31s)
  [grid_3c8fe53bd245] seed=42 reward=3.218 succ=0.098 fk=0.579 adapt=0.584 (32s)
  [grid_5dbc3bd84cf5] seed=42 reward=3.439 succ=0.115 fk=0.568 adapt=0.598 (32s)
  [grid_19945d2b9b1a] seed=42 reward=3.533 succ=0.087 fk=0.602 adapt=0.442 (31s)
  [grid_a72fd4165a45] seed=42 reward=3.095 succ=0.051 fk=0.543 adapt=0.426 (32s)
  [grid_17914a505deb] seed=42 reward=3.523 succ=0.089 fk=0.590 adapt=0.383 (31s)
  [grid_05ad6e0e570d] seed=42 reward=3.344 succ=0.219 fk=0.656 adapt=0.657 (31s)
  [grid_ba7b9aec88f1] seed=42 reward=3.102 succ=0.400 fk=0.725 adapt=0.819 (31s)
  [grid_88388f21f0f1] seed=42 reward=3.398 succ=0.048 fk=0.553 adapt=0.332 (31s)
  [grid_69f046b997d5] seed=42 reward=2.897 succ=0.457 fk=0.756 adapt=0.839 (31s)
  [grid_27aa0cd7c2fb] seed=42 reward=3.387 succ=0.298 fk=0.680 adapt=0.752 (31s)
  [grid_ae9ab1d2b6c0] seed=42 reward=3.394 succ=0.013 fk=0.479 adapt=0.318 (34s)
  [grid_ff3340d9e42c] seed=42 reward=3.298 succ=0.174 fk=0.649 adapt=0.507 (35s)
  [grid_baefdc6cdcac] seed=42 reward=3.430 succ=0.032 fk=0.508 adapt=0.423 (32s)
  [grid_b8350672095e] seed=42 reward=3.398 succ=0.048 fk=0.553 adapt=0.332 (32s)
  [grid_7d787d1313a5] seed=42 reward=3.316 succ=0.063 fk=0.553 adapt=0.519 (32s)
  [grid_3b5a70914822] seed=42 reward=3.570 succ=0.186 fk=0.631 adapt=0.636 (32s)
  [grid_aed03fe625fb] seed=42 reward=3.474 succ=0.143 fk=0.613 adapt=0.363 (31s)
  [grid_20d66ba1f49a] seed=42 reward=3.337 succ=0.049 fk=0.545 adapt=0.524 (31s)
  [grid_b82296bff07d] seed=42 reward=3.456 succ=0.084 fk=0.578 adapt=0.382 (32s)
  [grid_5df274e5686e] seed=42 reward=3.488 succ=0.062 fk=0.555 adapt=0.494 (31s)
  [grid_f19313a2117f] seed=42 reward=3.147 succ=0.036 fk=0.556 adapt=0.320 (32s)
  [grid_de1d09952d07] seed=42 reward=3.184 succ=0.034 fk=0.534 adapt=0.431 (32s)
  [grid_449ad1b89641] seed=42 reward=3.349 succ=0.029 fk=0.520 adapt=0.410 (31s)
  [grid_241c40be3a24] seed=42 reward=3.373 succ=0.057 fk=0.551 adapt=0.550 (32s)
  [grid_c0f41a3be0c0] seed=42 reward=3.345 succ=0.077 fk=0.567 adapt=0.472 (32s)
  [grid_299eae41f778] seed=42 reward=3.483 succ=0.166 fk=0.619 adapt=0.556 (31s)
  [grid_49d8fa702ff4] seed=42 reward=3.147 succ=0.036 fk=0.556 adapt=0.320 (32s)
  [grid_37f624c4b7f2] seed=42 reward=3.287 succ=0.057 fk=0.535 adapt=0.483 (32s)
  [grid_eacabee0fc71] seed=42 reward=3.451 succ=0.142 fk=0.616 adapt=0.427 (31s)
  [grid_3969d9b507b5] seed=42 reward=3.373 succ=0.057 fk=0.551 adapt=0.550 (32s)
  [grid_31aba07a028e] seed=42 reward=3.464 succ=0.137 fk=0.612 adapt=0.451 (32s)
  [grid_cbb3f8d57575] seed=42 reward=3.424 succ=0.212 fk=0.633 adapt=0.623 (31s)
  [grid_d5b1c9a927ef] seed=42 reward=3.306 succ=0.239 fk=0.664 adapt=0.610 (32s)
  [grid_d32298a5d365] seed=42 reward=3.230 succ=0.037 fk=0.519 adapt=0.292 (33s)
  [grid_3a8c1e3d66b1] seed=42 reward=3.224 succ=0.045 fk=0.539 adapt=0.421 (32s)
  [grid_c60e9011c139] seed=42 reward=3.297 succ=0.254 fk=0.675 adapt=0.663 (33s)
  [grid_db7474c1d282] seed=42 reward=3.592 succ=0.130 fk=0.613 adapt=0.495 (32s)
  [grid_912f6a63830a] seed=42 reward=3.277 succ=0.050 fk=0.536 adapt=0.546 (32s)
  [grid_b6a03e08ff5d] seed=42 reward=3.410 succ=0.053 fk=0.565 adapt=0.410 (33s)
  [grid_38b8cb76fc65] seed=42 reward=3.506 succ=0.087 fk=0.558 adapt=0.482 (33s)
  [grid_5edbc4972c19] seed=42 reward=3.455 succ=0.185 fk=0.642 adapt=0.666 (32s)
  [grid_77ad7fc1acab] seed=42 reward=3.194 succ=0.084 fk=0.566 adapt=0.546 (32s)
  [grid_56239852e110] seed=42 reward=3.304 succ=0.081 fk=0.579 adapt=0.486 (32s)
  [grid_49dd7ac90279] seed=42 reward=3.371 succ=0.079 fk=0.564 adapt=0.529 (32s)
  [grid_84a2af28145f] seed=42 reward=3.410 succ=0.053 fk=0.565 adapt=0.410 (32s)
  [grid_f84228374bff] seed=42 reward=3.506 succ=0.087 fk=0.558 adapt=0.482 (33s)
  [grid_467725745e47] seed=42 reward=3.455 succ=0.185 fk=0.642 adapt=0.666 (32s)
  [grid_acd243161ffd] seed=42 reward=3.168 succ=0.045 fk=0.542 adapt=0.503 (33s)
  [grid_027e76d31845] seed=42 reward=3.567 succ=0.143 fk=0.619 adapt=0.537 (33s)
  [grid_fe74f5b7ea4c] seed=42 reward=3.371 succ=0.079 fk=0.564 adapt=0.529 (32s)
  [grid_f291c6e9b340] seed=42 reward=3.377 succ=0.014 fk=0.480 adapt=0.281 (31s)
  [grid_d545c2e365d5] seed=42 reward=3.136 succ=0.097 fk=0.593 adapt=0.314 (31s)
  [grid_f91d265da1de] seed=42 reward=2.871 succ=0.040 fk=0.521 adapt=0.242 (30s)
  [grid_8304430f466a] seed=42 reward=2.777 succ=0.021 fk=0.478 adapt=0.152 (31s)
  [grid_b57b46b470d5] seed=42 reward=3.378 succ=0.028 fk=0.500 adapt=0.360 (31s)
  [grid_6b8a1bb8f0f0] seed=42 reward=3.158 succ=0.020 fk=0.494 adapt=0.152 (31s)
  [grid_534e7873a867] seed=42 reward=2.851 succ=0.254 fk=0.655 adapt=0.331 (31s)
  [grid_53f7a524f02e] seed=42 reward=2.815 succ=0.514 fk=0.774 adapt=0.997 (31s)
  [grid_ae8fd386256d] seed=42 reward=3.086 succ=0.071 fk=0.569 adapt=0.413 (30s)
  [grid_016b94328dc6] seed=42 reward=3.409 succ=0.055 fk=0.559 adapt=0.222 (31s)
  [grid_174f89938e60] seed=42 reward=3.207 succ=0.054 fk=0.540 adapt=0.546 (31s)
  [grid_58578adc65d4] seed=42 reward=3.282 succ=0.048 fk=0.526 adapt=0.382 (31s)
  [grid_f6f7817decd0] seed=42 reward=2.394 succ=0.475 fk=0.760 adapt=0.610 (31s)
  [grid_96179a2f2105] seed=42 reward=3.199 succ=0.021 fk=0.482 adapt=0.118 (31s)
  [grid_9f5fc8098c3f] seed=42 reward=3.086 succ=0.071 fk=0.569 adapt=0.413 (31s)
  [grid_3c570360c982] seed=42 reward=3.207 succ=0.052 fk=0.514 adapt=0.163 (31s)
  [grid_fc796f00775c] seed=42 reward=3.329 succ=0.047 fk=0.528 adapt=0.283 (31s)
  [grid_8b343376881e] seed=42 reward=3.041 succ=0.069 fk=0.557 adapt=0.468 (31s)
  [grid_68643ad7d46b] seed=42 reward=3.090 succ=0.041 fk=0.534 adapt=0.244 (31s)
  [grid_327021a95eab] seed=42 reward=3.359 succ=0.062 fk=0.559 adapt=0.456 (32s)
  [grid_a4b4074ca757] seed=42 reward=3.433 succ=0.059 fk=0.544 adapt=0.492 (31s)
  [grid_22e0f7239dc2] seed=42 reward=3.525 succ=0.107 fk=0.601 adapt=0.507 (31s)
  [grid_42e672b1272e] seed=42 reward=3.393 succ=0.087 fk=0.564 adapt=0.566 (32s)
  [grid_1b61ecff5130] seed=42 reward=3.483 succ=0.063 fk=0.573 adapt=0.525 (31s)
  [grid_e1235a9fe37d] seed=42 reward=3.345 succ=0.071 fk=0.563 adapt=0.543 (31s)
  [grid_8e02d54fada8] seed=42 reward=3.382 succ=0.066 fk=0.549 adapt=0.545 (32s)
  [grid_8d229d14b72a] seed=42 reward=3.399 succ=0.139 fk=0.601 adapt=0.606 (32s)
  [grid_338dbe5fafcc] seed=42 reward=3.273 succ=0.053 fk=0.516 adapt=0.345 (31s)
  [grid_29ae51ff2849] seed=42 reward=3.310 succ=0.099 fk=0.529 adapt=0.431 (31s)
  [grid_c6cfabe82851] seed=42 reward=3.002 succ=0.023 fk=0.518 adapt=0.058 (40s)
  [grid_4c38808dd9f5] seed=42 reward=3.140 succ=0.428 fk=0.741 adapt=0.875 (35s)
  [grid_5e07997a70b5] seed=42 reward=2.987 succ=0.283 fk=0.700 adapt=0.654 (34s)
  [grid_d794a46f75ce] seed=42 reward=2.932 succ=0.019 fk=0.486 adapt=0.284 (36s)
  [grid_b03384891db9] seed=42 reward=3.315 succ=0.046 fk=0.556 adapt=0.484 (34s)
  [grid_6ed56429e4d4] seed=42 reward=3.521 succ=0.166 fk=0.629 adapt=0.440 (36s)
  [grid_1c6e459b43df] seed=42 reward=2.953 succ=0.467 fk=0.760 adapt=0.865 (36s)
  [grid_ed5f89ba6454] seed=42 reward=3.460 succ=0.089 fk=0.594 adapt=0.537 (35s)
  [grid_d073da26ca03] seed=42 reward=3.087 succ=0.349 fk=0.719 adapt=0.742 (35s)
  [grid_e5d1bb16b539] seed=42 reward=3.115 succ=0.465 fk=0.749 adapt=0.897 (36s)
  [grid_b9078382fa8d] seed=42 reward=3.257 succ=0.066 fk=0.548 adapt=0.500 (35s)
  [grid_ecfc63a60796] seed=42 reward=3.461 succ=0.143 fk=0.598 adapt=0.367 (34s)
  [grid_26f70414a01e] seed=42 reward=2.953 succ=0.467 fk=0.760 adapt=0.865 (33s)
  [grid_f953d4f1e379] seed=42 reward=3.460 succ=0.089 fk=0.594 adapt=0.537 (32s)
  [grid_9b520de67384] seed=42 reward=2.970 succ=0.460 fk=0.755 adapt=0.816 (32s)
  [grid_efdfda9f594d] seed=42 reward=3.115 succ=0.465 fk=0.749 adapt=0.897 (34s)
  [grid_081b52f1e254] seed=42 reward=3.257 succ=0.066 fk=0.548 adapt=0.500 (35s)
  [grid_4e55176dd8ef] seed=42 reward=3.032 succ=0.036 fk=0.521 adapt=0.487 (31s)
  [grid_56cacac1adba] seed=42 reward=2.932 succ=0.402 fk=0.730 adapt=0.575 (31s)
  [grid_5cae53bb6b27] seed=42 reward=3.345 succ=0.054 fk=0.587 adapt=0.477 (31s)
  [grid_339f077bde8e] seed=42 reward=2.983 succ=0.074 fk=0.552 adapt=0.339 (31s)
  [grid_98ddc1892d6b] seed=42 reward=3.392 succ=0.080 fk=0.567 adapt=0.488 (31s)
  [grid_2a39b98ca5f0] seed=42 reward=3.255 succ=0.096 fk=0.582 adapt=0.537 (32s)
  [grid_f7a1ecf49661] seed=42 reward=3.532 succ=0.074 fk=0.565 adapt=0.514 (31s)
  [grid_f88e0ad57a70] seed=42 reward=3.251 succ=0.283 fk=0.680 adapt=0.630 (31s)
  [grid_11e2ccdf2df2] seed=42 reward=3.387 succ=0.298 fk=0.680 adapt=0.752 (33s)
  [grid_f1487fbc941b] seed=42 reward=3.481 succ=0.043 fk=0.539 adapt=0.422 (30s)
  [grid_9a41058c30dc] seed=42 reward=3.298 succ=0.174 fk=0.649 adapt=0.507 (31s)
  [grid_d7cdf052907e] seed=42 reward=3.433 succ=0.134 fk=0.607 adapt=0.567 (31s)
  [grid_3960e07eb039] seed=42 reward=3.084 succ=0.036 fk=0.550 adapt=0.455 (30s)
  [grid_d55a5a161fcd] seed=42 reward=3.251 succ=0.283 fk=0.680 adapt=0.630 (31s)
  [grid_e4a71b1cb075] seed=42 reward=3.338 succ=0.010 fk=0.480 adapt=0.325 (31s)
  [grid_3bc134a12e74] seed=42 reward=3.481 succ=0.043 fk=0.539 adapt=0.422 (34s)
  [grid_ea771dc64e73] seed=42 reward=3.344 succ=0.219 fk=0.656 adapt=0.657 (35s)
  [grid_cefa47856e01] seed=42 reward=3.102 succ=0.400 fk=0.725 adapt=0.819 (33s)
  [grid_1f14cf5d8a47] seed=42 reward=3.449 succ=0.178 fk=0.618 adapt=0.584 (32s)
  [grid_3fcdb3a66040] seed=42 reward=3.255 succ=0.164 fk=0.659 adapt=0.623 (32s)
  [grid_84a5ee387c2c] seed=42 reward=3.488 succ=0.031 fk=0.555 adapt=0.391 (32s)
  [grid_c92401f1d116] seed=42 reward=3.536 succ=0.045 fk=0.570 adapt=0.463 (31s)
  [grid_24d76524e0bd] seed=42 reward=3.440 succ=0.034 fk=0.535 adapt=0.376 (31s)
  [grid_b7faea7dd652] seed=42 reward=3.519 succ=0.101 fk=0.590 adapt=0.502 (32s)
  [grid_1a822ea2e3ad] seed=42 reward=3.476 succ=0.090 fk=0.583 adapt=0.493 (31s)
  [grid_a38820325ed0] seed=42 reward=2.827 succ=0.460 fk=0.757 adapt=0.892 (32s)
  [grid_a91d526497d2] seed=42 reward=3.496 succ=0.136 fk=0.602 adapt=0.511 (32s)
  [grid_86302ac370b2] seed=42 reward=3.451 succ=0.142 fk=0.616 adapt=0.427 (31s)
  [grid_3f6d3ad5ce89] seed=42 reward=3.359 succ=0.218 fk=0.671 adapt=0.672 (32s)
  [grid_3ab15c622249] seed=42 reward=3.463 succ=0.033 fk=0.523 adapt=0.428 (32s)
  [grid_ab0107618b9b] seed=42 reward=3.319 succ=0.073 fk=0.538 adapt=0.364 (31s)
  [grid_8c5e1eb155ac] seed=42 reward=3.174 succ=0.130 fk=0.629 adapt=0.568 (31s)
  [grid_e38cd599afc5] seed=42 reward=3.184 succ=0.034 fk=0.534 adapt=0.431 (32s)
  [grid_759d6afa53bd] seed=42 reward=3.146 succ=0.040 fk=0.546 adapt=0.398 (31s)
  [grid_a4bd49964bcd] seed=42 reward=3.546 succ=0.056 fk=0.572 adapt=0.400 (31s)
  [grid_34a397c63afd] seed=42 reward=3.345 succ=0.077 fk=0.567 adapt=0.472 (32s)
  [grid_8e7cfb0b9eed] seed=42 reward=3.319 succ=0.073 fk=0.538 adapt=0.364 (31s)
  [grid_c101b54dc8f7] seed=42 reward=3.163 succ=0.055 fk=0.550 adapt=0.360 (32s)
  [grid_d1d4741d1412] seed=42 reward=3.466 succ=0.111 fk=0.592 adapt=0.563 (32s)
  [grid_1bc8193878a3] seed=42 reward=3.540 succ=0.084 fk=0.576 adapt=0.488 (32s)
  [grid_8b2772f5707f] seed=42 reward=3.405 succ=0.035 fk=0.532 adapt=0.475 (32s)
  [grid_3e322a198557] seed=42 reward=3.582 succ=0.107 fk=0.598 adapt=0.427 (33s)
  [grid_1a949402abd2] seed=42 reward=3.457 succ=0.085 fk=0.591 adapt=0.386 (32s)
  [grid_d22d7b969f32] seed=42 reward=3.419 succ=0.084 fk=0.581 adapt=0.345 (33s)
  [grid_60bbe5271c71] seed=42 reward=3.312 succ=0.402 fk=0.731 adapt=0.688 (33s)
  [grid_d4c623377b7b] seed=42 reward=3.483 succ=0.193 fk=0.627 adapt=0.539 (32s)
  [grid_eeb7b0d7d8bf] seed=42 reward=3.239 succ=0.307 fk=0.705 adapt=0.684 (32s)
  [grid_5c5270023177] seed=42 reward=3.499 succ=0.200 fk=0.635 adapt=0.530 (33s)
  [grid_19b73425822f] seed=42 reward=3.491 succ=0.061 fk=0.578 adapt=0.440 (32s)
  [grid_ee144fbc78c6] seed=42 reward=3.419 succ=0.084 fk=0.581 adapt=0.345 (33s)
  [grid_9dc74ddddac4] seed=42 reward=3.242 succ=0.154 fk=0.627 adapt=0.527 (33s)
  [grid_20c1f5cf6e7b] seed=42 reward=3.625 succ=0.109 fk=0.614 adapt=0.500 (32s)
  [grid_6283b38d01f6] seed=42 reward=3.291 succ=0.041 fk=0.542 adapt=0.537 (33s)
  [grid_1a1c092a5cfb] seed=42 reward=3.499 succ=0.200 fk=0.635 adapt=0.530 (33s)
  [grid_1c3ffc1fb96a] seed=42 reward=3.457 succ=0.152 fk=0.617 adapt=0.530 (32s)
  [grid_67a890d097f3] seed=42 reward=2.335 succ=0.039 fk=0.533 adapt=0.322 (31s)
  [grid_c045d41967f4] seed=42 reward=3.175 succ=0.226 fk=0.634 adapt=0.332 (31s)
  [grid_8ebdce946686] seed=42 reward=3.227 succ=0.093 fk=0.571 adapt=0.531 (30s)
  [grid_f3c634092be5] seed=42 reward=3.349 succ=0.018 fk=0.488 adapt=0.262 (31s)
  [grid_a1b27d56003b] seed=42 reward=2.907 succ=0.503 fk=0.770 adapt=0.933 (31s)
  [grid_b3b2bac3826d] seed=42 reward=2.990 succ=0.019 fk=0.471 adapt=0.185 (30s)
  [grid_ae4deeebd49b] seed=42 reward=2.845 succ=0.402 fk=0.730 adapt=0.590 (31s)
  [grid_9ef9db923e62] seed=42 reward=2.769 succ=0.376 fk=0.740 adapt=0.855 (31s)
  [grid_9beaa69c72f6] seed=42 reward=3.228 succ=0.286 fk=0.690 adapt=0.667 (30s)
  [grid_dc3c2c79685f] seed=42 reward=2.860 succ=0.466 fk=0.754 adapt=0.891 (31s)
  [grid_3f727b906cee] seed=42 reward=3.545 succ=0.053 fk=0.549 adapt=0.456 (31s)
  [grid_b172137b99a3] seed=42 reward=3.530 succ=0.302 fk=0.682 adapt=0.664 (30s)
  [grid_26eddb7062f4] seed=42 reward=2.845 succ=0.402 fk=0.730 adapt=0.590 (31s)
  [grid_19c1a6b94d87] seed=42 reward=2.769 succ=0.376 fk=0.740 adapt=0.855 (31s)
  [grid_8dc7249b9c17] seed=42 reward=3.238 succ=0.277 fk=0.676 adapt=0.436 (30s)
  [grid_19797f99ddf7] seed=42 reward=2.860 succ=0.466 fk=0.754 adapt=0.891 (31s)
  [grid_effb854953e0] seed=42 reward=3.545 succ=0.053 fk=0.549 adapt=0.456 (31s)
  [grid_059ab45d6edb] seed=42 reward=3.530 succ=0.302 fk=0.682 adapt=0.664 (30s)
  [grid_ba2747dfaba7] seed=42 reward=2.868 succ=0.126 fk=0.587 adapt=0.192 (31s)
  [grid_af68582ad10c] seed=42 reward=3.315 succ=0.043 fk=0.492 adapt=0.220 (32s)
  [grid_dad44392a6b0] seed=42 reward=3.445 succ=0.024 fk=0.515 adapt=0.290 (31s)
  [grid_4ca5d4b0ae85] seed=42 reward=3.493 succ=0.074 fk=0.550 adapt=0.548 (32s)
  [grid_e2766d26da52] seed=42 reward=3.582 succ=0.093 fk=0.589 adapt=0.497 (31s)
  [grid_93e02d779de7] seed=42 reward=3.199 succ=0.022 fk=0.495 adapt=0.354 (31s)
  [grid_28c883b11e55] seed=42 reward=3.217 succ=0.089 fk=0.553 adapt=0.566 (31s)
  [grid_0d618e7d33b7] seed=42 reward=3.377 succ=0.228 fk=0.645 adapt=0.621 (31s)
  [grid_fa59fd32b04f] seed=42 reward=3.367 succ=0.032 fk=0.538 adapt=0.427 (31s)
  [grid_60aac41676e0] seed=42 reward=3.327 succ=0.059 fk=0.540 adapt=0.473 (32s)
  [grid_b64e1484222e] seed=42 reward=3.464 succ=0.057 fk=0.542 adapt=0.494 (32s)
  [grid_0ed7f9656911] seed=42 reward=3.151 succ=0.086 fk=0.581 adapt=0.566 (40s)
  [grid_d32765d74429] seed=42 reward=3.474 succ=0.206 fk=0.643 adapt=0.579 (35s)
  [grid_fdff76ced877] seed=42 reward=3.308 succ=0.025 fk=0.499 adapt=0.252 (33s)
  [grid_7d3858509d88] seed=42 reward=3.280 succ=0.063 fk=0.541 adapt=0.552 (35s)
  [grid_5d46fd0883fb] seed=42 reward=3.458 succ=0.081 fk=0.596 adapt=0.464 (34s)
  [grid_38dbbcba12fa] seed=42 reward=3.129 succ=0.258 fk=0.649 adapt=0.510 (36s)
  [grid_16a277db76fc] seed=42 reward=3.281 succ=0.257 fk=0.681 adapt=0.535 (37s)
  [grid_0f2604441a6a] seed=42 reward=3.184 succ=0.362 fk=0.711 adapt=0.733 (35s)
  [grid_ca3c36a59862] seed=42 reward=3.169 succ=0.205 fk=0.681 adapt=0.685 (35s)
  [grid_27f731e77ee2] seed=42 reward=2.993 succ=0.270 fk=0.690 adapt=0.477 (36s)
  [grid_166b43812b34] seed=42 reward=3.494 succ=0.062 fk=0.600 adapt=0.478 (34s)
  [grid_ad8edde1baa0] seed=42 reward=3.596 succ=0.083 fk=0.574 adapt=0.506 (34s)
  [grid_8dad7b335324] seed=42 reward=3.285 succ=0.032 fk=0.531 adapt=0.432 (34s)
  [grid_cb291711873b] seed=42 reward=3.184 succ=0.362 fk=0.711 adapt=0.733 (32s)
  [grid_23416c7c6968] seed=42 reward=3.169 succ=0.205 fk=0.681 adapt=0.685 (31s)
  [grid_3ed457e9d913] seed=42 reward=3.117 succ=0.475 fk=0.755 adapt=0.892 (34s)
  [grid_f9986ae39a5f] seed=42 reward=3.308 succ=0.054 fk=0.531 adapt=0.528 (36s)
  [grid_bf531f9ec43f] seed=42 reward=3.461 succ=0.143 fk=0.598 adapt=0.367 (31s)
  [grid_ffb2e8705bab] seed=42 reward=3.205 succ=0.046 fk=0.543 adapt=0.509 (31s)
  [grid_05e9ad518a2c] seed=42 reward=3.091 succ=0.061 fk=0.542 adapt=0.532 (32s)
  [grid_67e6a246223c] seed=42 reward=3.620 succ=0.103 fk=0.606 adapt=0.494 (30s)
  [grid_5792275de084] seed=42 reward=3.377 succ=0.153 fk=0.604 adapt=0.590 (32s)
  [grid_33648848c349] seed=42 reward=3.419 succ=0.174 fk=0.642 adapt=0.511 (32s)
  [grid_4132a2fe3370] seed=42 reward=3.203 succ=0.327 fk=0.690 adapt=0.755 (31s)
  [grid_dc030ac961c9] seed=42 reward=2.897 succ=0.457 fk=0.756 adapt=0.839 (32s)
  [grid_4ec653234944] seed=42 reward=3.367 succ=0.042 fk=0.568 adapt=0.484 (32s)
  [grid_179bceec1b13] seed=42 reward=3.394 succ=0.013 fk=0.479 adapt=0.318 (31s)
  [grid_b9a35a359dae] seed=42 reward=3.453 succ=0.040 fk=0.539 adapt=0.453 (31s)
  [grid_93ca88b0bd2a] seed=42 reward=3.474 succ=0.079 fk=0.570 adapt=0.549 (31s)
  [grid_62641c13db7f] seed=42 reward=3.322 succ=0.030 fk=0.524 adapt=0.461 (30s)
  [grid_a28c606d49ce] seed=42 reward=3.589 succ=0.121 fk=0.618 adapt=0.504 (31s)
  [grid_b46c9e0afefe] seed=42 reward=3.095 succ=0.051 fk=0.543 adapt=0.426 (31s)
  [grid_2c9b60745809] seed=42 reward=3.523 succ=0.089 fk=0.590 adapt=0.383 (34s)
  [grid_fac6d9ee4de8] seed=42 reward=3.453 succ=0.040 fk=0.539 adapt=0.453 (35s)
  [grid_f5f2053d452b] seed=42 reward=3.474 succ=0.079 fk=0.570 adapt=0.549 (33s)
  [grid_8fa62c3565ad] seed=42 reward=3.322 succ=0.030 fk=0.524 adapt=0.461 (32s)
  [grid_18ceb9feb3c6] seed=42 reward=3.455 succ=0.089 fk=0.569 adapt=0.565 (32s)
  [grid_3634759c6628] seed=42 reward=3.433 succ=0.132 fk=0.588 adapt=0.547 (31s)
  [grid_774c7eb35fc0] seed=42 reward=3.583 succ=0.093 fk=0.577 adapt=0.497 (31s)
  [grid_a5c5744fb5a9] seed=42 reward=3.482 succ=0.281 fk=0.665 adapt=0.743 (31s)
  [grid_180a168109a3] seed=42 reward=3.598 succ=0.088 fk=0.593 adapt=0.463 (32s)
  [grid_ff4f4dc84848] seed=42 reward=3.112 succ=0.029 fk=0.509 adapt=0.406 (32s)
  [grid_b8a2ea67b4f3] seed=42 reward=3.174 succ=0.130 fk=0.629 adapt=0.568 (32s)
  [grid_5e97ab8b8502] seed=42 reward=3.287 succ=0.057 fk=0.535 adapt=0.483 (32s)
  [grid_f000e4a0e4cc] seed=42 reward=3.146 succ=0.040 fk=0.546 adapt=0.398 (31s)
  [grid_8ecf2b41804c] seed=42 reward=3.433 succ=0.069 fk=0.546 adapt=0.486 (31s)
  [grid_77cc14bc37c2] seed=42 reward=2.980 succ=0.393 fk=0.738 adapt=0.845 (32s)
  [grid_4d71ffef4d46] seed=42 reward=3.514 succ=0.139 fk=0.596 adapt=0.498 (31s)
  [grid_35f9045e3a6b] seed=42 reward=2.945 succ=0.285 fk=0.709 adapt=0.766 (31s)
  [grid_656d26dff563] seed=42 reward=2.963 succ=0.345 fk=0.728 adapt=0.786 (32s)
  [grid_4527fc91eed2] seed=42 reward=3.403 succ=0.168 fk=0.628 adapt=0.361 (31s)
  [grid_3cbbc547e4e7] seed=42 reward=3.359 succ=0.218 fk=0.671 adapt=0.672 (32s)
  [grid_bbaa42e38947] seed=42 reward=3.463 succ=0.033 fk=0.523 adapt=0.428 (32s)
  [grid_95ed3d98d687] seed=42 reward=3.483 succ=0.166 fk=0.619 adapt=0.556 (31s)
  [grid_49f842974b62] seed=42 reward=3.380 succ=0.285 fk=0.684 adapt=0.690 (32s)
  [grid_33eac850a012] seed=42 reward=3.332 succ=0.062 fk=0.555 adapt=0.523 (33s)
  [grid_f7eb58013426] seed=42 reward=3.341 succ=0.065 fk=0.538 adapt=0.536 (32s)
  [grid_371522571fb0] seed=42 reward=3.256 succ=0.020 fk=0.485 adapt=0.220 (32s)
  [grid_6c60f9e28d9b] seed=42 reward=3.475 succ=0.060 fk=0.550 adapt=0.340 (32s)
  [grid_e0871f3d9b96] seed=42 reward=3.503 succ=0.153 fk=0.632 adapt=0.543 (32s)
  [grid_0825c38244b8] seed=42 reward=3.287 succ=0.285 fk=0.676 adapt=0.626 (33s)
  [grid_b863927a513b] seed=42 reward=3.242 succ=0.154 fk=0.627 adapt=0.527 (33s)
  [grid_84bb03cb3a6d] seed=42 reward=3.625 succ=0.109 fk=0.614 adapt=0.500 (32s)
  [grid_7295586f1310] seed=42 reward=3.291 succ=0.041 fk=0.542 adapt=0.537 (32s)
  [grid_9d0969d589bd] seed=42 reward=3.567 succ=0.143 fk=0.619 adapt=0.537 (33s)
  [grid_8210f2d89989] seed=42 reward=3.457 succ=0.152 fk=0.617 adapt=0.530 (32s)
  [grid_acaaf04e7c29] seed=42 reward=3.287 succ=0.285 fk=0.676 adapt=0.626 (32s)
  [grid_1ab581864973] seed=42 reward=3.312 succ=0.402 fk=0.731 adapt=0.688 (33s)
  [grid_6f5f425b3dc3] seed=42 reward=3.483 succ=0.193 fk=0.627 adapt=0.539 (32s)
  [grid_d3071ca6eb9c] seed=42 reward=3.194 succ=0.084 fk=0.566 adapt=0.546 (33s)
  [grid_763c20c5d8e4] seed=42 reward=3.304 succ=0.081 fk=0.579 adapt=0.486 (33s)
  [grid_85800a1588fc] seed=42 reward=3.491 succ=0.061 fk=0.578 adapt=0.440 (31s)
  [grid_18f34bbd72e0] seed=42 reward=2.833 succ=0.003 fk=0.428 adapt=0.107 (31s)
  [grid_9d3c66b07eb7] seed=42 reward=3.213 succ=0.006 fk=0.419 adapt=0.203 (31s)
  [grid_5982937732c8] seed=42 reward=2.396 succ=0.515 fk=0.777 adapt=0.976 (30s)
  [grid_0232c8af367e] seed=42 reward=3.436 succ=0.268 fk=0.663 adapt=0.498 (31s)
  [grid_a3464a3f7bc6] seed=42 reward=3.524 succ=0.088 fk=0.556 adapt=0.546 (31s)
  [grid_a5ea9368da5b] seed=42 reward=3.133 succ=0.010 fk=0.465 adapt=0.290 (30s)
  [grid_0e8722564150] seed=42 reward=3.013 succ=0.027 fk=0.517 adapt=0.040 (31s)
  [grid_e9614529aa94] seed=42 reward=3.591 succ=0.216 fk=0.648 adapt=0.601 (31s)
  [grid_8f5756ea0487] seed=42 reward=3.056 succ=0.017 fk=0.501 adapt=0.413 (30s)
  [grid_682a91e01c16] seed=42 reward=3.274 succ=0.024 fk=0.510 adapt=0.155 (31s)
  [grid_e407c426e911] seed=42 reward=3.329 succ=0.047 fk=0.528 adapt=0.283 (31s)
  [grid_6a391fb718aa] seed=42 reward=3.041 succ=0.069 fk=0.557 adapt=0.468 (31s)
  [grid_4f17c6befec3] seed=42 reward=3.013 succ=0.027 fk=0.517 adapt=0.040 (31s)
  [grid_ad3721cdf741] seed=42 reward=3.591 succ=0.216 fk=0.648 adapt=0.601 (31s)
  [grid_cdfaeb5c9098] seed=42 reward=3.056 succ=0.017 fk=0.501 adapt=0.413 (31s)
  [grid_1fc2325c090e] seed=42 reward=3.409 succ=0.055 fk=0.559 adapt=0.222 (31s)
  [grid_003ee84cfa0f] seed=42 reward=3.207 succ=0.054 fk=0.540 adapt=0.546 (31s)
  [grid_98545c0b6288] seed=42 reward=3.282 succ=0.048 fk=0.526 adapt=0.382 (31s)
  [grid_e9dd0c94ddf4] seed=42 reward=3.421 succ=0.050 fk=0.554 adapt=0.274 (31s)
  [grid_58c5a8b57b9d] seed=42 reward=3.640 succ=0.167 fk=0.629 adapt=0.520 (32s)
  [grid_dbc171374eb4] seed=42 reward=3.007 succ=0.052 fk=0.550 adapt=0.430 (31s)
  [grid_20ba89765bb9] seed=42 reward=3.119 succ=0.436 fk=0.727 adapt=0.845 (31s)
  [grid_8019b56fea0d] seed=42 reward=3.543 succ=0.216 fk=0.640 adapt=0.581 (31s)
  [grid_fbdee2457769] seed=42 reward=3.176 succ=0.052 fk=0.495 adapt=0.262 (31s)
  [grid_3c85ff17d1d7] seed=42 reward=3.088 succ=0.118 fk=0.559 adapt=0.306 (32s)
  [grid_409eb407a4d9] seed=42 reward=3.231 succ=0.084 fk=0.532 adapt=0.367 (32s)
  [grid_ddc580a3d1d1] seed=42 reward=2.871 succ=0.231 fk=0.621 adapt=0.522 (32s)
  [grid_669b49f060d1] seed=42 reward=3.367 succ=0.053 fk=0.532 adapt=0.377 (30s)
  [grid_4a26f04edb00] seed=42 reward=3.445 succ=0.053 fk=0.534 adapt=0.509 (31s)
  [grid_fa2666f5e16b] seed=42 reward=2.962 succ=0.008 fk=0.430 adapt=0.070 (32s)
  [grid_5afaec694975] seed=42 reward=2.977 succ=0.030 fk=0.536 adapt=0.327 (31s)
  [grid_4712afbc319a] seed=42 reward=3.509 succ=0.206 fk=0.628 adapt=0.613 (31s)
  [grid_32ea0efddd26] seed=42 reward=3.377 succ=0.228 fk=0.645 adapt=0.621 (31s)
  [grid_5a5ce03781f6] seed=42 reward=3.367 succ=0.032 fk=0.538 adapt=0.427 (30s)
  [grid_ca780fe7b55f] seed=42 reward=3.327 succ=0.059 fk=0.540 adapt=0.473 (31s)
  [grid_615b9e2f73d8] seed=42 reward=2.962 succ=0.008 fk=0.430 adapt=0.070 (31s)
  [grid_949c3f8e4110] seed=42 reward=3.519 succ=0.054 fk=0.549 adapt=0.511 (30s)
  [grid_eba8618f2e7a] seed=42 reward=2.613 succ=0.440 fk=0.733 adapt=0.761 (31s)
  [grid_aeef7f668f4d] seed=42 reward=3.631 succ=0.159 fk=0.629 adapt=0.493 (32s)
  [grid_18354b263281] seed=42 reward=3.439 succ=0.049 fk=0.563 adapt=0.456 (31s)
  [grid_2e54b444cf87] seed=42 reward=3.397 succ=0.029 fk=0.514 adapt=0.202 (31s)
  [grid_07a0440719a1] seed=42 reward=3.167 succ=0.022 fk=0.481 adapt=0.279 (31s)
  [grid_e9a01352c58a] seed=42 reward=3.481 succ=0.107 fk=0.573 adapt=0.481 (31s)
  [grid_211ddbeb34b0] seed=42 reward=3.222 succ=0.048 fk=0.542 adapt=0.450 (31s)
  [grid_89c6993bfa35] seed=42 reward=3.204 succ=0.117 fk=0.577 adapt=0.354 (31s)
  [grid_2458eb718d2f] seed=42 reward=3.480 succ=0.032 fk=0.524 adapt=0.430 (31s)
  [grid_f362d72f6226] seed=42 reward=3.258 succ=0.076 fk=0.560 adapt=0.550 (31s)
  [grid_00753b5c5588] seed=42 reward=3.453 succ=0.083 fk=0.542 adapt=0.477 (31s)
  [grid_4874a211915e] seed=42 reward=3.614 succ=0.137 fk=0.604 adapt=0.512 (31s)
  [grid_244347111428] seed=42 reward=3.222 succ=0.048 fk=0.542 adapt=0.450 (31s)
  [grid_4263e92527a5] seed=42 reward=3.204 succ=0.117 fk=0.577 adapt=0.354 (31s)
  [grid_6940a9719f45] seed=42 reward=3.480 succ=0.032 fk=0.524 adapt=0.430 (31s)
  [grid_4931e10a5002] seed=42 reward=3.258 succ=0.076 fk=0.560 adapt=0.550 (31s)
  [grid_891bbed3bae9] seed=42 reward=3.453 succ=0.083 fk=0.542 adapt=0.477 (31s)
  [grid_3de606ad1f7b] seed=42 reward=3.400 succ=0.082 fk=0.555 adapt=0.429 (31s)
  [grid_f7af0b0e8255] seed=42 reward=3.380 succ=0.048 fk=0.551 adapt=0.305 (32s)
  [grid_67c77b0144ec] seed=42 reward=3.283 succ=0.050 fk=0.526 adapt=0.504 (32s)
  [grid_5b8edb4f96f9] seed=42 reward=3.175 succ=0.028 fk=0.485 adapt=0.221 (32s)
  [grid_7d1a5141a790] seed=42 reward=3.441 succ=0.031 fk=0.508 adapt=0.369 (31s)
  [grid_ba9bfa6a9290] seed=42 reward=3.646 succ=0.218 fk=0.641 adapt=0.595 (32s)
  [grid_317f723bc929] seed=42 reward=3.430 succ=0.192 fk=0.594 adapt=0.528 (32s)
  [grid_9632cc9147e8] seed=42 reward=3.149 succ=0.345 fk=0.713 adapt=0.759 (32s)
  [grid_cb27ea83ddf6] seed=42 reward=3.309 succ=0.225 fk=0.582 adapt=0.354 (32s)
  [grid_17716d102eb5] seed=42 reward=3.430 succ=0.050 fk=0.535 adapt=0.350 (32s)
  [grid_e523d43c243c] seed=42 reward=3.531 succ=0.071 fk=0.564 adapt=0.435 (32s)
  [grid_1d5ddd266df9] seed=42 reward=3.513 succ=0.073 fk=0.563 adapt=0.309 (32s)
  [grid_44ad824feb41] seed=42 reward=3.520 succ=0.190 fk=0.609 adapt=0.613 (31s)
  [grid_6dea6a6aa31a] seed=42 reward=3.249 succ=0.055 fk=0.520 adapt=0.460 (32s)
  [grid_242aa7cefb6b] seed=42 reward=3.309 succ=0.225 fk=0.582 adapt=0.354 (33s)
  [grid_25674b074643] seed=42 reward=3.430 succ=0.050 fk=0.535 adapt=0.350 (31s)
  [grid_799d6b7eca36] seed=42 reward=3.273 succ=0.239 fk=0.657 adapt=0.642 (32s)
  [grid_15f30bb37492] seed=42 reward=3.513 succ=0.073 fk=0.563 adapt=0.309 (32s)
  [grid_bb370a10a1f6] seed=42 reward=3.520 succ=0.190 fk=0.609 adapt=0.613 (31s)
  [grid_e322d4a7725d] seed=42 reward=3.142 succ=0.176 fk=0.614 adapt=0.365 (30s)
  [grid_dc3a9bb4dca8] seed=42 reward=2.312 succ=0.359 fk=0.716 adapt=0.557 (31s)
  [grid_0ce9e097fb0b] seed=42 reward=3.520 succ=0.023 fk=0.529 adapt=0.449 (30s)
  [grid_f7fd849f79a7] seed=42 reward=3.351 succ=0.113 fk=0.568 adapt=0.593 (30s)
  [grid_ad6a3ad5e362] seed=42 reward=3.242 succ=0.017 fk=0.465 adapt=0.101 (31s)
  [grid_b7867a0990e4] seed=42 reward=3.545 succ=0.158 fk=0.600 adapt=0.556 (30s)
  [grid_bfac77cac413] seed=42 reward=3.114 succ=0.296 fk=0.711 adapt=0.773 (30s)
  [grid_7addc8e44d9f] seed=42 reward=3.006 succ=0.062 fk=0.562 adapt=0.451 (31s)
  [grid_2356bb784da6] seed=42 reward=3.190 succ=0.083 fk=0.595 adapt=0.490 (30s)
  [grid_6bbec22c5aa7] seed=42 reward=3.242 succ=0.043 fk=0.513 adapt=0.432 (30s)
  [grid_77ce7316d510] seed=42 reward=3.122 succ=0.418 fk=0.726 adapt=0.814 (31s)
  [grid_e08260472ded] seed=42 reward=3.562 succ=0.063 fk=0.560 adapt=0.499 (30s)
  [grid_53fa22a989aa] seed=42 reward=3.114 succ=0.296 fk=0.711 adapt=0.773 (30s)
  [grid_2217d2fee5ba] seed=42 reward=3.351 succ=0.030 fk=0.516 adapt=0.338 (31s)
  [grid_f0b494d296de] seed=42 reward=3.190 succ=0.083 fk=0.595 adapt=0.490 (30s)
  [grid_a831934b7651] seed=42 reward=3.242 succ=0.043 fk=0.513 adapt=0.432 (30s)
  [grid_aaef8339095d] seed=42 reward=3.122 succ=0.418 fk=0.726 adapt=0.814 (30s)
  [grid_c0af40953abd] seed=42 reward=3.562 succ=0.063 fk=0.560 adapt=0.499 (30s)
  [grid_71bc58f3c5ec] seed=42 reward=2.912 succ=0.176 fk=0.629 adapt=0.304 (31s)
  [grid_7d91d5578798] seed=42 reward=3.302 succ=0.055 fk=0.567 adapt=0.440 (31s)
  [grid_871218204d53] seed=42 reward=2.942 succ=0.380 fk=0.718 adapt=0.718 (30s)
  [grid_2ae296a50907] seed=42 reward=3.321 succ=0.067 fk=0.539 adapt=0.555 (30s)
  [grid_2245bf43cbef] seed=42 reward=3.594 succ=0.082 fk=0.577 adapt=0.511 (31s)
  [grid_698795e04356] seed=42 reward=3.307 succ=0.029 fk=0.473 adapt=0.063 (30s)
  [grid_f167953bd9cf] seed=42 reward=3.191 succ=0.063 fk=0.556 adapt=0.428 (31s)
  [grid_1d5a6393954b] seed=42 reward=3.395 succ=0.111 fk=0.602 adapt=0.635 (31s)
  [grid_997ecac51453] seed=42 reward=3.295 succ=0.028 fk=0.502 adapt=0.350 (30s)
  [grid_424f197775d8] seed=42 reward=3.154 succ=0.008 fk=0.416 adapt=0.192 (31s)
  [grid_99ab93a485e1] seed=42 reward=3.525 succ=0.279 fk=0.639 adapt=0.602 (31s)
  [grid_d47daa959fb8] seed=42 reward=3.425 succ=0.032 fk=0.503 adapt=0.388 (30s)
  [grid_5589cbbe73f1] seed=42 reward=2.798 succ=0.491 fk=0.771 adapt=0.968 (30s)
  [grid_345ef32a1d88] seed=42 reward=3.343 succ=0.104 fk=0.569 adapt=0.520 (32s)
  [grid_b736abd91e3c] seed=42 reward=3.295 succ=0.028 fk=0.502 adapt=0.350 (31s)
  [grid_b0a347159397] seed=42 reward=3.154 succ=0.008 fk=0.416 adapt=0.192 (31s)
  [grid_d7aa9667544a] seed=42 reward=3.525 succ=0.279 fk=0.639 adapt=0.602 (31s)
  [grid_0b8f757c8c1a] seed=42 reward=3.509 succ=0.053 fk=0.539 adapt=0.474 (30s)
  [grid_92131ff7c62c] seed=42 reward=3.472 succ=0.066 fk=0.575 adapt=0.300 (31s)
  [grid_783c659dbbbb] seed=42 reward=3.523 succ=0.050 fk=0.537 adapt=0.494 (32s)
  [grid_ecf0ed0b90c4] seed=42 reward=3.126 succ=0.005 fk=0.416 adapt=0.143 (31s)
  [grid_01033ba18b57] seed=42 reward=3.529 succ=0.091 fk=0.568 adapt=0.403 (32s)
  [grid_ec1f716b7a74] seed=42 reward=3.432 succ=0.153 fk=0.595 adapt=0.365 (31s)
  [grid_c2a915702241] seed=42 reward=3.523 succ=0.224 fk=0.639 adapt=0.578 (31s)
  [grid_e2cdfe53d886] seed=42 reward=2.127 succ=0.511 fk=0.774 adapt=0.533 (32s)
  [grid_3055cba71165] seed=42 reward=3.103 succ=0.260 fk=0.661 adapt=0.427 (31s)
  [grid_450e574df82a] seed=42 reward=3.325 succ=0.014 fk=0.494 adapt=0.140 (31s)
  [grid_6d7e0b78b7a1] seed=42 reward=3.060 succ=0.041 fk=0.519 adapt=0.442 (32s)
  [grid_ce6608cf7a5f] seed=42 reward=3.299 succ=0.019 fk=0.490 adapt=0.158 (31s)
  [grid_077130906d67] seed=42 reward=3.445 succ=0.099 fk=0.574 adapt=0.322 (31s)
  [grid_7d87e47cff78] seed=42 reward=3.187 succ=0.418 fk=0.728 adapt=0.641 (32s)
  [grid_4dc02b8396f9] seed=42 reward=2.807 succ=0.514 fk=0.773 adapt=0.983 (31s)
  [grid_893d98666369] seed=42 reward=3.325 succ=0.014 fk=0.494 adapt=0.140 (31s)
  [grid_cc62ef15d1cb] seed=42 reward=3.060 succ=0.041 fk=0.519 adapt=0.442 (32s)
  [grid_cdb9fa58de61] seed=42 reward=3.299 succ=0.019 fk=0.490 adapt=0.158 (31s)
  [grid_33ea387336f2] seed=42 reward=3.167 succ=0.021 fk=0.476 adapt=0.286 (31s)
  [grid_cacf34846d76] seed=42 reward=3.244 succ=0.069 fk=0.552 adapt=0.426 (32s)
  [grid_1925444c47a3] seed=42 reward=3.131 succ=0.018 fk=0.478 adapt=0.216 (31s)
  [grid_ef58fafc9e87] seed=42 reward=3.437 succ=0.038 fk=0.529 adapt=0.351 (32s)
  [grid_a79db17018e6] seed=42 reward=3.533 succ=0.057 fk=0.549 adapt=0.501 (31s)
  [grid_71c2211d32e2] seed=42 reward=3.519 succ=0.054 fk=0.549 adapt=0.511 (31s)
  [grid_a615dbc4d255] seed=42 reward=3.088 succ=0.118 fk=0.559 adapt=0.306 (31s)
  [grid_1b6282eea9f2] seed=42 reward=3.382 succ=0.066 fk=0.549 adapt=0.545 (31s)
  [grid_1accedb0fe28] seed=42 reward=3.465 succ=0.048 fk=0.567 adapt=0.462 (30s)
  [grid_2802b39bad14] seed=42 reward=3.297 succ=0.157 fk=0.605 adapt=0.554 (31s)
  [grid_011d889e23fa] seed=42 reward=3.511 succ=0.085 fk=0.556 adapt=0.503 (31s)
  [grid_2c83d0f91175] seed=42 reward=2.977 succ=0.030 fk=0.536 adapt=0.327 (30s)
  [grid_492e5091fdc5] seed=42 reward=2.657 succ=0.500 fk=0.770 adapt=0.949 (31s)
  [grid_349ff6077e19] seed=42 reward=3.449 succ=0.068 fk=0.550 adapt=0.556 (32s)
  [grid_1badc8f5b1bd] seed=42 reward=3.494 succ=0.120 fk=0.588 adapt=0.368 (30s)
  [grid_27d39d76c7d2] seed=42 reward=3.119 succ=0.246 fk=0.650 adapt=0.488 (31s)
  [grid_cffa92a55b10] seed=42 reward=3.567 succ=0.072 fk=0.556 adapt=0.505 (31s)
  [grid_ca517bf28dcd] seed=42 reward=3.469 succ=0.147 fk=0.575 adapt=0.491 (31s)
  [grid_2cfc750260cf] seed=42 reward=3.645 succ=0.105 fk=0.609 adapt=0.497 (31s)
  [grid_e98e1188b301] seed=42 reward=3.211 succ=0.069 fk=0.554 adapt=0.226 (32s)
  [grid_5779c4ee3642] seed=42 reward=3.496 succ=0.069 fk=0.566 adapt=0.501 (31s)
  [grid_dcc73ff0dcdf] seed=42 reward=3.114 succ=0.184 fk=0.642 adapt=0.609 (31s)
  [grid_c9a24e0b46e4] seed=42 reward=3.474 succ=0.066 fk=0.560 adapt=0.494 (32s)
  [grid_01604002cc0f] seed=42 reward=3.400 succ=0.082 fk=0.555 adapt=0.429 (31s)
  [grid_b2af0f592bbe] seed=42 reward=3.645 succ=0.105 fk=0.609 adapt=0.497 (31s)
  [grid_74861392953b] seed=42 reward=3.211 succ=0.069 fk=0.554 adapt=0.226 (32s)
  [grid_9d0e70571480] seed=42 reward=3.496 succ=0.069 fk=0.566 adapt=0.501 (31s)
  [grid_da88c85e5819] seed=42 reward=3.114 succ=0.184 fk=0.642 adapt=0.609 (31s)
  [grid_245a028444b5] seed=42 reward=3.474 succ=0.066 fk=0.560 adapt=0.494 (31s)
  [grid_a46b60190c7f] seed=42 reward=3.614 succ=0.137 fk=0.604 adapt=0.512 (31s)
  [grid_53e889878023] seed=42 reward=3.490 succ=0.308 fk=0.689 adapt=0.664 (32s)
  [grid_b2a6be68c057] seed=42 reward=3.458 succ=0.228 fk=0.644 adapt=0.568 (32s)
  [grid_41c1f70bb980] seed=42 reward=3.396 succ=0.068 fk=0.550 adapt=0.494 (31s)
  [grid_7944f8dbd779] seed=42 reward=3.346 succ=0.065 fk=0.550 adapt=0.532 (32s)
  [grid_a440b760ab33] seed=42 reward=3.505 succ=0.215 fk=0.617 adapt=0.469 (32s)
  [grid_6b11ae43657b] seed=42 reward=3.357 succ=0.046 fk=0.553 adapt=0.450 (31s)
  [grid_abbcc4508d41] seed=42 reward=3.249 succ=0.055 fk=0.520 adapt=0.460 (32s)
  [grid_046c04ca0ca7] seed=42 reward=3.494 succ=0.083 fk=0.569 adapt=0.315 (33s)
  [grid_e930c3363a27] seed=42 reward=3.484 succ=0.080 fk=0.583 adapt=0.490 (32s)
  [grid_560c88cb233a] seed=42 reward=3.273 succ=0.239 fk=0.657 adapt=0.642 (32s)
  [grid_c1a3f8d6ca7b] seed=42 reward=3.588 succ=0.101 fk=0.578 adapt=0.443 (32s)
  [grid_da63f43b28a7] seed=42 reward=3.499 succ=0.098 fk=0.578 adapt=0.403 (31s)
  [grid_44926b8bbd27] seed=42 reward=3.149 succ=0.345 fk=0.713 adapt=0.759 (32s)
  [grid_a2d33d94210d] seed=42 reward=3.494 succ=0.083 fk=0.569 adapt=0.315 (33s)
  [grid_e47a9fb9840e] seed=42 reward=3.323 succ=0.084 fk=0.520 adapt=0.242 (31s)
  [grid_e83339a44e2a] seed=42 reward=3.531 succ=0.071 fk=0.564 adapt=0.435 (32s)
  [grid_6c0afd654faf] seed=42 reward=3.588 succ=0.101 fk=0.578 adapt=0.443 (33s)
  [grid_473354fcb489] seed=42 reward=3.499 succ=0.098 fk=0.578 adapt=0.403 (31s)
  [grid_1ad33744d554] seed=42 reward=3.511 succ=0.079 fk=0.585 adapt=0.329 (30s)
  [grid_666aea2898a3] seed=42 reward=3.055 succ=0.134 fk=0.575 adapt=0.503 (30s)
  [grid_c0621b3ffbff] seed=42 reward=2.830 succ=0.011 fk=0.464 adapt=0.018 (30s)
  [grid_54eef42789c3] seed=42 reward=3.115 succ=0.021 fk=0.458 adapt=0.228 (31s)
  [grid_0b7074183575] seed=42 reward=3.547 succ=0.094 fk=0.559 adapt=0.522 (31s)
  [grid_dcba228eee6d] seed=42 reward=3.537 succ=0.148 fk=0.601 adapt=0.538 (30s)
  [grid_035e4a3a6fbd] seed=42 reward=3.305 succ=0.094 fk=0.579 adapt=0.243 (30s)
  [grid_ee06798f1b40] seed=42 reward=3.351 succ=0.030 fk=0.516 adapt=0.338 (31s)
  [grid_9af9e5d8c4f5] seed=42 reward=2.794 succ=0.499 fk=0.769 adapt=0.926 (30s)
  [grid_949abe86ba4d] seed=42 reward=2.968 succ=0.445 fk=0.756 adapt=0.927 (30s)
  [grid_897df0a71e88] seed=42 reward=3.346 succ=0.363 fk=0.709 adapt=0.793 (31s)
  [grid_b31feb6ccb12] seed=42 reward=3.291 succ=0.100 fk=0.557 adapt=0.286 (30s)
  [grid_03f6ea45f3d4] seed=42 reward=3.305 succ=0.094 fk=0.579 adapt=0.243 (30s)
  [grid_65263ab3ba45] seed=42 reward=3.006 succ=0.062 fk=0.562 adapt=0.451 (31s)
  [grid_c056a377f3ae] seed=42 reward=2.794 succ=0.499 fk=0.769 adapt=0.926 (30s)
  [grid_2b4cc1aba7d2] seed=42 reward=2.968 succ=0.445 fk=0.756 adapt=0.927 (30s)
  [grid_f4bf08e9efaf] seed=42 reward=3.346 succ=0.363 fk=0.709 adapt=0.793 (31s)
  [grid_e5fe67db6c42] seed=42 reward=3.416 succ=0.107 fk=0.587 adapt=0.553 (30s)
  [grid_fc58fd363fc9] seed=42 reward=3.169 succ=0.423 fk=0.732 adapt=0.859 (30s)
  [grid_1d4ac951666f] seed=42 reward=2.860 succ=0.006 fk=0.415 adapt=0.202 (31s)
  [grid_8dd636212cd1] seed=42 reward=3.217 succ=0.181 fk=0.644 adapt=0.367 (30s)
  [grid_e3e282772dca] seed=42 reward=3.406 succ=0.131 fk=0.606 adapt=0.592 (30s)
  [grid_ddfeae7b77dd] seed=42 reward=3.310 succ=0.420 fk=0.719 adapt=0.808 (31s)
  [grid_87f248a9618c] seed=42 reward=3.249 succ=0.038 fk=0.495 adapt=0.180 (31s)
  [grid_dfd0475375b3] seed=42 reward=2.798 succ=0.491 fk=0.771 adapt=0.968 (30s)
  [grid_1f4095869ba2] seed=42 reward=3.343 succ=0.104 fk=0.569 adapt=0.520 (31s)
  [grid_f0496e609be3] seed=42 reward=3.528 succ=0.070 fk=0.563 adapt=0.522 (30s)
  [grid_9eaf2d27f515] seed=42 reward=3.379 succ=0.104 fk=0.561 adapt=0.390 (31s)
  [grid_49fed959aa8e] seed=42 reward=3.566 succ=0.127 fk=0.594 adapt=0.474 (31s)
  [grid_b5e1e0c62457] seed=42 reward=3.509 succ=0.053 fk=0.539 adapt=0.474 (30s)
  [grid_af2e00d51676] seed=42 reward=3.191 succ=0.063 fk=0.556 adapt=0.428 (31s)
  [grid_519064e598c4] seed=42 reward=3.395 succ=0.111 fk=0.602 adapt=0.635 (31s)
  [grid_9db6b260910e] seed=42 reward=3.528 succ=0.070 fk=0.563 adapt=0.522 (31s)
  [grid_a3b6d1da95df] seed=42 reward=3.379 succ=0.104 fk=0.561 adapt=0.390 (31s)
  [grid_665c442a1d6b] seed=42 reward=3.566 succ=0.127 fk=0.594 adapt=0.474 (31s)
  [grid_41e96bec2ffa] seed=42 reward=3.425 succ=0.032 fk=0.503 adapt=0.388 (30s)
  [grid_d7833ca29a6a] seed=42 reward=2.900 succ=0.478 fk=0.753 adapt=0.841 (32s)
  [grid_acc08dfd803a] seed=42 reward=3.212 succ=0.051 fk=0.509 adapt=0.330 (32s)
  [grid_57101266a6e7] seed=42 reward=3.558 succ=0.094 fk=0.588 adapt=0.470 (31s)
  [grid_53ff40ea0dcc] seed=42 reward=3.559 succ=0.172 fk=0.621 adapt=0.439 (31s)
  [grid_405bf0580415] seed=42 reward=3.564 succ=0.058 fk=0.573 adapt=0.461 (32s)
  [grid_9d48d030adde] seed=42 reward=3.421 succ=0.066 fk=0.546 adapt=0.525 (31s)
  [grid_d9c8ce040799] seed=42 reward=3.187 succ=0.418 fk=0.728 adapt=0.641 (32s)
  [grid_cf9f23925d15] seed=42 reward=2.807 succ=0.514 fk=0.773 adapt=0.983 (31s)
  [grid_abe2a0fe1c89] seed=42 reward=2.980 succ=0.022 fk=0.503 adapt=0.009 (32s)
  [grid_807abac687fb] seed=42 reward=3.388 succ=0.060 fk=0.535 adapt=0.299 (32s)
  [grid_54c8348247c6] seed=42 reward=3.470 succ=0.155 fk=0.620 adapt=0.538 (31s)
  [grid_fafa2db57401] seed=42 reward=3.167 succ=0.021 fk=0.476 adapt=0.286 (31s)
  [grid_be77fad9d7b6] seed=42 reward=2.127 succ=0.511 fk=0.774 adapt=0.533 (32s)
  [grid_999c087a9781] seed=42 reward=3.103 succ=0.260 fk=0.661 adapt=0.427 (31s)
  [grid_a3835d68bf76] seed=42 reward=2.980 succ=0.022 fk=0.503 adapt=0.009 (31s)
  [grid_068c72defbdb] seed=42 reward=3.388 succ=0.060 fk=0.535 adapt=0.299 (31s)
  [grid_bb4e92bace3a] seed=42 reward=3.470 succ=0.155 fk=0.620 adapt=0.538 (31s)
  [grid_af7a0597999e] seed=42 reward=3.445 succ=0.099 fk=0.574 adapt=0.322 (31s)
  [grid_4faa5017acf0] seed=42 reward=2.961 succ=0.014 fk=0.444 adapt=0.152 (32s)
  [grid_a0105661841c] seed=42 reward=3.508 succ=0.216 fk=0.663 adapt=0.606 (31s)
  [grid_65b6ee207753] seed=42 reward=3.398 succ=0.419 fk=0.725 adapt=0.752 (32s)
  [grid_636700830c0e] seed=42 reward=3.260 succ=0.318 fk=0.707 adapt=0.755 (31s)
  [grid_23b2337898d1] seed=42 reward=3.519 succ=0.095 fk=0.594 adapt=0.472 (30s)
  [grid_240946d42871] seed=42 reward=3.345 succ=0.071 fk=0.563 adapt=0.543 (31s)
  [grid_5385d17259c4] seed=42 reward=3.059 succ=0.299 fk=0.698 adapt=0.761 (31s)
  [grid_9d39a9ea8347] seed=42 reward=3.166 succ=0.350 fk=0.704 adapt=0.759 (31s)
  [grid_ec01e4093ecc] seed=42 reward=3.616 succ=0.108 fk=0.600 adapt=0.535 (31s)
  [grid_55b8f1ee63bf] seed=42 reward=3.533 succ=0.057 fk=0.549 adapt=0.501 (31s)
  [grid_0cd1f87a189f] seed=42 reward=3.374 succ=0.193 fk=0.623 adapt=0.594 (30s)
  [grid_b2744157d3f9] seed=42 reward=3.108 succ=0.089 fk=0.519 adapt=0.298 (31s)
  [grid_2fa1b1777984] seed=42 reward=3.612 succ=0.116 fk=0.605 adapt=0.488 (32s)
  [grid_ff9632b067ab] seed=42 reward=3.012 succ=0.457 fk=0.749 adapt=0.898 (30s)
  [grid_790c79d28e96] seed=42 reward=3.488 succ=0.040 fk=0.525 adapt=0.463 (31s)
  [grid_13f230a27168] seed=42 reward=3.328 succ=0.048 fk=0.539 adapt=0.454 (31s)
  [grid_12588f92728e] seed=42 reward=3.231 succ=0.039 fk=0.521 adapt=0.352 (31s)
  [grid_e494c89ec029] seed=42 reward=3.046 succ=0.398 fk=0.734 adapt=0.838 (31s)
  [grid_9baf63271e6b] seed=42 reward=3.444 succ=0.078 fk=0.570 adapt=0.523 (31s)
  [grid_bc572ade8158] seed=42 reward=3.290 succ=0.045 fk=0.535 adapt=0.483 (31s)
  [grid_68c2392c5894] seed=42 reward=3.408 succ=0.167 fk=0.616 adapt=0.443 (31s)
  [grid_67a41af68b32] seed=42 reward=3.491 succ=0.059 fk=0.535 adapt=0.463 (31s)
  [grid_a5be5783aa08] seed=42 reward=3.394 succ=0.033 fk=0.512 adapt=0.384 (30s)
  [grid_2e38b43e5ee6] seed=42 reward=3.046 succ=0.398 fk=0.734 adapt=0.838 (31s)
  [grid_0d3ede99f229] seed=42 reward=3.444 succ=0.078 fk=0.570 adapt=0.523 (31s)
  [grid_f3ea6d5cc960] seed=42 reward=3.290 succ=0.045 fk=0.535 adapt=0.483 (31s)
  [grid_cce1ae2534d6] seed=42 reward=3.408 succ=0.167 fk=0.616 adapt=0.443 (31s)
  [grid_7a6a0796455d] seed=42 reward=3.491 succ=0.059 fk=0.535 adapt=0.463 (31s)
  [grid_fafbe57ca868] seed=42 reward=3.394 succ=0.033 fk=0.512 adapt=0.384 (30s)
  [grid_8b9f88e7696b] seed=42 reward=3.101 succ=0.432 fk=0.743 adapt=0.881 (32s)
  [grid_d4b60acab83c] seed=42 reward=3.215 succ=0.188 fk=0.612 adapt=0.511 (32s)
  [grid_5ac9f0f61e7c] seed=42 reward=3.475 succ=0.055 fk=0.554 adapt=0.520 (31s)
  [grid_4177f51949b0] seed=42 reward=3.361 succ=0.038 fk=0.538 adapt=0.421 (32s)
  [grid_f731caf3c155] seed=42 reward=3.295 succ=0.058 fk=0.516 adapt=0.442 (32s)
  [grid_4f4820fd4309] seed=42 reward=3.419 succ=0.028 fk=0.493 adapt=0.348 (31s)
  [grid_9d2256b24a24] seed=42 reward=3.462 succ=0.198 fk=0.635 adapt=0.655 (32s)
  [grid_70856d80bf44] seed=42 reward=3.355 succ=0.334 fk=0.692 adapt=0.711 (32s)
  [grid_1fe37a3666fc] seed=42 reward=3.323 succ=0.084 fk=0.520 adapt=0.242 (32s)
  [grid_622eafcdbc27] seed=42 reward=3.256 succ=0.061 fk=0.529 adapt=0.433 (32s)
  [grid_34767bdaeb87] seed=42 reward=3.266 succ=0.052 fk=0.539 adapt=0.485 (32s)
  [grid_60ba6ec0e1c0] seed=42 reward=3.413 succ=0.202 fk=0.627 adapt=0.411 (31s)
  [grid_32364319ded6] seed=42 reward=3.462 succ=0.198 fk=0.635 adapt=0.655 (32s)
  [grid_059b9ac69053] seed=42 reward=3.355 succ=0.334 fk=0.692 adapt=0.711 (32s)
  [grid_b79b8dbad995] seed=42 reward=3.484 succ=0.080 fk=0.583 adapt=0.490 (31s)
  [grid_eb9c603d3a81] seed=42 reward=3.256 succ=0.061 fk=0.529 adapt=0.433 (32s)
  [grid_c85f1e5f96d6] seed=42 reward=3.266 succ=0.052 fk=0.539 adapt=0.485 (32s)
  [grid_32857138149a] seed=42 reward=3.413 succ=0.202 fk=0.627 adapt=0.411 (31s)
  [grid_37463b4d2dd8] seed=42 reward=3.496 succ=0.048 fk=0.547 adapt=0.388 (30s)
  [grid_92b2ca44dc2d] seed=42 reward=2.866 succ=0.162 fk=0.632 adapt=0.474 (31s)
  [grid_7c4fffcad49a] seed=42 reward=3.049 succ=0.036 fk=0.514 adapt=0.299 (30s)
  [grid_f233ee8e99bf] seed=42 reward=3.639 succ=0.119 fk=0.615 adapt=0.498 (30s)
  [grid_58c05abcb52e] seed=42 reward=3.360 succ=0.098 fk=0.575 adapt=0.470 (31s)
  [grid_2a2654764ceb] seed=42 reward=3.195 succ=0.430 fk=0.725 adapt=0.778 (30s)
  [grid_501d9476d887] seed=42 reward=2.874 succ=0.507 fk=0.773 adapt=0.982 (31s)
  [grid_fb292749b961] seed=42 reward=3.481 succ=0.083 fk=0.586 adapt=0.502 (30s)
  [grid_f781968a54b4] seed=42 reward=2.865 succ=0.470 fk=0.761 adapt=0.866 (30s)
  [grid_7487c34b3e14] seed=42 reward=2.997 succ=0.006 fk=0.442 adapt=0.049 (31s)
  [grid_8013f984276a] seed=42 reward=3.506 succ=0.134 fk=0.603 adapt=0.501 (30s)
  [grid_3ea9a1169444] seed=42 reward=3.416 succ=0.107 fk=0.587 adapt=0.553 (30s)
  [grid_4aec99c1f98f] seed=42 reward=2.874 succ=0.507 fk=0.773 adapt=0.982 (30s)
  [grid_81676fe4a2a3] seed=42 reward=3.481 succ=0.083 fk=0.586 adapt=0.502 (31s)
  [grid_ebce6f704a42] seed=42 reward=2.865 succ=0.470 fk=0.761 adapt=0.866 (30s)
  [grid_651764aa368c] seed=42 reward=2.997 succ=0.006 fk=0.442 adapt=0.049 (31s)
  [grid_8aeb5ee9beee] seed=42 reward=3.506 succ=0.134 fk=0.603 adapt=0.501 (30s)
  [grid_58c9a6dff865] seed=42 reward=3.291 succ=0.100 fk=0.557 adapt=0.286 (30s)
  [grid_26d07d0152b0] seed=42 reward=3.308 succ=0.312 fk=0.682 adapt=0.716 (31s)
  [grid_3c0b4d27888f] seed=42 reward=3.104 succ=0.019 fk=0.459 adapt=0.196 (31s)
  [grid_45147a1182a3] seed=42 reward=3.537 succ=0.122 fk=0.602 adapt=0.513 (30s)
  [grid_e13d260bc38d] seed=42 reward=3.187 succ=0.018 fk=0.473 adapt=0.107 (31s)
  [grid_2c3d851eaa8b] seed=42 reward=3.156 succ=0.074 fk=0.529 adapt=0.331 (31s)
  [grid_d7076724dca4] seed=42 reward=3.180 succ=0.056 fk=0.531 adapt=0.526 (30s)
  [grid_aa6b6bd0a703] seed=42 reward=3.394 succ=0.334 fk=0.700 adapt=0.760 (31s)
  [grid_596f6ce877e8] seed=42 reward=3.209 succ=0.156 fk=0.610 adapt=0.515 (31s)
  [grid_630902632be6] seed=42 reward=3.091 succ=0.007 fk=0.466 adapt=0.210 (30s)
  [grid_48dfdeefffd2] seed=42 reward=3.316 succ=0.046 fk=0.557 adapt=0.467 (31s)
  [grid_34eacf27ca1c] seed=42 reward=3.197 succ=0.058 fk=0.530 adapt=0.400 (31s)
  [grid_ddc7bab734ae] seed=42 reward=3.247 succ=0.014 fk=0.455 adapt=0.241 (30s)
  [grid_a4346b965325] seed=42 reward=3.394 succ=0.334 fk=0.700 adapt=0.760 (31s)
  [grid_0eb845cf3653] seed=42 reward=3.209 succ=0.156 fk=0.610 adapt=0.515 (31s)
  [grid_d9455d3284ec] seed=42 reward=3.091 succ=0.007 fk=0.466 adapt=0.210 (31s)
  [grid_a93b0ecd6eee] seed=42 reward=3.316 succ=0.046 fk=0.557 adapt=0.467 (31s)
  [grid_2de3e97abdba] seed=42 reward=3.197 succ=0.058 fk=0.530 adapt=0.400 (31s)
  [grid_9e1929b50368] seed=42 reward=3.247 succ=0.014 fk=0.455 adapt=0.241 (31s)
  [grid_d4eda2a4c001] seed=42 reward=2.997 succ=0.429 fk=0.722 adapt=0.669 (32s)
  [grid_e84461875a4b] seed=42 reward=3.119 succ=0.031 fk=0.521 adapt=0.293 (32s)
  [grid_23cef1e69899] seed=42 reward=3.291 succ=0.075 fk=0.535 adapt=0.165 (31s)
  [grid_4b88a8d3eb8d] seed=42 reward=3.348 succ=0.081 fk=0.566 adapt=0.539 (32s)
  [grid_d9ffa4493858] seed=42 reward=3.454 succ=0.109 fk=0.606 adapt=0.428 (32s)
  [grid_eb20f5afaea9] seed=42 reward=3.481 succ=0.179 fk=0.610 adapt=0.583 (31s)
  [grid_458a94e68daf] seed=42 reward=3.225 succ=0.108 fk=0.601 adapt=0.607 (32s)
  [grid_565a2f67fe95] seed=42 reward=3.229 succ=0.036 fk=0.522 adapt=0.460 (32s)
  [grid_3972a05bf231] seed=42 reward=3.386 succ=0.249 fk=0.663 adapt=0.556 (31s)
  [grid_56550778ec02] seed=42 reward=3.162 succ=0.200 fk=0.626 adapt=0.350 (32s)
  [grid_d932fa82ac33] seed=42 reward=3.219 succ=0.024 fk=0.481 adapt=0.253 (32s)
  [grid_12f6ae2f3c4c] seed=42 reward=3.219 succ=0.046 fk=0.526 adapt=0.530 (31s)
  [grid_eb538ed7143b] seed=42 reward=2.917 succ=0.011 fk=0.441 adapt=0.045 (32s)
  [grid_00be04264e44] seed=42 reward=3.229 succ=0.036 fk=0.522 adapt=0.460 (32s)
  [grid_8b7ff749ebe0] seed=42 reward=3.236 succ=0.139 fk=0.602 adapt=0.500 (31s)
  [grid_526a94e6418f] seed=42 reward=3.162 succ=0.200 fk=0.626 adapt=0.350 (32s)
  [grid_d8df9c64594d] seed=42 reward=3.219 succ=0.024 fk=0.481 adapt=0.253 (32s)
  [grid_1a177ddf87ff] seed=42 reward=3.530 succ=0.074 fk=0.572 adapt=0.510 (31s)
  [grid_712579a804ac] seed=42 reward=3.233 succ=0.022 fk=0.510 adapt=0.209 (32s)
  [grid_c92897ef3c25] seed=42 reward=3.535 succ=0.116 fk=0.570 adapt=0.572 (33s)
  [grid_3f66687a5149] seed=42 reward=3.263 succ=0.026 fk=0.516 adapt=0.443 (32s)
  [grid_b2db97ef5d39] seed=42 reward=3.535 succ=0.123 fk=0.587 adapt=0.404 (31s)
  [grid_45ac9666dc51] seed=42 reward=3.174 succ=0.015 fk=0.488 adapt=0.157 (32s)
  [grid_cc88ae35085f] seed=42 reward=2.689 succ=0.405 fk=0.737 adapt=0.712 (30s)
  [grid_09cae34c6b73] seed=42 reward=3.469 succ=0.224 fk=0.649 adapt=0.670 (31s)
  [grid_dc63d86ae101] seed=42 reward=3.399 succ=0.139 fk=0.601 adapt=0.606 (32s)
  [grid_5dee79169f8d] seed=42 reward=3.273 succ=0.053 fk=0.516 adapt=0.345 (31s)
  [grid_85fafb9c645d] seed=42 reward=3.535 succ=0.123 fk=0.587 adapt=0.404 (31s)
  [grid_9347f93c2c2e] seed=42 reward=2.861 succ=0.024 fk=0.498 adapt=0.308 (32s)
  [grid_1fd2290bd229] seed=42 reward=3.109 succ=0.040 fk=0.528 adapt=0.376 (31s)
  [grid_dad2a86c4e54] seed=42 reward=3.187 succ=0.083 fk=0.562 adapt=0.396 (32s)
  [grid_38ca47d46e9d] seed=42 reward=3.542 succ=0.079 fk=0.586 adapt=0.377 (31s)
  [grid_f737132cfe1a] seed=42 reward=3.131 succ=0.031 fk=0.518 adapt=0.307 (31s)
  [grid_6b3ed2c0c2ef] seed=42 reward=3.481 succ=0.067 fk=0.562 adapt=0.393 (32s)
  [grid_3c3e1edc9863] seed=42 reward=3.560 succ=0.138 fk=0.618 adapt=0.430 (32s)
  [grid_3846dd9f52ec] seed=42 reward=3.286 succ=0.060 fk=0.527 adapt=0.445 (31s)
  [grid_40840a9b3ae8] seed=42 reward=3.250 succ=0.306 fk=0.701 adapt=0.775 (31s)
  [grid_945297e84fb5] seed=42 reward=3.338 succ=0.145 fk=0.599 adapt=0.368 (32s)
  [grid_e8816a75ebaf] seed=42 reward=3.495 succ=0.100 fk=0.582 adapt=0.549 (31s)
  [grid_300e93de3114] seed=42 reward=3.273 succ=0.039 fk=0.519 adapt=0.231 (32s)
  [grid_a36c16b1b2c1] seed=42 reward=3.232 succ=0.035 fk=0.478 adapt=0.164 (32s)
  [grid_5a09f9b687da] seed=42 reward=3.289 succ=0.419 fk=0.739 adapt=0.758 (31s)
  [grid_e1217e167a7b] seed=42 reward=3.483 succ=0.111 fk=0.585 adapt=0.582 (32s)
  [grid_fe94729c52b6] seed=42 reward=3.473 succ=0.052 fk=0.540 adapt=0.376 (31s)
  [grid_efbc01973f4d] seed=42 reward=3.494 succ=0.086 fk=0.567 adapt=0.519 (31s)
  [grid_ab22d7cfa611] seed=42 reward=3.273 succ=0.039 fk=0.519 adapt=0.231 (32s)
  [grid_21ab206a7926] seed=42 reward=3.358 succ=0.355 fk=0.690 adapt=0.558 (33s)
  [grid_0e694e6af61f] seed=42 reward=3.407 succ=0.071 fk=0.552 adapt=0.300 (32s)
  [grid_408c06433eba] seed=42 reward=3.537 succ=0.087 fk=0.592 adapt=0.493 (32s)
  [grid_73cf8ebd8e2c] seed=42 reward=3.473 succ=0.052 fk=0.543 adapt=0.396 (32s)
  [grid_ab257d7c1dc5] seed=42 reward=3.257 succ=0.027 fk=0.519 adapt=0.438 (32s)
  [grid_22b0fdea054f] seed=42 reward=3.386 succ=0.122 fk=0.575 adapt=0.421 (32s)
  [grid_23235bf395fa] seed=42 reward=3.377 succ=0.245 fk=0.660 adapt=0.614 (33s)
  [grid_db7e82038abf] seed=42 reward=3.225 succ=0.093 fk=0.549 adapt=0.384 (32s)
  [grid_c50c5698abc7] seed=42 reward=3.173 succ=0.111 fk=0.584 adapt=0.507 (33s)
  [grid_c2c58b6fe215] seed=42 reward=3.449 succ=0.070 fk=0.548 adapt=0.498 (32s)
  [grid_de5bd352b775] seed=42 reward=3.416 succ=0.211 fk=0.631 adapt=0.492 (32s)
  [grid_17823577cfcc] seed=42 reward=3.370 succ=0.057 fk=0.536 adapt=0.465 (32s)
  [grid_cd6d16013fc0] seed=42 reward=3.026 succ=0.041 fk=0.531 adapt=0.349 (33s)
  [grid_3e5944bcf010] seed=42 reward=3.469 succ=0.247 fk=0.673 adapt=0.721 (31s)
  [grid_a86c3b062953] seed=42 reward=3.388 succ=0.288 fk=0.677 adapt=0.744 (33s)
  [grid_8501b18ff71a] seed=42 reward=3.499 succ=0.049 fk=0.554 adapt=0.305 (33s)
  [grid_8410ffa3bc57] seed=42 reward=3.357 succ=0.222 fk=0.639 adapt=0.480 (32s)
  [grid_9b273a5a9b95] seed=42 reward=3.246 succ=0.047 fk=0.533 adapt=0.489 (32s)
  [grid_8cdc88fe8f6c] seed=42 reward=3.265 succ=0.318 fk=0.675 adapt=0.416 (31s)
  [grid_7527a6fdc9b8] seed=42 reward=3.350 succ=0.054 fk=0.571 adapt=0.303 (30s)
  [grid_e0a44c07bc47] seed=42 reward=3.133 succ=0.057 fk=0.536 adapt=0.198 (31s)
  [grid_9db185369b47] seed=42 reward=3.160 succ=0.065 fk=0.524 adapt=0.241 (31s)
  [grid_0c97792036ba] seed=42 reward=3.110 succ=0.109 fk=0.570 adapt=0.327 (30s)
  [grid_e08a1b0e2828] seed=42 reward=3.073 succ=0.018 fk=0.475 adapt=0.096 (31s)
  [grid_85a2505912dc] seed=42 reward=3.192 succ=0.099 fk=0.575 adapt=0.583 (31s)
  [grid_7b411c439e7b] seed=42 reward=2.941 succ=0.003 fk=0.407 adapt=0.108 (30s)
  [grid_295fd80a1306] seed=42 reward=2.746 succ=0.448 fk=0.738 adapt=0.771 (31s)
  [grid_9c8c3b46756c] seed=42 reward=3.317 succ=0.122 fk=0.616 adapt=0.578 (31s)
  [grid_6cce42f7b459] seed=42 reward=3.167 succ=0.042 fk=0.531 adapt=0.527 (30s)
  [grid_d28a337cd4bc] seed=42 reward=3.469 succ=0.258 fk=0.654 adapt=0.717 (30s)
  [grid_7d22df467b7d] seed=42 reward=3.227 succ=0.049 fk=0.535 adapt=0.478 (31s)
  [grid_e4e5b6e367c6] seed=42 reward=2.941 succ=0.003 fk=0.407 adapt=0.108 (30s)
  [grid_3ade62411c74] seed=42 reward=2.746 succ=0.448 fk=0.738 adapt=0.771 (31s)
  [grid_ae7670967c4e] seed=42 reward=3.317 succ=0.122 fk=0.616 adapt=0.578 (31s)
  [grid_6b83f6ef32c4] seed=42 reward=3.546 succ=0.044 fk=0.553 adapt=0.496 (30s)
  [grid_2772a0fd0a3a] seed=42 reward=3.205 succ=0.445 fk=0.732 adapt=0.845 (30s)
  [grid_417e3bf42d7d] seed=42 reward=2.924 succ=0.032 fk=0.527 adapt=0.309 (31s)
  [grid_7a1b20cdbc5c] seed=42 reward=3.588 succ=0.104 fk=0.609 adapt=0.459 (30s)
  [grid_5495eabfc9d4] seed=42 reward=3.360 succ=0.368 fk=0.706 adapt=0.741 (31s)
  [grid_929035d24fbf] seed=42 reward=3.425 succ=0.057 fk=0.535 adapt=0.433 (31s)
  [grid_dbf47c5a67e8] seed=42 reward=3.310 succ=0.405 fk=0.710 adapt=0.736 (30s)
  [grid_dd8d74156378] seed=42 reward=3.021 succ=0.024 fk=0.491 adapt=0.294 (31s)
  [grid_5bf545a960f1] seed=42 reward=3.034 succ=0.335 fk=0.704 adapt=0.707 (31s)
  [grid_eb486a45a470] seed=42 reward=3.452 succ=0.082 fk=0.574 adapt=0.517 (30s)
  [grid_1f6725bcc912] seed=42 reward=3.203 succ=0.124 fk=0.572 adapt=0.348 (31s)
  [grid_cc1f3c58f8cb] seed=42 reward=2.896 succ=0.474 fk=0.760 adapt=0.947 (32s)
  [grid_a1725cb96a7c] seed=42 reward=3.369 succ=0.038 fk=0.517 adapt=0.361 (30s)
  [grid_fcaa8ce685f7] seed=42 reward=3.264 succ=0.018 fk=0.450 adapt=0.255 (31s)
  [grid_94968f9761c5] seed=42 reward=3.034 succ=0.335 fk=0.704 adapt=0.707 (32s)
  [grid_5f17c439a6ae] seed=42 reward=3.217 succ=0.051 fk=0.535 adapt=0.176 (31s)
  [grid_90aadeb0650b] seed=42 reward=3.381 succ=0.023 fk=0.490 adapt=0.254 (31s)
  [grid_a5bdcb7d3b1d] seed=42 reward=3.142 succ=0.042 fk=0.513 adapt=0.374 (31s)
  [grid_e5488c162868] seed=42 reward=3.075 succ=0.020 fk=0.483 adapt=0.352 (31s)
  [grid_eb4605137b12] seed=42 reward=3.264 succ=0.018 fk=0.450 adapt=0.255 (31s)
  [grid_4737f8f7a64e] seed=42 reward=3.222 succ=0.072 fk=0.550 adapt=0.274 (32s)
  [grid_0681eabef085] seed=42 reward=3.477 succ=0.052 fk=0.513 adapt=0.412 (32s)
  [grid_cf9362b779f4] seed=42 reward=3.054 succ=0.089 fk=0.577 adapt=0.208 (32s)
  [grid_55058942aa88] seed=42 reward=3.428 succ=0.061 fk=0.516 adapt=0.364 (32s)
  [grid_c301464192d9] seed=42 reward=3.184 succ=0.231 fk=0.605 adapt=0.452 (33s)
  [grid_ff7f1105ad20] seed=42 reward=3.366 succ=0.045 fk=0.531 adapt=0.488 (31s)
  [grid_db14ebccaf0b] seed=42 reward=2.917 succ=0.011 fk=0.441 adapt=0.045 (32s)
  [grid_0d2d7005d386] seed=42 reward=3.374 succ=0.066 fk=0.577 adapt=0.445 (32s)
  [grid_b5f1052be4c5] seed=42 reward=3.236 succ=0.139 fk=0.602 adapt=0.500 (31s)
  [grid_32cb358b8f40] seed=42 reward=3.451 succ=0.169 fk=0.612 adapt=0.592 (32s)
  [grid_723a677bc6ab] seed=42 reward=3.365 succ=0.313 fk=0.668 adapt=0.686 (32s)
  [grid_c19596f89c3f] seed=42 reward=3.530 succ=0.074 fk=0.572 adapt=0.510 (31s)
  [grid_1c58647f3d3d] seed=42 reward=3.623 succ=0.101 fk=0.598 adapt=0.501 (32s)
  [grid_5f27d4ec56ad] seed=42 reward=3.416 succ=0.024 fk=0.494 adapt=0.288 (32s)
  [grid_0f7a0b053177] seed=42 reward=3.386 succ=0.249 fk=0.663 adapt=0.556 (32s)
  [grid_008d61b81f89] seed=42 reward=3.435 succ=0.134 fk=0.605 adapt=0.569 (32s)
  [grid_feda610befd4] seed=42 reward=3.165 succ=0.042 fk=0.540 adapt=0.413 (32s)
  [grid_584f0af0ba9d] seed=42 reward=3.219 succ=0.046 fk=0.526 adapt=0.530 (31s)
  [grid_10aa961215a6] seed=42 reward=3.203 succ=0.073 fk=0.546 adapt=0.473 (32s)
  [grid_1fba01e4f472] seed=42 reward=3.238 succ=0.064 fk=0.565 adapt=0.454 (32s)
  [grid_ed995cd80409] seed=42 reward=3.565 succ=0.064 fk=0.561 adapt=0.501 (32s)
  [grid_3bea0ad67192] seed=42 reward=3.250 succ=0.059 fk=0.531 adapt=0.287 (32s)
  [grid_6c2cee311a9d] seed=42 reward=3.374 succ=0.193 fk=0.623 adapt=0.594 (31s)
  [grid_396b1040e8ba] seed=42 reward=3.217 succ=0.089 fk=0.553 adapt=0.566 (31s)
  [grid_e0d3d72725d2] seed=42 reward=3.231 succ=0.084 fk=0.532 adapt=0.367 (32s)
  [grid_f8916456d9d4] seed=42 reward=2.812 succ=0.493 fk=0.769 adapt=0.941 (31s)
  [grid_c63eddf485e4] seed=42 reward=3.264 succ=0.059 fk=0.537 adapt=0.474 (31s)
  [grid_f201db973e8c] seed=42 reward=3.464 succ=0.057 fk=0.542 adapt=0.494 (32s)
  [grid_3100139a5f74] seed=42 reward=3.519 succ=0.095 fk=0.594 adapt=0.472 (30s)
  [grid_a66c62fc1711] seed=42 reward=2.726 succ=0.250 fk=0.685 adapt=0.659 (32s)
  [grid_082f79df6497] seed=42 reward=2.975 succ=0.009 fk=0.447 adapt=0.122 (32s)
  [grid_95683721778c] seed=42 reward=3.243 succ=0.186 fk=0.640 adapt=0.561 (31s)
  [grid_297091cd0150] seed=42 reward=3.441 succ=0.047 fk=0.531 adapt=0.504 (31s)
  [grid_e9d7adcab5aa] seed=42 reward=3.550 succ=0.092 fk=0.555 adapt=0.517 (32s)
  [grid_1f7b1029e878] seed=42 reward=3.414 succ=0.074 fk=0.538 adapt=0.484 (31s)
  [grid_a3596df0d68d] seed=42 reward=3.047 succ=0.331 fk=0.701 adapt=0.587 (31s)
  [grid_277d184c61a0] seed=42 reward=3.552 succ=0.142 fk=0.617 adapt=0.573 (32s)
  [grid_7a5f147f2c6d] seed=42 reward=3.184 succ=0.070 fk=0.573 adapt=0.422 (31s)
  [grid_8530851f7b07] seed=42 reward=3.426 succ=0.044 fk=0.544 adapt=0.387 (32s)
  [grid_ee8f6ce19078] seed=42 reward=3.381 succ=0.071 fk=0.543 adapt=0.449 (32s)
  [grid_d23b9116254b] seed=42 reward=3.579 succ=0.086 fk=0.594 adapt=0.486 (31s)
  [grid_9947fa25acf6] seed=42 reward=3.047 succ=0.331 fk=0.701 adapt=0.587 (31s)
  [grid_d4ef833d4a2e] seed=42 reward=3.552 succ=0.142 fk=0.617 adapt=0.573 (32s)
  [grid_47b8d3a3f086] seed=42 reward=3.184 succ=0.070 fk=0.573 adapt=0.422 (31s)
  [grid_e43d9eca142c] seed=42 reward=3.426 succ=0.044 fk=0.544 adapt=0.387 (31s)
  [grid_402ee2c58dfb] seed=42 reward=3.381 succ=0.071 fk=0.543 adapt=0.449 (32s)
  [grid_df9ff441b819] seed=42 reward=3.579 succ=0.086 fk=0.594 adapt=0.486 (30s)
  [grid_7669780d7a03] seed=42 reward=3.246 succ=0.063 fk=0.562 adapt=0.392 (32s)
  [grid_fa2678db7213] seed=42 reward=3.384 succ=0.052 fk=0.488 adapt=0.322 (32s)
  [grid_4a8cf8de917d] seed=42 reward=3.154 succ=0.043 fk=0.542 adapt=0.386 (31s)
  [grid_21da2798dd04] seed=42 reward=3.295 succ=0.094 fk=0.577 adapt=0.625 (32s)
  [grid_23c19bfe9d3f] seed=42 reward=3.652 succ=0.154 fk=0.623 adapt=0.506 (32s)
  [grid_990f717ab20d] seed=42 reward=3.361 succ=0.066 fk=0.568 adapt=0.461 (31s)
  [grid_9c09e7a8073c] seed=42 reward=3.393 succ=0.200 fk=0.619 adapt=0.511 (32s)
  [grid_3dcfd9dec6dd] seed=42 reward=3.442 succ=0.077 fk=0.548 adapt=0.551 (32s)
  [grid_9008747e40fc] seed=42 reward=3.513 succ=0.178 fk=0.595 adapt=0.581 (31s)
  [grid_c80a2f5a9415] seed=42 reward=3.586 succ=0.124 fk=0.585 adapt=0.447 (32s)
  [grid_616ac1315d42] seed=42 reward=3.228 succ=0.082 fk=0.542 adapt=0.561 (32s)
  [grid_7d0c3aac9f80] seed=42 reward=3.294 succ=0.058 fk=0.542 adapt=0.559 (31s)
  [grid_48a551de0a33] seed=42 reward=3.393 succ=0.200 fk=0.619 adapt=0.511 (32s)
  [grid_e8b086832487] seed=42 reward=3.442 succ=0.077 fk=0.548 adapt=0.551 (33s)
  [grid_487fb4fc7d55] seed=42 reward=3.513 succ=0.178 fk=0.595 adapt=0.581 (31s)
  [grid_906f978ddf12] seed=42 reward=3.586 succ=0.124 fk=0.585 adapt=0.447 (32s)
  [grid_52bc210d7f4d] seed=42 reward=3.228 succ=0.082 fk=0.542 adapt=0.561 (33s)
  [grid_602e8c57fab0] seed=42 reward=3.294 succ=0.058 fk=0.542 adapt=0.559 (31s)
  [grid_e6769dfae34a] seed=42 reward=3.111 succ=0.029 fk=0.528 adapt=0.261 (30s)
  [grid_8f859c6acc11] seed=42 reward=3.171 succ=0.063 fk=0.531 adapt=0.250 (31s)
  [grid_dd3bf607e2ed] seed=42 reward=2.924 succ=0.378 fk=0.728 adapt=0.738 (30s)
  [grid_f9ccf3521762] seed=42 reward=3.248 succ=0.047 fk=0.512 adapt=0.097 (30s)
  [grid_6c8383b0bf0b] seed=42 reward=3.411 succ=0.190 fk=0.612 adapt=0.620 (31s)
  [grid_e0bf58704499] seed=42 reward=3.186 succ=0.093 fk=0.567 adapt=0.284 (30s)
  [grid_0da2ac5e8eb4] seed=42 reward=3.147 succ=0.153 fk=0.630 adapt=0.273 (31s)
  [grid_1c38838e26bd] seed=42 reward=1.847 succ=0.544 fk=0.783 adapt=0.454 (31s)
  [grid_245c1044f1da] seed=42 reward=2.973 succ=0.016 fk=0.494 adapt=0.236 (30s)
  [grid_dc2877fbe129] seed=42 reward=3.331 succ=0.082 fk=0.553 adapt=0.213 (30s)
  [grid_e2a77acde96b] seed=42 reward=3.160 succ=0.382 fk=0.721 adapt=0.821 (31s)
  [grid_92adc1a4cbf0] seed=42 reward=3.364 succ=0.078 fk=0.560 adapt=0.499 (30s)
  [grid_182bee1e539d] seed=42 reward=3.147 succ=0.153 fk=0.630 adapt=0.273 (30s)
  [grid_5d15f742e128] seed=42 reward=1.847 succ=0.544 fk=0.783 adapt=0.454 (31s)
  [grid_8a475b7f4317] seed=42 reward=2.973 succ=0.016 fk=0.494 adapt=0.236 (30s)
  [grid_00e6c9bb8447] seed=42 reward=3.331 succ=0.082 fk=0.553 adapt=0.213 (31s)
  [grid_25f500696a23] seed=42 reward=3.160 succ=0.382 fk=0.721 adapt=0.821 (31s)
  [grid_a98dcec094e8] seed=42 reward=3.364 succ=0.078 fk=0.560 adapt=0.499 (30s)
  [grid_42b366a4ef39] seed=42 reward=3.209 succ=0.092 fk=0.602 adapt=0.495 (31s)
  [grid_b8bb04cb4380] seed=42 reward=3.601 succ=0.104 fk=0.594 adapt=0.502 (31s)
  [grid_d29290a42f00] seed=42 reward=3.165 succ=0.073 fk=0.562 adapt=0.458 (30s)
  [grid_71d6c81e5756] seed=42 reward=3.486 succ=0.289 fk=0.669 adapt=0.684 (30s)
  [grid_87965fbdbc40] seed=42 reward=3.237 succ=0.059 fk=0.519 adapt=0.241 (31s)
  [grid_8e83f7d2b6d5] seed=42 reward=3.561 succ=0.191 fk=0.634 adapt=0.458 (30s)
  [grid_74a899d464bc] seed=42 reward=3.353 succ=0.049 fk=0.564 adapt=0.435 (31s)
  [grid_1cf29c362297] seed=42 reward=3.553 succ=0.057 fk=0.571 adapt=0.489 (31s)
  [grid_cf273650aef1] seed=42 reward=3.269 succ=0.073 fk=0.553 adapt=0.298 (30s)
  [grid_5e13b7315171] seed=42 reward=3.508 succ=0.068 fk=0.582 adapt=0.455 (30s)
  [grid_7520433a41eb] seed=42 reward=3.579 succ=0.099 fk=0.582 adapt=0.504 (31s)
  [grid_a4cf502ff42d] seed=42 reward=3.427 succ=0.054 fk=0.561 adapt=0.257 (30s)
  [grid_1cb3994ab738] seed=42 reward=3.353 succ=0.049 fk=0.564 adapt=0.435 (31s)
  [grid_ba583ec65a4c] seed=42 reward=3.553 succ=0.057 fk=0.571 adapt=0.489 (31s)
  [grid_a7d37323c540] seed=42 reward=3.269 succ=0.073 fk=0.553 adapt=0.298 (30s)
  [grid_ba518a242d3a] seed=42 reward=3.508 succ=0.068 fk=0.582 adapt=0.455 (31s)
  [grid_b810aa4a6c4d] seed=42 reward=3.579 succ=0.099 fk=0.582 adapt=0.504 (31s)
  [grid_f7da62e35890] seed=42 reward=3.427 succ=0.054 fk=0.561 adapt=0.257 (30s)
  [grid_ba60f41d86dd] seed=42 reward=3.136 succ=0.007 fk=0.428 adapt=0.199 (31s)
  [grid_02d0d02c4cf5] seed=42 reward=3.582 succ=0.206 fk=0.626 adapt=0.509 (32s)
  [grid_44c8a12246a9] seed=42 reward=3.170 succ=0.029 fk=0.468 adapt=0.311 (30s)
  [grid_de568ad725bf] seed=42 reward=3.050 succ=0.022 fk=0.493 adapt=0.409 (31s)
  [grid_ce2ce3b4544c] seed=42 reward=3.049 succ=0.128 fk=0.576 adapt=0.307 (32s)
  [grid_1aae6734b274] seed=42 reward=3.040 succ=0.014 fk=0.459 adapt=0.282 (31s)
  [grid_d4318d878bb1] seed=42 reward=3.567 succ=0.097 fk=0.599 adapt=0.505 (31s)
  [grid_5ba669ad95f6] seed=42 reward=3.340 succ=0.107 fk=0.578 adapt=0.560 (32s)
  [grid_4ba4b79951a7] seed=42 reward=3.335 succ=0.032 fk=0.509 adapt=0.453 (31s)
  [grid_d1357dc7fde9] seed=42 reward=3.155 succ=0.323 fk=0.690 adapt=0.726 (31s)
  [grid_93ca2f6bf22c] seed=42 reward=3.400 succ=0.093 fk=0.568 adapt=0.327 (32s)
  [grid_4fc3aead7fd2] seed=42 reward=3.432 succ=0.068 fk=0.559 adapt=0.511 (31s)
  [grid_a83ec45d2063] seed=42 reward=3.567 succ=0.097 fk=0.599 adapt=0.505 (32s)
  [grid_1c60a18e28f2] seed=42 reward=3.340 succ=0.107 fk=0.578 adapt=0.560 (32s)
  [grid_8c0fdd92efab] seed=42 reward=3.335 succ=0.032 fk=0.509 adapt=0.453 (31s)
  [grid_933057494cdd] seed=42 reward=3.155 succ=0.323 fk=0.690 adapt=0.726 (31s)
  [grid_e1bbfe09d74c] seed=42 reward=3.400 succ=0.093 fk=0.568 adapt=0.327 (32s)
  [grid_0a40efd62262] seed=42 reward=3.432 succ=0.068 fk=0.559 adapt=0.511 (31s)
  [grid_0c10be04e8e4] seed=42 reward=3.307 succ=0.023 fk=0.503 adapt=0.396 (32s)
  [grid_83eecf7c628c] seed=42 reward=3.416 succ=0.086 fk=0.556 adapt=0.573 (32s)
  [grid_3e0cc35b78f1] seed=42 reward=3.357 succ=0.122 fk=0.580 adapt=0.590 (32s)
  [grid_390309444dbd] seed=42 reward=3.273 succ=0.061 fk=0.539 adapt=0.494 (32s)
  [grid_f312c1500e60] seed=42 reward=3.562 succ=0.082 fk=0.558 adapt=0.519 (32s)
  [grid_d7ee9eca2cdf] seed=42 reward=2.874 succ=0.510 fk=0.772 adapt=0.978 (31s)
  [grid_467106ecc1c7] seed=42 reward=2.904 succ=0.493 fk=0.770 adapt=0.996 (32s)
  [grid_0911c21122a2] seed=42 reward=2.871 succ=0.231 fk=0.621 adapt=0.522 (32s)
  [grid_3298f0052d48] seed=42 reward=3.372 succ=0.035 fk=0.514 adapt=0.424 (31s)
  [grid_b58e2f7252e8] seed=42 reward=3.445 succ=0.053 fk=0.534 adapt=0.509 (31s)
  [grid_ad9b0a551124] seed=42 reward=3.203 succ=0.206 fk=0.633 adapt=0.557 (32s)
  [grid_a990df27b19a] seed=42 reward=3.331 succ=0.051 fk=0.537 adapt=0.501 (31s)
  [grid_4db7482075dd] seed=42 reward=3.388 succ=0.142 fk=0.569 adapt=0.278 (32s)
  [grid_fed8fae38373] seed=42 reward=3.451 succ=0.053 fk=0.544 adapt=0.514 (32s)
  [grid_6fac80d0bb46] seed=42 reward=3.478 succ=0.132 fk=0.580 adapt=0.565 (31s)
  [grid_deb3fe4cf64b] seed=42 reward=3.520 succ=0.111 fk=0.569 adapt=0.539 (31s)
  [grid_04b4521793d5] seed=42 reward=3.232 succ=0.035 fk=0.478 adapt=0.164 (32s)
  [grid_42940e93d488] seed=42 reward=3.289 succ=0.419 fk=0.739 adapt=0.758 (31s)
  [grid_9697a54d6d0d] seed=42 reward=3.483 succ=0.111 fk=0.585 adapt=0.582 (32s)
  [grid_9e134c92fa7e] seed=42 reward=3.522 succ=0.168 fk=0.619 adapt=0.590 (32s)
  [grid_41eda140d8b4] seed=42 reward=3.320 succ=0.033 fk=0.527 adapt=0.501 (31s)
  [grid_541e7a87ee4b] seed=42 reward=3.426 succ=0.102 fk=0.576 adapt=0.601 (31s)
  [grid_ee607ecd8840] seed=42 reward=3.560 succ=0.138 fk=0.618 adapt=0.430 (32s)
  [grid_a502034b4207] seed=42 reward=3.286 succ=0.060 fk=0.527 adapt=0.445 (31s)
  [grid_096ff98a1ea2] seed=42 reward=3.362 succ=0.034 fk=0.514 adapt=0.377 (31s)
  [grid_45200bc81626] seed=42 reward=3.489 succ=0.065 fk=0.559 adapt=0.436 (32s)
  [grid_4aae937ba6be] seed=42 reward=3.175 succ=0.045 fk=0.543 adapt=0.479 (31s)
  [grid_3a276c7c7a7f] seed=42 reward=3.243 succ=0.052 fk=0.555 adapt=0.470 (31s)
  [grid_863297d00dd0] seed=42 reward=3.447 succ=0.118 fk=0.593 adapt=0.384 (33s)
  [grid_5ea59a8c18a2] seed=42 reward=2.746 succ=0.396 fk=0.731 adapt=0.686 (32s)
  [grid_711d6e8c28e4] seed=42 reward=3.288 succ=0.053 fk=0.531 adapt=0.397 (32s)
  [grid_f040993fad36] seed=42 reward=3.342 succ=0.061 fk=0.558 adapt=0.388 (32s)
  [grid_02171e76878e] seed=42 reward=3.409 succ=0.179 fk=0.605 adapt=0.425 (32s)
  [grid_b70129869764] seed=42 reward=3.491 succ=0.087 fk=0.582 adapt=0.575 (32s)
  [grid_129f8ffd9d9a] seed=42 reward=3.126 succ=0.030 fk=0.526 adapt=0.284 (33s)
  [grid_6a5b1ac5cf7e] seed=42 reward=3.469 succ=0.247 fk=0.673 adapt=0.721 (32s)
  [grid_3b5c92cb721f] seed=42 reward=3.388 succ=0.288 fk=0.677 adapt=0.744 (32s)
  [grid_84efd4b9f7a4] seed=42 reward=3.574 succ=0.075 fk=0.561 adapt=0.431 (33s)
  [grid_229c51fa3b7f] seed=42 reward=3.342 succ=0.052 fk=0.552 adapt=0.464 (31s)
  [grid_e1e599c8e6c8] seed=42 reward=3.246 succ=0.047 fk=0.533 adapt=0.489 (32s)
  [grid_069f4dd8bd0a] seed=42 reward=3.126 succ=0.030 fk=0.526 adapt=0.284 (33s)
  [grid_90d407fa80f0] seed=42 reward=3.201 succ=0.080 fk=0.589 adapt=0.452 (31s)
  [grid_23b0f4293675] seed=42 reward=3.417 succ=0.125 fk=0.605 adapt=0.595 (32s)
  [grid_397c069e631d] seed=42 reward=3.574 succ=0.075 fk=0.561 adapt=0.431 (33s)
  [grid_b1bb604a5b6b] seed=42 reward=3.416 succ=0.211 fk=0.631 adapt=0.492 (32s)
  [grid_d53b1e82a327] seed=42 reward=3.370 succ=0.057 fk=0.536 adapt=0.465 (32s)
  [grid_63f3a0c2b0c4] seed=42 reward=3.014 succ=0.440 fk=0.738 adapt=0.741 (31s)
  [grid_90d3c3de0823] seed=42 reward=3.040 succ=0.011 fk=0.449 adapt=0.044 (30s)
  [grid_46be162c31ad] seed=42 reward=3.345 succ=0.062 fk=0.532 adapt=0.402 (31s)
  [grid_30513681e259] seed=42 reward=3.101 succ=0.011 fk=0.454 adapt=0.280 (31s)
  [grid_edf61153ffe5] seed=42 reward=3.238 succ=0.012 fk=0.477 adapt=0.316 (30s)
  [grid_e1881041392e] seed=42 reward=3.536 succ=0.114 fk=0.606 adapt=0.441 (31s)
  [grid_33052d65dc8a] seed=42 reward=3.227 succ=0.049 fk=0.535 adapt=0.478 (31s)
  [grid_9f442f32b51e] seed=42 reward=2.834 succ=0.215 fk=0.646 adapt=0.306 (30s)
  [grid_f6e64e9d3e6e] seed=42 reward=2.893 succ=0.431 fk=0.735 adapt=0.679 (31s)
  [grid_b1cd235cfece] seed=42 reward=3.582 succ=0.060 fk=0.563 adapt=0.479 (31s)
  [grid_9b016f79a53c] seed=42 reward=3.546 succ=0.044 fk=0.553 adapt=0.496 (30s)
  [grid_93dceb259154] seed=42 reward=2.799 succ=0.429 fk=0.732 adapt=0.792 (31s)
  [grid_c41e7e3245bf] seed=42 reward=3.192 succ=0.099 fk=0.575 adapt=0.583 (31s)
  [grid_541f6b241dfb] seed=42 reward=2.834 succ=0.215 fk=0.646 adapt=0.306 (30s)
  [grid_9aaddac774bf] seed=42 reward=3.284 succ=0.331 fk=0.704 adapt=0.753 (31s)
  [grid_3adbc823a7ea] seed=42 reward=2.818 succ=0.063 fk=0.547 adapt=0.236 (31s)
  [grid_a718be774307] seed=42 reward=3.254 succ=0.072 fk=0.552 adapt=0.237 (30s)
  [grid_9bdb96d85d58] seed=42 reward=2.799 succ=0.429 fk=0.732 adapt=0.792 (31s)
  [grid_048f8909f9a2] seed=42 reward=3.141 succ=0.028 fk=0.481 adapt=0.128 (31s)
  [grid_223a41514aa3] seed=42 reward=3.245 succ=0.051 fk=0.530 adapt=0.532 (31s)
  [grid_9f269d94e295] seed=42 reward=3.089 succ=0.054 fk=0.534 adapt=0.514 (31s)
  [grid_3cc0ba46db28] seed=42 reward=3.368 succ=0.153 fk=0.607 adapt=0.598 (31s)
  [grid_7588d4f92cf8] seed=42 reward=3.205 succ=0.013 fk=0.414 adapt=0.164 (30s)
  [grid_747118804fca] seed=42 reward=3.438 succ=0.049 fk=0.543 adapt=0.303 (31s)
  [grid_434e380de7b7] seed=42 reward=3.332 succ=0.170 fk=0.606 adapt=0.551 (31s)
  [grid_53fb71f013ed] seed=42 reward=3.215 succ=0.056 fk=0.539 adapt=0.226 (30s)
  [grid_b1e45675c65e] seed=42 reward=3.118 succ=0.376 fk=0.715 adapt=0.679 (31s)
  [grid_2d026276775c] seed=42 reward=3.455 succ=0.096 fk=0.573 adapt=0.548 (31s)
  [grid_2e7e38e9d8eb] seed=42 reward=3.433 succ=0.028 fk=0.541 adapt=0.285 (30s)
  [grid_de67db711109] seed=42 reward=3.308 succ=0.063 fk=0.544 adapt=0.445 (31s)
  [grid_4e1d151d376b] seed=42 reward=3.233 succ=0.052 fk=0.534 adapt=0.501 (32s)
  [grid_a86bcdab9173] seed=42 reward=3.053 succ=0.029 fk=0.499 adapt=0.266 (31s)
  [grid_e56a9d8d5944] seed=42 reward=3.364 succ=0.068 fk=0.534 adapt=0.467 (31s)
  [grid_ce1290dbeeb5] seed=42 reward=3.455 succ=0.096 fk=0.573 adapt=0.548 (32s)
  [grid_e94a17aa7a51] seed=42 reward=3.433 succ=0.028 fk=0.541 adapt=0.285 (30s)
  [grid_26d113955fe3] seed=42 reward=3.517 succ=0.228 fk=0.625 adapt=0.655 (31s)
  [grid_0a1c483cd636] seed=42 reward=3.262 succ=0.054 fk=0.545 adapt=0.500 (32s)
  [grid_cb74d7f3f392] seed=42 reward=3.324 succ=0.383 fk=0.715 adapt=0.797 (31s)
  [grid_199c2abd352e] seed=42 reward=3.558 succ=0.077 fk=0.581 adapt=0.442 (31s)
  [grid_aefc0347bb9b] seed=42 reward=3.512 succ=0.104 fk=0.588 adapt=0.434 (33s)
  [grid_afe719d83148] seed=42 reward=3.154 succ=0.429 fk=0.733 adapt=0.829 (31s)
  [grid_5b4936176a9b] seed=42 reward=3.445 succ=0.054 fk=0.553 adapt=0.325 (32s)
  [grid_0f4fb2ab3b27] seed=42 reward=3.043 succ=0.045 fk=0.527 adapt=0.253 (32s)
  [grid_431d8160bbb0] seed=42 reward=2.875 succ=0.495 fk=0.769 adapt=0.973 (31s)
  [grid_ea32d4ebd968] seed=42 reward=3.394 succ=0.257 fk=0.661 adapt=0.720 (32s)
  [grid_eff9c5686209] seed=42 reward=3.435 succ=0.184 fk=0.619 adapt=0.388 (32s)
  [grid_5d039f042a8e] seed=42 reward=3.354 succ=0.079 fk=0.575 adapt=0.535 (31s)
  [grid_24cfba40e29a] seed=42 reward=3.213 succ=0.082 fk=0.548 adapt=0.516 (32s)
  [grid_018088651786] seed=42 reward=3.043 succ=0.045 fk=0.527 adapt=0.253 (32s)
  [grid_3d249ee7879d] seed=42 reward=2.875 succ=0.495 fk=0.769 adapt=0.973 (31s)
  [grid_ae51a613a4eb] seed=42 reward=3.394 succ=0.257 fk=0.661 adapt=0.720 (32s)
  [grid_5137421b8266] seed=42 reward=3.364 succ=0.318 fk=0.687 adapt=0.725 (32s)
  [grid_65746488bd2a] seed=42 reward=3.352 succ=0.028 fk=0.518 adapt=0.334 (31s)
  [grid_1371bdfdb536] seed=42 reward=3.213 succ=0.082 fk=0.548 adapt=0.516 (32s)
  [grid_f5f2fccb2616] seed=42 reward=3.288 succ=0.048 fk=0.534 adapt=0.540 (33s)
  [grid_889eafc356e4] seed=42 reward=3.254 succ=0.274 fk=0.660 adapt=0.615 (31s)
  [grid_98b9d5b1f119] seed=42 reward=3.302 succ=0.065 fk=0.556 adapt=0.464 (33s)
  [grid_ed61cb9343dd] seed=42 reward=3.303 succ=0.023 fk=0.507 adapt=0.450 (33s)
  [grid_114d2df27315] seed=42 reward=3.455 succ=0.059 fk=0.558 adapt=0.475 (31s)
  [grid_1cbcf2f08cda] seed=42 reward=2.874 succ=0.117 fk=0.598 adapt=0.291 (32s)
  [grid_ecff0c132967] seed=42 reward=3.023 succ=0.388 fk=0.735 adapt=0.842 (31s)
  [grid_50e91b603955] seed=42 reward=3.485 succ=0.072 fk=0.560 adapt=0.450 (32s)
  [grid_aed4384c8abc] seed=42 reward=3.526 succ=0.047 fk=0.548 adapt=0.455 (32s)
  [grid_c4f7a5da6496] seed=42 reward=3.339 succ=0.009 fk=0.466 adapt=0.276 (30s)
  [grid_124fa464fbd7] seed=42 reward=3.310 succ=0.099 fk=0.529 adapt=0.431 (31s)
  [grid_afcf6d11f1e5] seed=42 reward=3.548 succ=0.095 fk=0.599 adapt=0.501 (32s)
  [grid_d5c58be96639] seed=42 reward=3.297 succ=0.037 fk=0.527 adapt=0.138 (31s)
  [grid_ff093a17c765] seed=42 reward=2.997 succ=0.036 fk=0.521 adapt=0.219 (32s)
  [grid_4928270da2b8] seed=42 reward=3.350 succ=0.217 fk=0.610 adapt=0.418 (32s)
  [grid_5db6d3664268] seed=42 reward=3.443 succ=0.268 fk=0.638 adapt=0.554 (31s)
  [grid_5ea8f6bdef33] seed=42 reward=3.441 succ=0.105 fk=0.589 adapt=0.575 (31s)
  [grid_3a3a704bcd51] seed=42 reward=3.515 succ=0.059 fk=0.554 adapt=0.473 (32s)
  [grid_e15380b039ad] seed=42 reward=3.276 succ=0.025 fk=0.529 adapt=0.412 (31s)
  [grid_959b7e3700b8] seed=42 reward=3.362 succ=0.034 fk=0.514 adapt=0.377 (31s)
  [grid_99a7440f95cd] seed=42 reward=3.489 succ=0.065 fk=0.559 adapt=0.436 (32s)
  [grid_259ec68dc2bd] seed=42 reward=3.175 succ=0.045 fk=0.543 adapt=0.479 (31s)
  [grid_39d41555f7b1] seed=42 reward=3.243 succ=0.052 fk=0.555 adapt=0.470 (31s)
  [grid_8d9f5e9620f4] seed=42 reward=3.515 succ=0.059 fk=0.554 adapt=0.473 (32s)
  [grid_847a6168dc8d] seed=42 reward=3.184 succ=0.066 fk=0.553 adapt=0.546 (31s)
  [grid_36b289cf8862] seed=42 reward=3.250 succ=0.306 fk=0.701 adapt=0.775 (32s)
  [grid_2bf9110291df] seed=42 reward=3.338 succ=0.145 fk=0.599 adapt=0.368 (32s)
  [grid_a42ac62d7f66] seed=42 reward=3.495 succ=0.100 fk=0.582 adapt=0.549 (31s)
  [grid_29dadc9b3e66] seed=42 reward=3.426 succ=0.102 fk=0.576 adapt=0.601 (32s)
  [grid_de919e830681] seed=42 reward=3.336 succ=0.040 fk=0.526 adapt=0.426 (33s)
  [grid_dcf7703de353] seed=42 reward=3.304 succ=0.022 fk=0.516 adapt=0.401 (31s)
  [grid_aeaaf0495a00] seed=42 reward=3.391 succ=0.104 fk=0.546 adapt=0.436 (32s)
  [grid_fcfb23f83e04] seed=42 reward=3.299 succ=0.031 fk=0.498 adapt=0.267 (33s)
  [grid_ceaa4683b7f2] seed=42 reward=3.258 succ=0.093 fk=0.564 adapt=0.530 (31s)
  [grid_67a24bde96e5] seed=42 reward=3.569 succ=0.033 fk=0.562 adapt=0.421 (32s)
  [grid_0f7f54c7edff] seed=42 reward=3.059 succ=0.025 fk=0.488 adapt=0.335 (32s)
  [grid_3ff61b5a4dcf] seed=42 reward=3.278 succ=0.235 fk=0.666 adapt=0.688 (32s)
  [grid_715e1a408835] seed=42 reward=3.402 succ=0.168 fk=0.635 adapt=0.431 (32s)
  [grid_882ff01f6875] seed=42 reward=3.472 succ=0.059 fk=0.533 adapt=0.470 (33s)
  [grid_ba7c85ca2bcf] seed=42 reward=3.357 succ=0.222 fk=0.639 adapt=0.480 (32s)
  [grid_a7ee56c4a8fd] seed=42 reward=3.559 succ=0.148 fk=0.623 adapt=0.527 (32s)
  [grid_59e38aae84cf] seed=42 reward=3.059 succ=0.025 fk=0.488 adapt=0.335 (33s)
  [grid_18ef369b76b1] seed=42 reward=3.225 succ=0.093 fk=0.549 adapt=0.384 (32s)
  [grid_5c05d79ca9d5] seed=42 reward=3.173 succ=0.111 fk=0.584 adapt=0.507 (33s)
  [grid_f08421254263] seed=42 reward=3.449 succ=0.070 fk=0.548 adapt=0.498 (32s)
  [grid_544a4cd2b3a6] seed=42 reward=3.524 succ=0.083 fk=0.580 adapt=0.511 (32s)
  [grid_2ee822c0cbdc] seed=42 reward=3.568 succ=0.082 fk=0.593 adapt=0.498 (32s)
  [grid_18967fc23293] seed=42 reward=3.196 succ=0.016 fk=0.504 adapt=0.379 (31s)
  [grid_e6b7a3ecbad7] seed=42 reward=3.343 succ=0.433 fk=0.734 adapt=0.767 (30s)
  [grid_1c17d4eccd61] seed=42 reward=2.891 succ=0.031 fk=0.503 adapt=0.272 (31s)
  [grid_e91b42fbf322] seed=42 reward=3.348 succ=0.055 fk=0.515 adapt=0.254 (31s)
  [grid_18489bbc0406] seed=42 reward=3.108 succ=0.057 fk=0.554 adapt=0.209 (30s)
  [grid_ff3c5c2a92aa] seed=42 reward=3.496 succ=0.095 fk=0.586 adapt=0.379 (31s)
  [grid_887cbfe4ffb1] seed=42 reward=3.512 succ=0.034 fk=0.545 adapt=0.376 (31s)
  [grid_a9db9f1eeff1] seed=42 reward=3.008 succ=0.039 fk=0.533 adapt=0.258 (30s)
  [grid_6f37c194795e] seed=42 reward=3.556 succ=0.052 fk=0.570 adapt=0.449 (31s)
  [grid_a3a738eeeb11] seed=42 reward=3.147 succ=0.068 fk=0.542 adapt=0.554 (31s)
  [grid_de94a452d02c] seed=42 reward=3.035 succ=0.130 fk=0.606 adapt=0.472 (30s)
  [grid_b026665588ca] seed=42 reward=3.481 succ=0.145 fk=0.603 adapt=0.563 (31s)
  [grid_a72d15530895] seed=42 reward=2.634 succ=0.020 fk=0.476 adapt=0.171 (31s)
  [grid_4ca243e5cd84] seed=42 reward=3.181 succ=0.113 fk=0.592 adapt=0.311 (30s)
  [grid_73f11d360eb2] seed=42 reward=3.556 succ=0.052 fk=0.570 adapt=0.449 (31s)
  [grid_89dfdafb0c99] seed=42 reward=3.582 succ=0.060 fk=0.563 adapt=0.479 (31s)
  [grid_b3c7192f5178] seed=42 reward=3.035 succ=0.130 fk=0.606 adapt=0.472 (30s)
  [grid_1996e75dee4a] seed=42 reward=3.469 succ=0.258 fk=0.654 adapt=0.717 (30s)
  [grid_f30191d4ccc3] seed=42 reward=2.740 succ=0.231 fk=0.683 adapt=0.630 (31s)
  [grid_1aedada4bbfa] seed=42 reward=3.283 succ=0.057 fk=0.549 adapt=0.537 (31s)
  [grid_11e5ebfcce09] seed=42 reward=2.798 succ=0.027 fk=0.515 adapt=0.364 (31s)
  [grid_2766d85977c0] seed=42 reward=2.847 succ=0.022 fk=0.501 adapt=0.282 (31s)
  [grid_a87339c7666b] seed=42 reward=3.513 succ=0.040 fk=0.554 adapt=0.479 (30s)
  [grid_e5df510f2a8e] seed=42 reward=3.424 succ=0.362 fk=0.671 adapt=0.780 (31s)
  [grid_c64e62965d43] seed=42 reward=3.350 succ=0.040 fk=0.556 adapt=0.270 (31s)
  [grid_c05c813e7fcf] seed=42 reward=3.053 succ=0.029 fk=0.499 adapt=0.266 (31s)
  [grid_b143ac1c24ee] seed=42 reward=3.364 succ=0.068 fk=0.534 adapt=0.467 (31s)
  [grid_25ea6730a6e9] seed=42 reward=3.390 succ=0.021 fk=0.494 adapt=0.382 (31s)
  [grid_17665f6bd042] seed=42 reward=3.104 succ=0.284 fk=0.665 adapt=0.445 (30s)
  [grid_17e02c1c51cc] seed=42 reward=3.517 succ=0.228 fk=0.625 adapt=0.655 (31s)
  [grid_383c569d8303] seed=42 reward=3.332 succ=0.170 fk=0.606 adapt=0.551 (32s)
  [grid_fe605fb78ced] seed=42 reward=3.452 succ=0.082 fk=0.574 adapt=0.517 (31s)
  [grid_892d1b476194] seed=42 reward=3.203 succ=0.124 fk=0.572 adapt=0.348 (32s)
  [grid_43c8b1df05d3] seed=42 reward=3.390 succ=0.021 fk=0.494 adapt=0.382 (32s)
  [grid_60b7f435178f] seed=42 reward=3.104 succ=0.284 fk=0.665 adapt=0.445 (30s)
  [grid_62dd473c89ff] seed=42 reward=3.443 succ=0.098 fk=0.584 adapt=0.575 (31s)
  [grid_396ca2482023] seed=42 reward=3.263 succ=0.229 fk=0.649 adapt=0.562 (32s)
  [grid_6492c442fad9] seed=42 reward=3.350 succ=0.222 fk=0.638 adapt=0.567 (31s)
  [grid_851115855a69] seed=42 reward=3.563 succ=0.106 fk=0.586 adapt=0.501 (32s)
  [grid_1a50ab9d89d1] seed=42 reward=3.398 succ=0.072 fk=0.569 adapt=0.323 (32s)
  [grid_5c25ca101a8f] seed=42 reward=3.333 succ=0.130 fk=0.559 adapt=0.212 (32s)
  [grid_26e2529a20a8] seed=42 reward=3.155 succ=0.339 fk=0.707 adapt=0.646 (31s)
  [grid_4abc4f4e0994] seed=42 reward=3.335 succ=0.141 fk=0.575 adapt=0.534 (32s)
  [grid_ad0916e76c36] seed=42 reward=2.998 succ=0.042 fk=0.529 adapt=0.390 (31s)
  [grid_75bee7c49c5b] seed=42 reward=3.480 succ=0.043 fk=0.544 adapt=0.413 (32s)
  [grid_a8ca0fd2704d] seed=42 reward=3.364 succ=0.318 fk=0.687 adapt=0.725 (32s)
  [grid_2821a8d94944] seed=42 reward=3.352 succ=0.028 fk=0.518 adapt=0.334 (31s)
  [grid_8153992f9c65] seed=42 reward=3.338 succ=0.180 fk=0.603 adapt=0.563 (32s)
  [grid_5d0f3cc0cf4a] seed=42 reward=3.335 succ=0.141 fk=0.575 adapt=0.534 (33s)
  [grid_d9845d5c1895] seed=42 reward=2.998 succ=0.042 fk=0.529 adapt=0.390 (31s)
  [grid_f5457b718880] seed=42 reward=3.480 succ=0.043 fk=0.544 adapt=0.413 (32s)
  [grid_a6ba46f9e09d] seed=42 reward=3.435 succ=0.184 fk=0.619 adapt=0.388 (32s)
  [grid_f815295c35ec] seed=42 reward=3.354 succ=0.079 fk=0.575 adapt=0.535 (31s)
  [grid_c0663314247b] seed=42 reward=3.338 succ=0.180 fk=0.603 adapt=0.563 (31s)
  [grid_fced67682658] seed=42 reward=3.500 succ=0.048 fk=0.537 adapt=0.502 (33s)
  [grid_6b8fdbbd1950] seed=42 reward=3.201 succ=0.029 fk=0.522 adapt=0.205 (32s)
  [grid_26216673163a] seed=42 reward=3.309 succ=0.157 fk=0.626 adapt=0.426 (33s)
  [grid_d84f6d308aac] seed=42 reward=3.406 succ=0.056 fk=0.518 adapt=0.339 (33s)
  [grid_92c96da20bee] seed=42 reward=3.030 succ=0.035 fk=0.517 adapt=0.445 (32s)
  [grid_cb09a823db21] seed=42 reward=3.206 succ=0.351 fk=0.725 adapt=0.834 (32s)
  [grid_011a004bb4ba] seed=42 reward=3.433 succ=0.224 fk=0.647 adapt=0.639 (31s)
  [grid_c0d2aa90c976] seed=42 reward=3.288 succ=0.042 fk=0.528 adapt=0.469 (31s)
  [grid_68227f938dfc] seed=42 reward=3.404 succ=0.022 fk=0.517 adapt=0.409 (32s)
  [grid_dba07d4c9375] seed=42 reward=3.367 succ=0.053 fk=0.532 adapt=0.377 (30s)
  [grid_b1b3511993d7] seed=42 reward=3.260 succ=0.318 fk=0.707 adapt=0.755 (32s)
  [grid_34a0df149ddf] seed=42 reward=3.446 succ=0.125 fk=0.590 adapt=0.523 (32s)
  [grid_66ff5220ac88] seed=42 reward=3.286 succ=0.280 fk=0.696 adapt=0.676 (31s)
  [grid_0b2cf7aeb9c3] seed=42 reward=3.278 succ=0.142 fk=0.576 adapt=0.331 (32s)
  [grid_dcba610d1836] seed=42 reward=3.360 succ=0.166 fk=0.599 adapt=0.378 (32s)
  [grid_da23f2c2d872] seed=42 reward=3.391 succ=0.278 fk=0.671 adapt=0.608 (31s)
  [grid_db06e8521512] seed=42 reward=3.585 succ=0.213 fk=0.622 adapt=0.642 (31s)
  [grid_a520ca2c640d] seed=42 reward=3.282 succ=0.071 fk=0.550 adapt=0.486 (32s)
  [grid_1b145e27e8b7] seed=42 reward=3.184 succ=0.066 fk=0.553 adapt=0.546 (31s)
  [grid_33dde67bb684] seed=42 reward=2.347 succ=0.256 fk=0.692 adapt=0.519 (32s)
  [grid_0163e0f24e79] seed=42 reward=3.473 succ=0.052 fk=0.540 adapt=0.376 (32s)
  [grid_dfe287844825] seed=42 reward=3.494 succ=0.086 fk=0.567 adapt=0.519 (32s)
  [grid_960e8423f5b7] seed=42 reward=3.558 succ=0.120 fk=0.588 adapt=0.501 (31s)
  [grid_df2f66114bb6] seed=42 reward=3.282 succ=0.071 fk=0.550 adapt=0.486 (32s)
  [grid_97ccf720558f] seed=42 reward=3.276 succ=0.025 fk=0.529 adapt=0.412 (31s)
  [grid_dfbc026fd3b8] seed=42 reward=2.347 succ=0.256 fk=0.692 adapt=0.519 (32s)
  [grid_7379d9e386b8] seed=42 reward=3.522 succ=0.168 fk=0.619 adapt=0.590 (32s)
  [grid_c5471812c536] seed=42 reward=3.320 succ=0.033 fk=0.527 adapt=0.501 (31s)
  [grid_b598125a1c6a] seed=42 reward=3.558 succ=0.120 fk=0.588 adapt=0.501 (31s)
  [grid_d4dc07f92993] seed=42 reward=3.311 succ=0.170 fk=0.613 adapt=0.582 (33s)
  [grid_68500b4c1783] seed=42 reward=3.226 succ=0.084 fk=0.563 adapt=0.610 (32s)
  [grid_c32a16c5864e] seed=42 reward=3.495 succ=0.047 fk=0.544 adapt=0.422 (32s)
  [grid_772c20c29fb3] seed=42 reward=3.337 succ=0.043 fk=0.504 adapt=0.336 (32s)
  [grid_c6ce60c24049] seed=42 reward=3.327 succ=0.028 fk=0.514 adapt=0.402 (32s)
  [grid_57546dc9add6] seed=42 reward=3.440 succ=0.039 fk=0.531 adapt=0.253 (32s)
  [grid_242608f3b408] seed=42 reward=3.026 succ=0.041 fk=0.531 adapt=0.349 (33s)
  [grid_0b10a4907711] seed=42 reward=3.201 succ=0.080 fk=0.589 adapt=0.452 (32s)
  [grid_aec90da579ef] seed=42 reward=3.417 succ=0.125 fk=0.605 adapt=0.595 (32s)
  [grid_98980dadbb66] seed=42 reward=3.499 succ=0.049 fk=0.554 adapt=0.305 (33s)
  [grid_38396c7f0084] seed=42 reward=3.524 succ=0.083 fk=0.580 adapt=0.511 (32s)
  [grid_e8b6727a3ec1] seed=42 reward=3.568 succ=0.082 fk=0.593 adapt=0.498 (32s)
  [grid_1d8e81aaaaa7] seed=42 reward=3.377 succ=0.245 fk=0.660 adapt=0.614 (33s)
  [grid_2e390dd47a72] seed=42 reward=3.278 succ=0.235 fk=0.666 adapt=0.688 (32s)
  [grid_c31560d11a28] seed=42 reward=3.402 succ=0.168 fk=0.635 adapt=0.431 (33s)
  [grid_bdee5a541b43] seed=42 reward=3.472 succ=0.059 fk=0.533 adapt=0.470 (32s)
  [grid_998184deb6fb] seed=42 reward=3.342 succ=0.052 fk=0.552 adapt=0.464 (32s)
  [grid_328313f5a757] seed=42 reward=3.559 succ=0.148 fk=0.623 adapt=0.527 (32s)
  [grid_1577c406f118] seed=42 reward=3.520 succ=0.050 fk=0.551 adapt=0.449 (31s)
  [grid_22e9569cce63] seed=42 reward=2.444 succ=0.525 fk=0.776 adapt=0.778 (30s)
  [grid_d50ab7355d00] seed=42 reward=2.856 succ=0.053 fk=0.514 adapt=0.311 (31s)
  [grid_bd4760427deb] seed=42 reward=3.319 succ=0.147 fk=0.613 adapt=0.378 (31s)
  [grid_61d514fad58b] seed=42 reward=3.059 succ=0.013 fk=0.456 adapt=0.246 (30s)
  [grid_e0aff62f1da9] seed=42 reward=3.164 succ=0.041 fk=0.491 adapt=0.091 (31s)
  [grid_33ec0ffcef48] seed=42 reward=2.634 succ=0.020 fk=0.476 adapt=0.171 (31s)
  [grid_3a435c3f9685] seed=42 reward=3.181 succ=0.113 fk=0.592 adapt=0.311 (30s)
  [grid_9f12688487b2] seed=42 reward=3.284 succ=0.331 fk=0.704 adapt=0.753 (31s)
  [grid_e4a0ce37cb0c] seed=42 reward=2.818 succ=0.063 fk=0.547 adapt=0.236 (31s)
  [grid_9a2686b57fc6] seed=42 reward=3.254 succ=0.072 fk=0.552 adapt=0.237 (30s)
  [grid_5dc7b5e1958b] seed=42 reward=3.205 succ=0.445 fk=0.732 adapt=0.845 (31s)
  [grid_f9e3edc9ac86] seed=42 reward=3.512 succ=0.034 fk=0.545 adapt=0.376 (31s)
  [grid_7c99f26340b0] seed=42 reward=3.008 succ=0.039 fk=0.533 adapt=0.258 (30s)
  [grid_87c8714e653e] seed=42 reward=2.893 succ=0.431 fk=0.735 adapt=0.679 (31s)
  [grid_b298c0b33c33] seed=42 reward=3.147 succ=0.068 fk=0.542 adapt=0.554 (31s)
  [grid_0a864f6fbe22] seed=42 reward=3.167 succ=0.042 fk=0.531 adapt=0.527 (30s)
  [grid_2783cf5bf924] seed=42 reward=3.481 succ=0.145 fk=0.603 adapt=0.563 (31s)
  [grid_d4568909d385] seed=42 reward=2.723 succ=0.016 fk=0.499 adapt=0.086 (31s)
  [grid_2e6d6b27d6bd] seed=42 reward=3.095 succ=0.055 fk=0.560 adapt=0.491 (30s)
  [grid_ee6539e18c2d] seed=42 reward=3.420 succ=0.292 fk=0.649 adapt=0.757 (31s)
  [grid_766ec8c6dda1] seed=42 reward=3.330 succ=0.217 fk=0.644 adapt=0.563 (31s)
  [grid_0922944491e0] seed=42 reward=3.113 succ=0.054 fk=0.524 adapt=0.336 (31s)
  [grid_f4bea67bee93] seed=42 reward=3.484 succ=0.073 fk=0.544 adapt=0.533 (31s)
  [grid_15f15a4f6693] seed=42 reward=3.233 succ=0.052 fk=0.534 adapt=0.501 (31s)
  [grid_5431e919ee47] seed=42 reward=3.217 succ=0.051 fk=0.535 adapt=0.176 (30s)
  [grid_2e5052fa9fc4] seed=42 reward=3.381 succ=0.023 fk=0.490 adapt=0.254 (31s)
  [grid_5304758f67bb] seed=42 reward=3.142 succ=0.042 fk=0.513 adapt=0.374 (31s)
  [grid_968f64dc83a1] seed=42 reward=3.075 succ=0.020 fk=0.483 adapt=0.352 (31s)
  [grid_43221ad2b272] seed=42 reward=3.443 succ=0.098 fk=0.584 adapt=0.575 (31s)
  [grid_c6de2b4cce5f] seed=42 reward=3.350 succ=0.040 fk=0.556 adapt=0.270 (31s)
  [grid_9e8b20a2f5fb] seed=42 reward=3.215 succ=0.056 fk=0.539 adapt=0.226 (31s)
  [grid_7370d8662251] seed=42 reward=3.118 succ=0.376 fk=0.715 adapt=0.679 (31s)
  [grid_ba9b536df923] seed=42 reward=2.896 succ=0.474 fk=0.760 adapt=0.947 (32s)
  [grid_66e0d0d8f06e] seed=42 reward=3.369 succ=0.038 fk=0.517 adapt=0.361 (31s)
  [grid_514969bbaf97] seed=42 reward=3.308 succ=0.063 fk=0.544 adapt=0.445 (31s)
  [grid_eb6d3d779af2] seed=42 reward=3.224 succ=0.093 fk=0.527 adapt=0.264 (32s)
  [grid_ce5bc57703df] seed=42 reward=2.634 succ=0.303 fk=0.676 adapt=0.378 (31s)
  [grid_7932c0aa030b] seed=42 reward=3.299 succ=0.086 fk=0.552 adapt=0.212 (32s)
  [grid_1c868aa5aa0b] seed=42 reward=3.389 succ=0.366 fk=0.698 adapt=0.709 (32s)
  [grid_c19f3c709de7] seed=42 reward=3.422 succ=0.345 fk=0.680 adapt=0.747 (33s)
  [grid_c0cfce39bdb7] seed=42 reward=3.437 succ=0.172 fk=0.598 adapt=0.360 (31s)
  [grid_72ca0f15e38f] seed=42 reward=3.623 succ=0.101 fk=0.598 adapt=0.501 (32s)
  [grid_d037010916ef] seed=42 reward=3.416 succ=0.024 fk=0.494 adapt=0.288 (32s)
  [grid_75552aa5ad69] seed=42 reward=3.164 succ=0.017 fk=0.480 adapt=0.131 (31s)
  [grid_c1885e0821a9] seed=42 reward=3.435 succ=0.134 fk=0.605 adapt=0.569 (32s)
  [grid_0f3496f0f4be] seed=42 reward=3.165 succ=0.042 fk=0.540 adapt=0.413 (32s)
  [grid_4b1b8ad1dc3c] seed=42 reward=3.474 succ=0.041 fk=0.536 adapt=0.315 (31s)
  [grid_6dc30b3f0d0a] seed=42 reward=3.225 succ=0.108 fk=0.601 adapt=0.607 (32s)
  [grid_3b95c3b43629] seed=42 reward=3.374 succ=0.066 fk=0.577 adapt=0.445 (32s)
  [grid_3ef6fa6888ec] seed=42 reward=3.164 succ=0.017 fk=0.480 adapt=0.131 (31s)
  [grid_dfc72f627e7b] seed=42 reward=3.451 succ=0.169 fk=0.612 adapt=0.592 (32s)
  [grid_8d027b168324] seed=42 reward=3.365 succ=0.313 fk=0.668 adapt=0.686 (32s)
  [grid_2eb98d402e9c] seed=42 reward=3.474 succ=0.041 fk=0.536 adapt=0.315 (31s)
  [grid_f8f71a6ee8a4] seed=42 reward=2.699 succ=0.031 fk=0.513 adapt=0.146 (33s)
  [grid_ae8f73969cff] seed=42 reward=3.338 succ=0.084 fk=0.546 adapt=0.339 (33s)
  [grid_4169dff2868d] seed=42 reward=3.314 succ=0.054 fk=0.546 adapt=0.276 (32s)
  [grid_a4ec06174046] seed=42 reward=3.083 succ=0.082 fk=0.589 adapt=0.433 (33s)
  [grid_5238ca5ae7c8] seed=42 reward=3.446 succ=0.081 fk=0.558 adapt=0.367 (33s)
  grid progress: 10/2304 configs done
  grid progress: 20/2304 configs done
  grid progress: 30/2304 configs done
  grid progress: 40/2304 configs done
  grid progress: 50/2304 configs done
  grid progress: 60/2304 configs done
  grid progress: 70/2304 configs done
  grid progress: 80/2304 configs done
  grid progress: 90/2304 configs done
  grid progress: 100/2304 configs done
  grid progress: 110/2304 configs done
  grid progress: 120/2304 configs done
  grid progress: 130/2304 configs done
  grid progress: 140/2304 configs done
  grid progress: 150/2304 configs done
  grid progress: 160/2304 configs done
  grid progress: 170/2304 configs done
  grid progress: 180/2304 configs done
  grid progress: 190/2304 configs done
  grid progress: 200/2304 configs done
  grid progress: 210/2304 configs done
  grid progress: 220/2304 configs done
  grid progress: 230/2304 configs done
  grid progress: 240/2304 configs done
  grid progress: 250/2304 configs done
  grid progress: 260/2304 configs done
  grid progress: 270/2304 configs done
  grid progress: 280/2304 configs done
  grid progress: 290/2304 configs done
  grid progress: 300/2304 configs done
  grid progress: 310/2304 configs done
  grid progress: 320/2304 configs done
  grid progress: 330/2304 configs done
  grid progress: 340/2304 configs done
  grid progress: 350/2304 configs done
  grid progress: 360/2304 configs done
  grid progress: 370/2304 configs done
  grid progress: 380/2304 configs done
  grid progress: 390/2304 configs done
  grid progress: 400/2304 configs done
  grid progress: 410/2304 configs done
  grid progress: 420/2304 configs done
  grid progress: 430/2304 configs done
  grid progress: 440/2304 configs done
  grid progress: 450/2304 configs done
  grid progress: 460/2304 configs done
  grid progress: 470/2304 configs done
  grid progress: 480/2304 configs done
  grid progress: 490/2304 configs done
  grid progress: 500/2304 configs done
  grid progress: 510/2304 configs done
  grid progress: 520/2304 configs done
  grid progress: 530/2304 configs done
  grid progress: 540/2304 configs done
  grid progress: 550/2304 configs done
  grid progress: 560/2304 configs done
  grid progress: 570/2304 configs done
  grid progress: 580/2304 configs done
  grid progress: 590/2304 configs done
  grid progress: 600/2304 configs done
  grid progress: 610/2304 configs done
  grid progress: 620/2304 configs done
  grid progress: 630/2304 configs done
  grid progress: 640/2304 configs done
  grid progress: 650/2304 configs done
  grid progress: 660/2304 configs done
  grid progress: 670/2304 configs done
  grid progress: 680/2304 configs done
  grid progress: 690/2304 configs done
  grid progress: 700/2304 configs done
  grid progress: 710/2304 configs done
  grid progress: 720/2304 configs done
  grid progress: 730/2304 configs done
  grid progress: 740/2304 configs done
  grid progress: 750/2304 configs done
  grid progress: 760/2304 configs done
  grid progress: 770/2304 configs done
  grid progress: 780/2304 configs done
  grid progress: 790/2304 configs done
  grid progress: 800/2304 configs done
  grid progress: 810/2304 configs done
  grid progress: 820/2304 configs done
  grid progress: 830/2304 configs done
  grid progress: 840/2304 configs done
  grid progress: 850/2304 configs done
  grid progress: 860/2304 configs done
  grid progress: 870/2304 configs done
  grid progress: 880/2304 configs done
  grid progress: 890/2304 configs done
  grid progress: 900/2304 configs done
  grid progress: 910/2304 configs done
  grid progress: 920/2304 configs done
  grid progress: 930/2304 configs done
  grid progress: 940/2304 configs done
  grid progress: 950/2304 configs done
  grid progress: 960/2304 configs done
  grid progress: 970/2304 configs done
  grid progress: 980/2304 configs done
  grid progress: 990/2304 configs done
  grid progress: 1000/2304 configs done
  grid progress: 1010/2304 configs done
  grid progress: 1020/2304 configs done
  grid progress: 1030/2304 configs done
  grid progress: 1040/2304 configs done
  grid progress: 1050/2304 configs done
  grid progress: 1060/2304 configs done
  grid progress: 1070/2304 configs done
  grid progress: 1080/2304 configs done
  grid progress: 1090/2304 configs done
  grid progress: 1100/2304 configs done
  grid progress: 1110/2304 configs done
  grid progress: 1120/2304 configs done
  grid progress: 1130/2304 configs done
  grid progress: 1140/2304 configs done
  grid progress: 1150/2304 configs done
  grid progress: 1160/2304 configs done
  grid progress: 1170/2304 configs done
  grid progress: 1180/2304 configs done
  grid progress: 1190/2304 configs done
  grid progress: 1200/2304 configs done
  grid progress: 1210/2304 configs done
  grid progress: 1220/2304 configs done
  grid progress: 1230/2304 configs done
  grid progress: 1240/2304 configs done
  grid progress: 1250/2304 configs done
  grid progress: 1260/2304 configs done
  grid progress: 1270/2304 configs done
  grid progress: 1280/2304 configs done
  grid progress: 1290/2304 configs done
  grid progress: 1300/2304 configs done
  grid progress: 1310/2304 configs done
  grid progress: 1320/2304 configs done
  grid progress: 1330/2304 configs done
  grid progress: 1340/2304 configs done
  grid progress: 1350/2304 configs done
  grid progress: 1360/2304 configs done
  grid progress: 1370/2304 configs done
  grid progress: 1380/2304 configs done
  grid progress: 1390/2304 configs done
  grid progress: 1400/2304 configs done
  grid progress: 1410/2304 configs done
  grid progress: 1420/2304 configs done
  grid progress: 1430/2304 configs done
  grid progress: 1440/2304 configs done
  grid progress: 1450/2304 configs done
  grid progress: 1460/2304 configs done
  grid progress: 1470/2304 configs done
  grid progress: 1480/2304 configs done
  grid progress: 1490/2304 configs done
  grid progress: 1500/2304 configs done
  grid progress: 1510/2304 configs done
  grid progress: 1520/2304 configs done
  grid progress: 1530/2304 configs done
  grid progress: 1540/2304 configs done
  grid progress: 1550/2304 configs done
  grid progress: 1560/2304 configs done
  grid progress: 1570/2304 configs done
  grid progress: 1580/2304 configs done
  grid progress: 1590/2304 configs done
  grid progress: 1600/2304 configs done
  grid progress: 1610/2304 configs done
  grid progress: 1620/2304 configs done
  grid progress: 1630/2304 configs done
  grid progress: 1640/2304 configs done
  grid progress: 1650/2304 configs done
  grid progress: 1660/2304 configs done
  grid progress: 1670/2304 configs done
  grid progress: 1680/2304 configs done
  grid progress: 1690/2304 configs done
  grid progress: 1700/2304 configs done
  grid progress: 1710/2304 configs done
  grid progress: 1720/2304 configs done
  grid progress: 1730/2304 configs done
  grid progress: 1740/2304 configs done
  grid progress: 1750/2304 configs done
  grid progress: 1760/2304 configs done
  grid progress: 1770/2304 configs done
  grid progress: 1780/2304 configs done
  grid progress: 1790/2304 configs done
  grid progress: 1800/2304 configs done
  grid progress: 1810/2304 configs done
  grid progress: 1820/2304 configs done
  grid progress: 1830/2304 configs done
  grid progress: 1840/2304 configs done
  grid progress: 1850/2304 configs done
  grid progress: 1860/2304 configs done
  grid progress: 1870/2304 configs done
  grid progress: 1880/2304 configs done
  grid progress: 1890/2304 configs done
  grid progress: 1900/2304 configs done
  grid progress: 1910/2304 configs done
  grid progress: 1920/2304 configs done
  grid progress: 1930/2304 configs done
  grid progress: 1940/2304 configs done
  grid progress: 1950/2304 configs done
  grid progress: 1960/2304 configs done
  grid progress: 1970/2304 configs done
  grid progress: 1980/2304 configs done
  grid progress: 1990/2304 configs done
  grid progress: 2000/2304 configs done
  grid progress: 2010/2304 configs done
  grid progress: 2020/2304 configs done
  grid progress: 2030/2304 configs done
  grid progress: 2040/2304 configs done
  grid progress: 2050/2304 configs done
  grid progress: 2060/2304 configs done
  grid progress: 2070/2304 configs done
  [grid_49840d4a2fb4] seed=42 reward=3.608 succ=0.111 fk=0.610 adapt=0.481 (33s)
  [grid_10fe6dbd6b4f] seed=42 reward=3.200 succ=0.037 fk=0.514 adapt=0.345 (32s)
  [grid_7cb9b9a0e851] seed=42 reward=2.871 succ=0.506 fk=0.770 adapt=0.982 (32s)
  [grid_5623fdee1a8a] seed=42 reward=3.242 succ=0.069 fk=0.537 adapt=0.516 (33s)
  [grid_32b0b6225d1e] seed=42 reward=3.244 succ=0.047 fk=0.552 adapt=0.393 (34s)
  [grid_ef3076dbce78] seed=42 reward=3.368 succ=0.231 fk=0.652 adapt=0.662 (32s)
  [grid_5aaf0b0e948f] seed=42 reward=3.213 succ=0.036 fk=0.513 adapt=0.450 (33s)
  [grid_0ea4842f20e6] seed=42 reward=3.464 succ=0.182 fk=0.607 adapt=0.607 (32s)
  [grid_1ea37259d8a9] seed=42 reward=3.289 succ=0.092 fk=0.564 adapt=0.386 (33s)
  [grid_77ec0e3e7736] seed=42 reward=3.357 succ=0.114 fk=0.533 adapt=0.407 (33s)
  [grid_31e39074b3b3] seed=42 reward=3.349 succ=0.050 fk=0.521 adapt=0.442 (32s)
  [grid_eff1f3cfad36] seed=42 reward=3.473 succ=0.213 fk=0.649 adapt=0.530 (32s)
  [grid_613e1868d3f9] seed=42 reward=3.213 succ=0.036 fk=0.513 adapt=0.450 (33s)
  [grid_e272bd4e2547] seed=42 reward=3.436 succ=0.108 fk=0.575 adapt=0.284 (31s)
  [grid_33639eb1c44d] seed=42 reward=2.856 succ=0.005 fk=0.387 adapt=0.003 (30s)
  [grid_f71cb804f75f] seed=42 reward=3.307 succ=0.029 fk=0.507 adapt=0.252 (31s)
  [grid_9f954734b435] seed=42 reward=2.659 succ=0.520 fk=0.777 adapt=0.898 (30s)
  [grid_480e36e1e8bb] seed=42 reward=3.111 succ=0.025 fk=0.484 adapt=0.050 (30s)
  [grid_b6c8704b2827] seed=42 reward=3.412 succ=0.245 fk=0.625 adapt=0.545 (31s)
  [grid_63fe10e54324] seed=42 reward=2.965 succ=0.012 fk=0.442 adapt=0.101 (30s)
  [grid_05787bb775de] seed=42 reward=3.038 succ=0.026 fk=0.517 adapt=0.507 (30s)
  [grid_78073d039254] seed=42 reward=2.497 succ=0.483 fk=0.760 adapt=0.909 (31s)
  [grid_5bc302d4eb8f] seed=42 reward=3.188 succ=0.263 fk=0.661 adapt=0.608 (30s)
  [grid_b470968e4c4b] seed=42 reward=2.875 succ=0.440 fk=0.746 adapt=0.797 (30s)
  [grid_4a5f2762280a] seed=42 reward=2.643 succ=0.012 fk=0.417 adapt=0.055 (31s)
  [grid_51e331e095a5] seed=42 reward=3.111 succ=0.054 fk=0.542 adapt=0.579 (30s)
  [grid_9cb698c4ae4a] seed=42 reward=3.038 succ=0.026 fk=0.517 adapt=0.507 (31s)
  [grid_8378c9df69bb] seed=42 reward=2.497 succ=0.483 fk=0.760 adapt=0.909 (31s)
  [grid_a2a3ed4cc5e5] seed=42 reward=2.589 succ=0.464 fk=0.755 adapt=0.824 (30s)
  [grid_366428388db1] seed=42 reward=3.357 succ=0.018 fk=0.484 adapt=0.349 (30s)
  [grid_a89e1be691fe] seed=42 reward=3.033 succ=0.043 fk=0.527 adapt=0.456 (31s)
  [grid_8ad0df51fa52] seed=42 reward=3.111 succ=0.054 fk=0.542 adapt=0.579 (30s)
  [grid_21f6015ebd61] seed=42 reward=2.671 succ=0.528 fk=0.779 adapt=0.979 (31s)
  [grid_7cc271f32511] seed=42 reward=3.281 succ=0.061 fk=0.538 adapt=0.490 (31s)
  [grid_350f4a907d23] seed=42 reward=3.224 succ=0.015 fk=0.470 adapt=0.158 (31s)
  [grid_a51332c0f801] seed=42 reward=3.360 succ=0.048 fk=0.496 adapt=0.347 (31s)
  [grid_c4896517a1f6] seed=42 reward=3.435 succ=0.076 fk=0.553 adapt=0.502 (31s)
  [grid_d60ecf436ffb] seed=42 reward=3.531 succ=0.081 fk=0.566 adapt=0.463 (30s)
  [grid_e8c2f548406f] seed=42 reward=2.699 succ=0.047 fk=0.510 adapt=0.066 (31s)
  [grid_2eacd458c06f] seed=42 reward=3.288 succ=0.010 fk=0.482 adapt=0.114 (31s)
  [grid_f56578e3676c] seed=42 reward=3.345 succ=0.042 fk=0.547 adapt=0.230 (30s)
  [grid_decdf2c72bb5] seed=42 reward=3.284 succ=0.094 fk=0.548 adapt=0.483 (31s)
  [grid_dadb6201e662] seed=42 reward=3.532 succ=0.205 fk=0.609 adapt=0.616 (31s)
  [grid_c37e910cb9c8] seed=42 reward=3.332 succ=0.027 fk=0.493 adapt=0.321 (30s)
  [grid_92f97b77832c] seed=42 reward=2.945 succ=0.469 fk=0.761 adapt=0.953 (31s)
  [grid_df62f4a8eb45] seed=42 reward=3.144 succ=0.028 fk=0.520 adapt=0.536 (31s)
  [grid_fecc1d2a1eb1] seed=42 reward=2.989 succ=0.044 fk=0.493 adapt=0.115 (30s)
  [grid_35e6f05aea07] seed=42 reward=3.623 succ=0.112 fk=0.604 adapt=0.507 (31s)
  [grid_fb2489586d31] seed=42 reward=3.576 succ=0.208 fk=0.639 adapt=0.498 (31s)
  [grid_c4005a9588b0] seed=42 reward=3.172 succ=0.078 fk=0.550 adapt=0.276 (31s)
  [grid_38c24d07e90c] seed=42 reward=3.016 succ=0.037 fk=0.531 adapt=0.391 (31s)
  [grid_be193316eeba] seed=42 reward=3.087 succ=0.006 fk=0.385 adapt=0.025 (32s)
  [grid_9fb55372390d] seed=42 reward=3.326 succ=0.301 fk=0.659 adapt=0.649 (31s)
  [grid_8b13437075f4] seed=42 reward=3.522 succ=0.064 fk=0.572 adapt=0.414 (32s)
  [grid_f9b7d20d6713] seed=42 reward=3.172 succ=0.018 fk=0.409 adapt=0.204 (32s)
  [grid_44ada2c61f46] seed=42 reward=2.981 succ=0.393 fk=0.685 adapt=0.726 (31s)
  [grid_739a6ff30910] seed=42 reward=3.022 succ=0.013 fk=0.466 adapt=0.285 (32s)
  [grid_823395d966ae] seed=42 reward=2.971 succ=0.028 fk=0.492 adapt=0.269 (32s)
  [grid_d6ea3b9c8d6c] seed=42 reward=3.389 succ=0.078 fk=0.548 adapt=0.519 (32s)
  [grid_168384472c9a] seed=42 reward=3.401 succ=0.067 fk=0.517 adapt=0.312 (31s)
  [grid_ce3c78beb137] seed=42 reward=3.378 succ=0.079 fk=0.561 adapt=0.487 (31s)
  [grid_2a6954d3be52] seed=42 reward=3.552 succ=0.066 fk=0.551 adapt=0.500 (32s)
  [grid_c2db50de3f0e] seed=42 reward=2.628 succ=0.236 fk=0.647 adapt=0.437 (31s)
  [grid_80a479a051b4] seed=42 reward=3.285 succ=0.056 fk=0.571 adapt=0.439 (32s)
  [grid_6fc1f57fae14] seed=42 reward=3.389 succ=0.078 fk=0.548 adapt=0.519 (32s)
  [grid_5b81b002e0bd] seed=42 reward=3.401 succ=0.067 fk=0.517 adapt=0.312 (31s)
  [grid_d7281dbeb013] seed=42 reward=3.378 succ=0.079 fk=0.561 adapt=0.487 (31s)
  [grid_d6171da73c4d] seed=42 reward=2.817 succ=0.449 fk=0.740 adapt=0.698 (32s)
  [grid_123fca693201] seed=42 reward=3.155 succ=0.255 fk=0.655 adapt=0.567 (32s)
  [grid_14d7bf3fdd63] seed=42 reward=3.507 succ=0.193 fk=0.624 adapt=0.638 (32s)
  [grid_010f9661048c] seed=42 reward=3.324 succ=0.092 fk=0.544 adapt=0.388 (33s)
  [grid_7544f1d1b15a] seed=42 reward=3.325 succ=0.052 fk=0.523 adapt=0.350 (32s)
  [grid_898b423fb114] seed=42 reward=3.514 succ=0.062 fk=0.556 adapt=0.390 (32s)
  [grid_63e696a24657] seed=42 reward=3.346 succ=0.284 fk=0.647 adapt=0.468 (32s)
  [grid_720f3377e47d] seed=42 reward=3.543 succ=0.053 fk=0.551 adapt=0.496 (32s)
  [grid_5418d0b4e414] seed=42 reward=3.292 succ=0.066 fk=0.556 adapt=0.427 (32s)
  [grid_101201220f7f] seed=42 reward=3.456 succ=0.097 fk=0.584 adapt=0.478 (33s)
  [grid_6a5f0c413c5e] seed=42 reward=3.515 succ=0.068 fk=0.567 adapt=0.506 (32s)
  [grid_780bb1d1bbf6] seed=42 reward=3.503 succ=0.093 fk=0.559 adapt=0.532 (32s)
  [grid_5827c66139f9] seed=42 reward=3.456 succ=0.070 fk=0.570 adapt=0.307 (32s)
  [grid_c32ed9b8128b] seed=42 reward=3.543 succ=0.053 fk=0.551 adapt=0.496 (32s)
  [grid_e59db222faac] seed=42 reward=3.292 succ=0.066 fk=0.556 adapt=0.427 (32s)
  [grid_61ac39ad8848] seed=42 reward=3.566 succ=0.182 fk=0.589 adapt=0.578 (33s)
  [grid_d7a20ac865ed] seed=42 reward=3.514 succ=0.043 fk=0.539 adapt=0.428 (32s)
  [grid_662adfd4eef4] seed=42 reward=3.467 succ=0.050 fk=0.539 adapt=0.489 (83s)
  [grid_658a9b2c874f] seed=42 reward=3.367 succ=0.119 fk=0.554 adapt=0.388 (32s)
  [grid_8efd3badb71e] seed=42 reward=3.572 succ=0.054 fk=0.567 adapt=0.448 (33s)
  [grid_3ad961751223] seed=42 reward=3.467 succ=0.028 fk=0.539 adapt=0.415 (32s)
  [grid_70e52497edcb] seed=42 reward=3.245 succ=0.055 fk=0.538 adapt=0.451 (34s)
  [grid_325a36bb1ee9] seed=42 reward=3.323 succ=0.140 fk=0.588 adapt=0.320 (32s)
  [grid_f47e54177224] seed=42 reward=3.548 succ=0.161 fk=0.604 adapt=0.606 (32s)
  [grid_cdf98dfe9f8e] seed=42 reward=3.421 succ=0.169 fk=0.584 adapt=0.500 (32s)
  [grid_ed25374436b4] seed=42 reward=3.572 succ=0.054 fk=0.567 adapt=0.448 (33s)
  [grid_963c7efd0c30] seed=42 reward=3.467 succ=0.028 fk=0.539 adapt=0.415 (32s)
  [grid_b9d17244912f] seed=42 reward=3.245 succ=0.055 fk=0.538 adapt=0.451 (32s)
  [grid_c92dc3ceaffb] seed=42 reward=3.323 succ=0.140 fk=0.588 adapt=0.320 (32s)
  [grid_3df4d9cffe40] seed=42 reward=3.548 succ=0.161 fk=0.604 adapt=0.606 (31s)
  [grid_1bb7d04fcc07] seed=42 reward=3.421 succ=0.169 fk=0.584 adapt=0.500 (32s)
  [grid_1a5fe217f000] seed=42 reward=2.232 succ=0.001 fk=0.350 adapt=0.033 (30s)
  [grid_dbda7f1166a6] seed=42 reward=1.876 succ=0.545 fk=0.785 adapt=0.456 (29s)
  [grid_4451bf95b9aa] seed=42 reward=2.446 succ=0.528 fk=0.778 adapt=0.981 (30s)
  [grid_cd8cc4abb98e] seed=42 reward=2.978 succ=0.041 fk=0.503 adapt=0.118 (31s)
  [grid_b5cda6e03ca2] seed=42 reward=3.094 succ=0.198 fk=0.632 adapt=0.498 (30s)
  [grid_303f1981dd93] seed=42 reward=3.254 succ=0.017 fk=0.465 adapt=0.128 (30s)
  [grid_1fc0799e40bb] seed=42 reward=3.498 succ=0.276 fk=0.677 adapt=0.753 (30s)
  [grid_437b781b4ea5] seed=42 reward=3.194 succ=0.090 fk=0.597 adapt=0.480 (30s)
  [grid_f64d6e98a88e] seed=42 reward=3.126 succ=0.016 fk=0.472 adapt=0.084 (30s)
  [grid_bd1c518c39ab] seed=42 reward=3.195 succ=0.023 fk=0.474 adapt=0.278 (30s)
  [grid_0eed00b77920] seed=42 reward=2.786 succ=0.506 fk=0.770 adapt=0.978 (29s)
  [grid_cce16aa78188] seed=42 reward=3.264 succ=0.312 fk=0.705 adapt=0.751 (30s)
  [grid_4eee95e56ce9] seed=42 reward=3.498 succ=0.276 fk=0.677 adapt=0.753 (31s)
  [grid_df794808e548] seed=42 reward=3.194 succ=0.090 fk=0.597 adapt=0.480 (30s)
  [grid_b3686ffcd908] seed=42 reward=3.126 succ=0.016 fk=0.472 adapt=0.084 (30s)
  [grid_92f8b2fe72b3] seed=42 reward=3.195 succ=0.023 fk=0.474 adapt=0.278 (31s)
  [grid_65627b987c9e] seed=42 reward=2.786 succ=0.506 fk=0.770 adapt=0.978 (30s)
  [grid_f17c70dc4c24] seed=42 reward=3.264 succ=0.312 fk=0.705 adapt=0.751 (30s)
  [grid_e630a6863ac2] seed=42 reward=3.100 succ=0.090 fk=0.595 adapt=0.264 (30s)
  [grid_bfbd8255dc3f] seed=42 reward=3.098 succ=0.038 fk=0.513 adapt=0.017 (30s)
  [grid_8fd17aa6d2a1] seed=42 reward=3.349 succ=0.350 fk=0.673 adapt=0.538 (31s)
  [grid_2b9c009d1a58] seed=42 reward=3.435 succ=0.222 fk=0.632 adapt=0.633 (31s)
  [grid_27f17b0b225b] seed=42 reward=3.425 succ=0.019 fk=0.496 adapt=0.370 (30s)
  [grid_78bb40c33b91] seed=42 reward=3.270 succ=0.062 fk=0.538 adapt=0.492 (31s)
  [grid_d60eb8906678] seed=42 reward=3.010 succ=0.120 fk=0.554 adapt=0.340 (31s)
  [grid_9615e86bf240] seed=42 reward=3.032 succ=0.022 fk=0.489 adapt=0.309 (30s)
  [grid_410da3a6672d] seed=42 reward=2.905 succ=0.249 fk=0.646 adapt=0.341 (31s)
  [grid_1c78b0f607e3] seed=42 reward=3.094 succ=0.061 fk=0.535 adapt=0.515 (31s)
  [grid_16defeccb176] seed=42 reward=3.308 succ=0.244 fk=0.648 adapt=0.630 (30s)
  [grid_250bac984762] seed=42 reward=3.467 succ=0.077 fk=0.572 adapt=0.515 (31s)
  [grid_67f03fc2ead7] seed=42 reward=3.010 succ=0.120 fk=0.554 adapt=0.340 (31s)
  [grid_99fe06d77de3] seed=42 reward=3.032 succ=0.022 fk=0.489 adapt=0.309 (30s)
  [grid_c39fd9298fa7] seed=42 reward=2.905 succ=0.249 fk=0.646 adapt=0.341 (31s)
  [grid_f8449bbda194] seed=42 reward=3.094 succ=0.061 fk=0.535 adapt=0.515 (31s)
  [grid_71e70433dd49] seed=42 reward=3.308 succ=0.244 fk=0.648 adapt=0.630 (30s)
  [grid_f4959a923287] seed=42 reward=3.467 succ=0.077 fk=0.572 adapt=0.515 (31s)
  [grid_9d4b2046b498] seed=42 reward=3.115 succ=0.315 fk=0.699 adapt=0.726 (31s)
  [grid_b6bee2f2c670] seed=42 reward=3.474 succ=0.145 fk=0.587 adapt=0.571 (30s)
  [grid_87aaf9bdf643] seed=42 reward=3.007 succ=0.024 fk=0.506 adapt=0.254 (31s)
  [grid_374dfa1440ec] seed=42 reward=2.988 succ=0.034 fk=0.478 adapt=0.187 (31s)
  [grid_9b9e943e80dd] seed=42 reward=3.444 succ=0.162 fk=0.629 adapt=0.590 (30s)
  [grid_0807f07f000d] seed=42 reward=3.491 succ=0.031 fk=0.517 adapt=0.418 (31s)
  [grid_e7de1d818c7a] seed=42 reward=3.331 succ=0.154 fk=0.576 adapt=0.315 (31s)
  [grid_636c764f6543] seed=42 reward=3.241 succ=0.066 fk=0.543 adapt=0.553 (31s)
  [grid_2b39a619069c] seed=42 reward=3.579 succ=0.371 fk=0.698 adapt=0.711 (31s)
  [grid_dac69bcf1da4] seed=42 reward=3.301 succ=0.056 fk=0.532 adapt=0.484 (31s)
  [grid_b09a8c7c8e4c] seed=42 reward=3.098 succ=0.009 fk=0.423 adapt=0.111 (30s)
  [grid_2ad194ac8ce1] seed=42 reward=3.165 succ=0.017 fk=0.464 adapt=0.268 (31s)
  [grid_501bfb9c30c2] seed=42 reward=3.331 succ=0.154 fk=0.576 adapt=0.315 (31s)
  [grid_55e11af985de] seed=42 reward=3.241 succ=0.066 fk=0.543 adapt=0.553 (30s)
  [grid_585aeb8c077c] seed=42 reward=3.579 succ=0.371 fk=0.698 adapt=0.711 (31s)
  [grid_25296c087b6d] seed=42 reward=3.301 succ=0.056 fk=0.532 adapt=0.484 (31s)
  [grid_e0cb3d4ade13] seed=42 reward=3.098 succ=0.009 fk=0.423 adapt=0.111 (31s)
  [grid_69522824e323] seed=42 reward=3.165 succ=0.017 fk=0.464 adapt=0.268 (31s)
  [grid_5b3397357a66] seed=42 reward=3.052 succ=0.064 fk=0.543 adapt=0.434 (32s)
  [grid_65d80f9e88aa] seed=42 reward=3.205 succ=0.029 fk=0.504 adapt=0.173 (31s)
  [grid_a2cd2ed45961] seed=42 reward=3.183 succ=0.057 fk=0.530 adapt=0.493 (32s)
  [grid_73e5d79129fe] seed=42 reward=3.396 succ=0.056 fk=0.543 adapt=0.515 (32s)
  [grid_be366f2668f5] seed=42 reward=3.074 succ=0.021 fk=0.498 adapt=0.390 (31s)
  [grid_97b91e76f526] seed=42 reward=3.565 succ=0.071 fk=0.564 adapt=0.494 (32s)
  [grid_f8b6289f6e63] seed=42 reward=3.456 succ=0.070 fk=0.570 adapt=0.307 (32s)
  [grid_3ec9284f86c4] seed=42 reward=3.593 succ=0.113 fk=0.597 adapt=0.529 (31s)
  [grid_cf2370f0c16f] seed=42 reward=3.106 succ=0.293 fk=0.692 adapt=0.701 (32s)
  [grid_4de3af91f132] seed=42 reward=3.364 succ=0.285 fk=0.676 adapt=0.642 (32s)
  [grid_93d20d252806] seed=42 reward=3.317 succ=0.183 fk=0.608 adapt=0.574 (32s)
  [grid_e086dc9bbb46] seed=42 reward=3.188 succ=0.029 fk=0.485 adapt=0.150 (32s)
  [grid_0cbd023cdb5f] seed=42 reward=3.593 succ=0.103 fk=0.605 adapt=0.470 (33s)
  [grid_324e3a885d67] seed=42 reward=3.450 succ=0.020 fk=0.509 adapt=0.361 (32s)
  [grid_bff3b0b43f89] seed=42 reward=3.466 succ=0.170 fk=0.589 adapt=0.421 (32s)
  [grid_3bbcafd6b298] seed=42 reward=3.456 succ=0.097 fk=0.584 adapt=0.478 (33s)
  [grid_ec023c7db8a7] seed=42 reward=3.317 succ=0.183 fk=0.608 adapt=0.574 (32s)
  [grid_1def20502bab] seed=42 reward=3.503 succ=0.093 fk=0.559 adapt=0.532 (83s)
  [grid_4bcb971da07a] seed=42 reward=3.225 succ=0.064 fk=0.506 adapt=0.251 (32s)
  [grid_c8f19597a8bb] seed=42 reward=3.205 succ=0.096 fk=0.602 adapt=0.501 (33s)
  [grid_d27c73d03fcd] seed=42 reward=3.315 succ=0.214 fk=0.649 adapt=0.653 (32s)
  [grid_f764d885f74b] seed=42 reward=3.294 succ=0.154 fk=0.585 adapt=0.338 (34s)
  [grid_8dfe0723af79] seed=42 reward=3.433 succ=0.253 fk=0.657 adapt=0.622 (32s)
  [grid_8fb2302005ee] seed=42 reward=3.191 succ=0.041 fk=0.536 adapt=0.540 (32s)
  [grid_08d78b73926b] seed=42 reward=3.488 succ=0.084 fk=0.563 adapt=0.491 (32s)
  [grid_f0d50454b28c] seed=42 reward=3.205 succ=0.096 fk=0.602 adapt=0.501 (33s)
  [grid_355f86c4bddb] seed=42 reward=3.315 succ=0.214 fk=0.649 adapt=0.653 (31s)
  [grid_d8f15c7879a7] seed=42 reward=3.294 succ=0.154 fk=0.585 adapt=0.338 (32s)
  [grid_386e1dffe26d] seed=42 reward=3.433 succ=0.253 fk=0.657 adapt=0.622 (32s)
  [grid_5d88a53865be] seed=42 reward=3.191 succ=0.041 fk=0.536 adapt=0.540 (31s)
  [grid_689300aa7c7b] seed=42 reward=3.488 succ=0.084 fk=0.563 adapt=0.491 (32s)
  [grid_266a50a15008] seed=42 reward=2.809 succ=0.013 fk=0.460 adapt=0.004 (31s)
  [grid_59ca11d38809] seed=42 reward=3.048 succ=0.082 fk=0.590 adapt=0.543 (30s)
  [grid_61bfb0935781] seed=42 reward=3.646 succ=0.114 fk=0.611 adapt=0.502 (30s)
  [grid_9cfa3e8309d9] seed=42 reward=3.129 succ=0.083 fk=0.545 adapt=0.506 (31s)
  [grid_96c24e926d44] seed=42 reward=3.220 succ=0.108 fk=0.541 adapt=0.380 (30s)
  [grid_42a508942552] seed=42 reward=3.433 succ=0.066 fk=0.548 adapt=0.563 (30s)
  [grid_c92a0c278522] seed=42 reward=2.770 succ=0.283 fk=0.655 adapt=0.451 (31s)
  [grid_e166d7108d55] seed=42 reward=2.947 succ=0.063 fk=0.535 adapt=0.250 (30s)
  [grid_324b76ce92b5] seed=42 reward=3.506 succ=0.196 fk=0.651 adapt=0.449 (30s)
  [grid_5d33f645854f] seed=42 reward=2.773 succ=0.414 fk=0.747 adapt=0.881 (30s)
  [grid_419026e8caca] seed=42 reward=3.366 succ=0.116 fk=0.582 adapt=0.315 (29s)
  [grid_a83203031598] seed=42 reward=3.649 succ=0.130 fk=0.616 adapt=0.503 (30s)
  [grid_fb85c150d072] seed=42 reward=2.770 succ=0.283 fk=0.655 adapt=0.451 (31s)
  [grid_fc04bd57b6bf] seed=42 reward=2.947 succ=0.063 fk=0.535 adapt=0.250 (29s)
  [grid_9b9802eb8407] seed=42 reward=3.506 succ=0.196 fk=0.651 adapt=0.449 (30s)
  [grid_1fc0396572ca] seed=42 reward=2.773 succ=0.414 fk=0.747 adapt=0.881 (31s)
  [grid_aa1b6c902800] seed=42 reward=3.366 succ=0.116 fk=0.582 adapt=0.315 (30s)
  [grid_b05d3ecee904] seed=42 reward=3.649 succ=0.130 fk=0.616 adapt=0.503 (30s)
  [grid_3a527d0937cf] seed=42 reward=2.991 succ=0.451 fk=0.739 adapt=0.861 (31s)
  [grid_d2193f0ac28b] seed=42 reward=3.047 succ=0.084 fk=0.571 adapt=0.535 (30s)
  [grid_0c0caeac2be5] seed=42 reward=3.394 succ=0.301 fk=0.695 adapt=0.563 (31s)
  [grid_28c7d6da6016] seed=42 reward=3.051 succ=0.013 fk=0.478 adapt=0.325 (31s)
  [grid_3633dd06d222] seed=42 reward=3.286 succ=0.014 fk=0.491 adapt=0.093 (30s)
  [grid_e8660ffcf1f7] seed=42 reward=3.425 succ=0.193 fk=0.592 adapt=0.325 (30s)
  [grid_7486279c007d] seed=42 reward=2.675 succ=0.523 fk=0.775 adapt=0.988 (31s)
  [grid_d7e71012c491] seed=42 reward=2.920 succ=0.090 fk=0.622 adapt=0.428 (30s)
  [grid_914f1fbb9905] seed=42 reward=3.599 succ=0.220 fk=0.655 adapt=0.596 (30s)
  [grid_860fa57d6c7d] seed=42 reward=3.375 succ=0.099 fk=0.541 adapt=0.468 (31s)
  [grid_a5abdc0e3ec2] seed=42 reward=3.029 succ=0.234 fk=0.665 adapt=0.431 (30s)
  [grid_2ba9cf33c59d] seed=42 reward=3.544 succ=0.052 fk=0.536 adapt=0.503 (30s)
  [grid_2ded8a8de916] seed=42 reward=2.675 succ=0.523 fk=0.775 adapt=0.988 (31s)
  [grid_cf80a7ad51cd] seed=42 reward=2.920 succ=0.090 fk=0.622 adapt=0.428 (30s)
  [grid_2c2533163948] seed=42 reward=3.599 succ=0.220 fk=0.655 adapt=0.596 (30s)
  [grid_c37ca6c35e6c] seed=42 reward=3.375 succ=0.099 fk=0.541 adapt=0.468 (31s)
  [grid_5619bb5e505a] seed=42 reward=3.029 succ=0.234 fk=0.665 adapt=0.431 (30s)
  [grid_7e60e30ecd70] seed=42 reward=3.544 succ=0.052 fk=0.536 adapt=0.503 (30s)
  [grid_67a100bdded6] seed=42 reward=3.345 succ=0.070 fk=0.574 adapt=0.217 (32s)
  [grid_53ef425f98fa] seed=42 reward=1.891 succ=0.502 fk=0.771 adapt=0.420 (30s)
  [grid_0a06afc930bb] seed=42 reward=3.223 succ=0.351 fk=0.683 adapt=0.525 (31s)
  [grid_79a2e76fd9dc] seed=42 reward=2.854 succ=0.160 fk=0.527 adapt=0.361 (32s)
  [grid_76e1455cbfd3] seed=42 reward=3.187 succ=0.226 fk=0.624 adapt=0.568 (30s)
  [grid_0bc83250f2e8] seed=42 reward=3.560 succ=0.127 fk=0.575 adapt=0.575 (31s)
  [grid_b0e79f2195a2] seed=42 reward=3.165 succ=0.362 fk=0.724 adapt=0.812 (31s)
  [grid_c120a24d6941] seed=42 reward=3.003 succ=0.059 fk=0.553 adapt=0.430 (30s)
  [grid_2158f9720a6e] seed=42 reward=3.452 succ=0.102 fk=0.568 adapt=0.568 (31s)
  [grid_413a8acfec7a] seed=42 reward=3.297 succ=0.035 fk=0.523 adapt=0.217 (32s)
  [grid_7e66b43e8885] seed=42 reward=3.566 succ=0.203 fk=0.630 adapt=0.648 (30s)
  [grid_1ea68ca14ede] seed=42 reward=3.519 succ=0.075 fk=0.553 adapt=0.409 (31s)
  [grid_7e99e003e1a5] seed=42 reward=3.165 succ=0.362 fk=0.724 adapt=0.812 (32s)
  [grid_1b83bce8f6b9] seed=42 reward=3.003 succ=0.059 fk=0.553 adapt=0.430 (30s)
  [grid_540bca9675d8] seed=42 reward=3.452 succ=0.102 fk=0.568 adapt=0.568 (31s)
  [grid_4b50a64935e8] seed=42 reward=3.297 succ=0.035 fk=0.523 adapt=0.217 (31s)
  [grid_68d5635e95c8] seed=42 reward=3.566 succ=0.203 fk=0.630 adapt=0.648 (30s)
  [grid_78a96a884b6a] seed=42 reward=3.519 succ=0.075 fk=0.553 adapt=0.409 (31s)
  [grid_d73e8bf31999] seed=42 reward=3.590 succ=0.107 fk=0.590 adapt=0.514 (32s)
  [grid_2822d364ae2c] seed=42 reward=3.159 succ=0.046 fk=0.563 adapt=0.392 (31s)
  [grid_e281a194753a] seed=42 reward=3.377 succ=0.192 fk=0.625 adapt=0.361 (32s)
  [grid_8035549ed49e] seed=42 reward=3.367 succ=0.091 fk=0.561 adapt=0.562 (33s)
  [grid_44c2f6bae7a6] seed=42 reward=3.241 succ=0.021 fk=0.500 adapt=0.210 (31s)
  [grid_ef1d2d2aa396] seed=42 reward=3.346 succ=0.072 fk=0.552 adapt=0.499 (32s)
  [grid_bcdf2cee609d] seed=42 reward=3.046 succ=0.017 fk=0.466 adapt=0.173 (32s)
  [grid_edb88d8ce33f] seed=42 reward=2.955 succ=0.028 fk=0.510 adapt=0.180 (32s)
  [grid_9f2a5088cab7] seed=42 reward=3.196 succ=0.061 fk=0.533 adapt=0.513 (32s)
  [grid_d4c25536326a] seed=42 reward=3.538 succ=0.122 fk=0.576 adapt=0.427 (32s)
  [grid_a56b5651c560] seed=42 reward=3.440 succ=0.279 fk=0.677 adapt=0.758 (31s)
  [grid_4a34a901c7f3] seed=42 reward=3.550 succ=0.086 fk=0.571 adapt=0.457 (32s)
  [grid_057205fb68f2] seed=42 reward=3.046 succ=0.017 fk=0.466 adapt=0.173 (33s)
  [grid_f0d30d643db9] seed=42 reward=2.955 succ=0.028 fk=0.510 adapt=0.180 (31s)
  [grid_3dbf337dcb83] seed=42 reward=3.196 succ=0.061 fk=0.533 adapt=0.513 (32s)
  [grid_419364ad16eb] seed=42 reward=3.538 succ=0.122 fk=0.576 adapt=0.427 (32s)
  [grid_65a83b1d4578] seed=42 reward=3.440 succ=0.279 fk=0.677 adapt=0.758 (31s)
  [grid_c31bc647a045] seed=42 reward=3.550 succ=0.086 fk=0.571 adapt=0.457 (83s)
  [grid_c612b6662774] seed=42 reward=3.290 succ=0.129 fk=0.594 adapt=0.560 (33s)
  [grid_79af35f4e904] seed=42 reward=3.290 succ=0.064 fk=0.559 adapt=0.271 (31s)
  [grid_0e535802c1ff] seed=42 reward=3.513 succ=0.247 fk=0.647 adapt=0.538 (31s)
  [grid_0974c605666f] seed=42 reward=3.369 succ=0.026 fk=0.512 adapt=0.182 (32s)
  [grid_d8b31a791240] seed=42 reward=3.012 succ=0.026 fk=0.500 adapt=0.252 (31s)
  [grid_79bddd7f14bf] seed=42 reward=3.152 succ=0.020 fk=0.466 adapt=0.112 (33s)
  [grid_390f11d3ab0c] seed=42 reward=3.412 succ=0.224 fk=0.626 adapt=0.658 (32s)
  [grid_cd7cd1584915] seed=42 reward=3.522 succ=0.271 fk=0.653 adapt=0.678 (31s)
  [grid_ef326fa527cb] seed=42 reward=3.570 succ=0.082 fk=0.585 adapt=0.500 (32s)
  [grid_2fa195bb3b70] seed=42 reward=3.369 succ=0.026 fk=0.512 adapt=0.182 (33s)
  [grid_4d2b24aa3016] seed=42 reward=3.012 succ=0.026 fk=0.500 adapt=0.252 (31s)
  [grid_9725be6a1203] seed=42 reward=2.897 succ=0.270 fk=0.696 adapt=0.685 (32s)
  [grid_7cb910b1e697] seed=42 reward=3.175 succ=0.261 fk=0.651 adapt=0.539 (32s)
  [grid_fa57a2ff10a4] seed=42 reward=3.522 succ=0.271 fk=0.653 adapt=0.678 (31s)
  [grid_31212e1677ee] seed=42 reward=3.570 succ=0.082 fk=0.585 adapt=0.500 (32s)
  [grid_1b285dfff1f5] seed=42 reward=1.957 succ=0.547 fk=0.785 adapt=0.499 (31s)
  [grid_211e2c1b7640] seed=42 reward=3.035 succ=0.040 fk=0.530 adapt=0.291 (30s)
  [grid_74a395ef9eeb] seed=42 reward=2.971 succ=0.031 fk=0.506 adapt=0.215 (30s)
  [grid_e169294c1152] seed=42 reward=3.338 succ=0.086 fk=0.544 adapt=0.265 (31s)
  [grid_83798de7b458] seed=42 reward=3.235 succ=0.121 fk=0.608 adapt=0.519 (29s)
  [grid_3d54fb4c35f0] seed=42 reward=3.598 succ=0.099 fk=0.593 adapt=0.491 (30s)
  [grid_799f7a1c4c19] seed=42 reward=1.944 succ=0.508 fk=0.771 adapt=0.480 (30s)
  [grid_4c426bedafe6] seed=42 reward=3.178 succ=0.087 fk=0.600 adapt=0.475 (29s)
  [grid_d734a58d6753] seed=42 reward=3.112 succ=0.214 fk=0.652 adapt=0.524 (30s)
  [grid_9f9948a28bfc] seed=42 reward=3.116 succ=0.041 fk=0.524 adapt=0.410 (30s)
  [grid_ce968a6fa049] seed=42 reward=2.520 succ=0.166 fk=0.644 adapt=0.361 (29s)
  [grid_937fa1c29acb] seed=42 reward=2.848 succ=0.508 fk=0.767 adapt=0.963 (30s)
  [grid_d8a8e8dd48d5] seed=42 reward=1.944 succ=0.508 fk=0.771 adapt=0.480 (31s)
  [grid_4bf8af442e2f] seed=42 reward=3.036 succ=0.096 fk=0.562 adapt=0.547 (30s)
  [grid_fc7b582f9c05] seed=42 reward=3.027 succ=0.400 fk=0.724 adapt=0.780 (30s)
  [grid_ffde97504fe4] seed=42 reward=3.116 succ=0.041 fk=0.524 adapt=0.410 (30s)
  [grid_d771e2afdbbc] seed=42 reward=3.340 succ=0.025 fk=0.511 adapt=0.444 (30s)
  [grid_bbf44fb4052c] seed=42 reward=3.366 succ=0.188 fk=0.618 adapt=0.555 (30s)
  [grid_2f55b9408ee0] seed=42 reward=3.531 succ=0.051 fk=0.543 adapt=0.502 (31s)
  [grid_ca06ec8fe43d] seed=42 reward=3.225 succ=0.012 fk=0.449 adapt=0.248 (30s)
  [grid_7cc149d8b527] seed=42 reward=3.202 succ=0.100 fk=0.602 adapt=0.501 (30s)
  [grid_0d64a3fb83c0] seed=42 reward=3.207 succ=0.041 fk=0.511 adapt=0.449 (31s)
  [grid_4eb13a6db24b] seed=42 reward=2.809 succ=0.403 fk=0.728 adapt=0.784 (30s)
  [grid_bf6b860561ee] seed=42 reward=3.318 succ=0.051 fk=0.540 adapt=0.160 (30s)
  [grid_f67fd2af9ce3] seed=42 reward=2.006 succ=0.484 fk=0.767 adapt=0.782 (31s)
  [grid_c592dcf98ea7] seed=42 reward=3.318 succ=0.044 fk=0.506 adapt=0.238 (30s)
  [grid_066ad1171f7f] seed=42 reward=3.318 succ=0.252 fk=0.649 adapt=0.685 (30s)
  [grid_6d31f37735bb] seed=42 reward=3.168 succ=0.019 fk=0.488 adapt=0.408 (31s)
  [grid_db3c4e7d6301] seed=42 reward=2.873 succ=0.069 fk=0.581 adapt=0.430 (30s)
  [grid_c137406c1078] seed=42 reward=3.378 succ=0.050 fk=0.531 adapt=0.495 (30s)
  [grid_76c7115381c9] seed=42 reward=2.006 succ=0.484 fk=0.767 adapt=0.782 (31s)
  [grid_e065dd8002e4] seed=42 reward=3.318 succ=0.044 fk=0.506 adapt=0.238 (30s)
  [grid_4f06342bd61a] seed=42 reward=3.318 succ=0.252 fk=0.649 adapt=0.685 (31s)
  [grid_28022275c07e] seed=42 reward=3.168 succ=0.019 fk=0.488 adapt=0.408 (31s)
  [grid_0f6778f88c5b] seed=42 reward=2.873 succ=0.069 fk=0.581 adapt=0.430 (30s)
  [grid_2c1df94c0286] seed=42 reward=3.378 succ=0.050 fk=0.531 adapt=0.495 (30s)
  [grid_cb96651fbe87] seed=42 reward=3.230 succ=0.093 fk=0.585 adapt=0.532 (31s)
  [grid_295dd1a92e0b] seed=42 reward=3.051 succ=0.245 fk=0.665 adapt=0.529 (31s)
  [grid_31c360db06e9] seed=42 reward=3.244 succ=0.248 fk=0.646 adapt=0.650 (31s)
  [grid_5a0af60fe5d4] seed=42 reward=3.061 succ=0.460 fk=0.738 adapt=0.826 (32s)
  [grid_d4110f379022] seed=42 reward=2.981 succ=0.045 fk=0.526 adapt=0.422 (31s)
  [grid_f5fb9e7b51a7] seed=42 reward=3.053 succ=0.018 fk=0.461 adapt=0.136 (31s)
  [grid_911b27e3f89d] seed=42 reward=3.454 succ=0.318 fk=0.656 adapt=0.677 (30s)
  [grid_b4516d28ac72] seed=42 reward=3.051 succ=0.056 fk=0.538 adapt=0.306 (32s)
  [grid_900f3b11aea5] seed=42 reward=3.344 succ=0.076 fk=0.566 adapt=0.343 (32s)
  [grid_d89dc5631dfe] seed=42 reward=2.040 succ=0.532 fk=0.782 adapt=0.556 (31s)
  [grid_233b2a1ac586] seed=42 reward=3.134 succ=0.235 fk=0.649 adapt=0.331 (31s)
  [grid_f0144b98296f] seed=42 reward=3.484 succ=0.062 fk=0.539 adapt=0.519 (32s)
  [grid_1d815050769c] seed=42 reward=3.533 succ=0.054 fk=0.549 adapt=0.478 (31s)
  [grid_42806ee8f0ef] seed=42 reward=3.051 succ=0.056 fk=0.538 adapt=0.306 (31s)
  [grid_f8f8f5e75e24] seed=42 reward=3.168 succ=0.237 fk=0.631 adapt=0.584 (32s)
  [grid_96e8d4158f2c] seed=42 reward=2.126 succ=0.406 fk=0.723 adapt=0.682 (31s)
  [grid_b421d49a1604] seed=42 reward=3.231 succ=0.368 fk=0.714 adapt=0.767 (31s)
  [grid_258c3a94cfe0] seed=42 reward=3.484 succ=0.062 fk=0.539 adapt=0.519 (31s)
  [grid_ef0e22522e04] seed=42 reward=3.533 succ=0.054 fk=0.549 adapt=0.478 (31s)
  [grid_b1279aa7415a] seed=42 reward=3.015 succ=0.032 fk=0.528 adapt=0.225 (32s)
  [grid_130c5f636344] seed=42 reward=3.349 succ=0.200 fk=0.614 adapt=0.531 (32s)
  [grid_ed1893864abb] seed=42 reward=3.210 succ=0.057 fk=0.531 adapt=0.299 (31s)
  [grid_1dfb059f544b] seed=42 reward=3.224 succ=0.072 fk=0.548 adapt=0.263 (32s)
  [grid_83c76bad23b7] seed=42 reward=3.437 succ=0.067 fk=0.512 adapt=0.398 (32s)
  [grid_b8fb3946367c] seed=42 reward=3.243 succ=0.067 fk=0.529 adapt=0.507 (31s)
  [grid_df8f834a4836] seed=42 reward=3.441 succ=0.063 fk=0.567 adapt=0.517 (32s)
  [grid_0fd7863c11da] seed=42 reward=2.763 succ=0.505 fk=0.772 adapt=0.977 (32s)
  [grid_dd93dc03862a] seed=42 reward=3.459 succ=0.126 fk=0.584 adapt=0.500 (32s)
  [grid_6ab518e80d75] seed=42 reward=3.192 succ=0.390 fk=0.716 adapt=0.761 (32s)
  [grid_a7279e678e15] seed=42 reward=3.369 succ=0.057 fk=0.518 adapt=0.386 (32s)
  [grid_63f8023a7881] seed=42 reward=3.381 succ=0.042 fk=0.500 adapt=0.289 (31s)
  [grid_052e6bee9112] seed=42 reward=3.441 succ=0.063 fk=0.567 adapt=0.517 (32s)
  [grid_97cc4451e8ec] seed=42 reward=2.763 succ=0.505 fk=0.772 adapt=0.977 (32s)
  [grid_e517b12ddaac] seed=42 reward=3.459 succ=0.126 fk=0.584 adapt=0.500 (32s)
  [grid_2f0042178f68] seed=42 reward=3.655 succ=0.157 fk=0.623 adapt=0.551 (32s)
  [grid_153abb920538] seed=42 reward=3.360 succ=0.040 fk=0.527 adapt=0.227 (32s)
  [grid_aeb608fd61e8] seed=42 reward=3.381 succ=0.042 fk=0.500 adapt=0.289 (81s)
  [grid_d26cd803e6b4] seed=42 reward=3.609 succ=0.095 fk=0.595 adapt=0.499 (33s)
  [grid_3319486609f1] seed=42 reward=3.239 succ=0.086 fk=0.549 adapt=0.476 (32s)
  [grid_310ecacea5dc] seed=42 reward=3.265 succ=0.082 fk=0.574 adapt=0.368 (32s)
  [grid_276a03cecb2d] seed=42 reward=3.637 succ=0.153 fk=0.612 adapt=0.552 (33s)
  [grid_6046cbb75650] seed=42 reward=3.366 succ=0.230 fk=0.656 adapt=0.668 (33s)
  [grid_a04f703426b2] seed=42 reward=3.473 succ=0.213 fk=0.649 adapt=0.530 (32s)
  [grid_35ca7b315b70] seed=42 reward=3.275 succ=0.056 fk=0.531 adapt=0.505 (33s)
  [grid_b33cdd66c602] seed=42 reward=3.543 succ=0.155 fk=0.577 adapt=0.585 (32s)
  [grid_e814dbc7cb31] seed=42 reward=2.871 succ=0.506 fk=0.770 adapt=0.982 (33s)
  [grid_f49a2ac3b768] seed=42 reward=3.242 succ=0.069 fk=0.537 adapt=0.516 (33s)
  [grid_23631a6949f8] seed=42 reward=3.366 succ=0.230 fk=0.656 adapt=0.668 (31s)
  [grid_358e455a5416] seed=42 reward=3.439 succ=0.087 fk=0.553 adapt=0.544 (32s)
  [grid_98fc6c1d750c] seed=42 reward=3.084 succ=0.324 fk=0.681 adapt=0.670 (33s)
  [grid_fe951ab11ea3] seed=42 reward=3.543 succ=0.155 fk=0.577 adapt=0.585 (31s)
  [grid_5f9173721636] seed=42 reward=3.072 succ=0.019 fk=0.473 adapt=0.055 (31s)
  [grid_436b916b6477] seed=42 reward=2.828 succ=0.017 fk=0.479 adapt=0.043 (31s)
  [grid_b62d25bbed37] seed=42 reward=2.880 succ=0.011 fk=0.436 adapt=0.023 (30s)
  [grid_d28467377cdf] seed=42 reward=3.429 succ=0.054 fk=0.537 adapt=0.225 (30s)
  [grid_517db186472c] seed=42 reward=3.070 succ=0.062 fk=0.542 adapt=0.462 (31s)
  [grid_cbacdd9e2ef7] seed=42 reward=3.431 succ=0.261 fk=0.645 adapt=0.710 (30s)
  [grid_dbdcd808c514] seed=42 reward=3.128 succ=0.138 fk=0.605 adapt=0.458 (30s)
  [grid_678fdc127bce] seed=42 reward=2.460 succ=0.018 fk=0.492 adapt=0.207 (31s)
  [grid_94de076565fd] seed=42 reward=2.834 succ=0.006 fk=0.403 adapt=0.012 (30s)
  [grid_e5eef40b89c5] seed=42 reward=3.624 succ=0.116 fk=0.615 adapt=0.499 (30s)
  [grid_773a57c7e1e1] seed=42 reward=3.362 succ=0.178 fk=0.638 adapt=0.627 (31s)
  [grid_48c183fe062b] seed=42 reward=3.008 succ=0.389 fk=0.722 adapt=0.758 (30s)
  [grid_f28a7d7d156a] seed=42 reward=3.054 succ=0.330 fk=0.709 adapt=0.739 (31s)
  [grid_30f3a3f37766] seed=42 reward=2.460 succ=0.018 fk=0.492 adapt=0.207 (31s)
  [grid_22505dc059be] seed=42 reward=2.834 succ=0.006 fk=0.403 adapt=0.012 (30s)
  [grid_185384e2963b] seed=42 reward=3.624 succ=0.116 fk=0.615 adapt=0.499 (30s)
  [grid_83c409930510] seed=42 reward=3.362 succ=0.178 fk=0.638 adapt=0.627 (31s)
  [grid_df5f07754429] seed=42 reward=3.008 succ=0.389 fk=0.722 adapt=0.758 (30s)
  [grid_728828ad889d] seed=42 reward=3.337 succ=0.302 fk=0.696 adapt=0.740 (31s)
  [grid_c5b77cac9603] seed=42 reward=3.246 succ=0.051 fk=0.531 adapt=0.202 (31s)
  [grid_213edb580ecb] seed=42 reward=3.256 succ=0.410 fk=0.713 adapt=0.716 (30s)
  [grid_e9f83089bc33] seed=42 reward=3.174 succ=0.083 fk=0.536 adapt=0.446 (31s)
  [grid_18b66f7966a7] seed=42 reward=3.384 succ=0.368 fk=0.696 adapt=0.780 (31s)
  [grid_09033ddff2a9] seed=42 reward=3.322 succ=0.157 fk=0.572 adapt=0.424 (30s)
  [grid_b1a2d48ae992] seed=42 reward=2.812 succ=0.517 fk=0.776 adapt=1.000 (31s)
  [grid_6b64d6870898] seed=42 reward=3.213 succ=0.083 fk=0.573 adapt=0.539 (31s)
  [grid_f1fcd0936896] seed=42 reward=3.021 succ=0.412 fk=0.733 adapt=0.671 (30s)
  [grid_10bcd9f6992b] seed=42 reward=3.296 succ=0.066 fk=0.527 adapt=0.481 (31s)
  [grid_c2caa84c1069] seed=42 reward=3.489 succ=0.023 fk=0.519 adapt=0.408 (31s)
  [grid_d7d449aff599] seed=42 reward=2.888 succ=0.338 fk=0.714 adapt=0.725 (30s)
  [grid_4c0cc82b2166] seed=42 reward=2.812 succ=0.517 fk=0.776 adapt=1.000 (31s)
  [grid_47a8777c2207] seed=42 reward=3.213 succ=0.083 fk=0.573 adapt=0.539 (31s)
  [grid_ad2c49edf69f] seed=42 reward=3.345 succ=0.042 fk=0.547 adapt=0.230 (30s)
  [grid_f8aebe96bd36] seed=42 reward=3.549 succ=0.129 fk=0.577 adapt=0.574 (31s)
  [grid_02d05cac2cd6] seed=42 reward=3.363 succ=0.068 fk=0.539 adapt=0.514 (31s)
  [grid_24b8fdc04487] seed=42 reward=3.332 succ=0.027 fk=0.493 adapt=0.321 (31s)
  [grid_1d029cfe4d6f] seed=42 reward=2.703 succ=0.033 fk=0.506 adapt=0.205 (32s)
  [grid_da91e8815fcd] seed=42 reward=3.453 succ=0.370 fk=0.715 adapt=0.679 (32s)
  [grid_81dbba17bbb0] seed=42 reward=3.074 succ=0.076 fk=0.556 adapt=0.390 (31s)
  [grid_aeece7f2bc31] seed=42 reward=3.177 succ=0.050 fk=0.535 adapt=0.298 (32s)
  [grid_c473037e7a6c] seed=42 reward=3.171 succ=0.052 fk=0.485 adapt=0.187 (32s)
  [grid_dca697e0258a] seed=42 reward=3.140 succ=0.004 fk=0.409 adapt=0.110 (32s)
  [grid_47ddce5c9c92] seed=42 reward=3.286 succ=0.383 fk=0.716 adapt=0.824 (31s)
  [grid_689672f63feb] seed=42 reward=3.393 succ=0.309 fk=0.673 adapt=0.735 (32s)
  [grid_54a85a915c7c] seed=42 reward=3.201 succ=0.055 fk=0.527 adapt=0.354 (32s)
  [grid_3fc648ba2db9] seed=42 reward=2.844 succ=0.511 fk=0.771 adapt=0.974 (31s)
  [grid_7d89e02e2e3e] seed=42 reward=3.287 succ=0.021 fk=0.461 adapt=0.259 (31s)
  [grid_584c3bf5d20d] seed=42 reward=3.140 succ=0.004 fk=0.409 adapt=0.110 (32s)
  [grid_c2982c80a51c] seed=42 reward=3.286 succ=0.383 fk=0.716 adapt=0.824 (31s)
  [grid_6a2772dd2230] seed=42 reward=3.393 succ=0.309 fk=0.673 adapt=0.735 (31s)
  [grid_6ece22e59cdc] seed=42 reward=3.201 succ=0.055 fk=0.527 adapt=0.354 (32s)
  [grid_709cbaf52aa1] seed=42 reward=2.844 succ=0.511 fk=0.771 adapt=0.974 (31s)
  [grid_b34292f00f9b] seed=42 reward=3.287 succ=0.021 fk=0.461 adapt=0.259 (31s)
  [grid_381f60993ca1] seed=42 reward=3.507 succ=0.061 fk=0.534 adapt=0.510 (33s)
  [grid_2435225b1744] seed=42 reward=3.338 succ=0.113 fk=0.616 adapt=0.499 (32s)
  [grid_4daf0f9ae2c1] seed=42 reward=3.306 succ=0.079 fk=0.567 adapt=0.385 (32s)
  [grid_019bd177cacc] seed=42 reward=3.190 succ=0.039 fk=0.521 adapt=0.237 (33s)
  [grid_b04d29ccd160] seed=42 reward=3.455 succ=0.088 fk=0.537 adapt=0.447 (32s)
  [grid_abb781dbef77] seed=42 reward=3.439 succ=0.079 fk=0.556 adapt=0.247 (32s)
  [grid_cc43c8b73546] seed=42 reward=3.593 succ=0.103 fk=0.605 adapt=0.470 (33s)
  [grid_7871765ee24f] seed=42 reward=3.450 succ=0.020 fk=0.509 adapt=0.361 (32s)
  [grid_8edb71902c04] seed=42 reward=3.466 succ=0.170 fk=0.589 adapt=0.421 (32s)
  [grid_fc21f1536a92] seed=42 reward=3.566 succ=0.182 fk=0.589 adapt=0.578 (33s)
  [grid_3943d279acbd] seed=42 reward=3.514 succ=0.043 fk=0.539 adapt=0.428 (32s)
  [grid_80aec09ea572] seed=42 reward=3.467 succ=0.050 fk=0.539 adapt=0.489 (32s)
  [grid_4c7b172f0e95] seed=42 reward=3.346 succ=0.284 fk=0.647 adapt=0.468 (33s)
  [grid_f7570adbade0] seed=42 reward=3.593 succ=0.113 fk=0.597 adapt=0.529 (32s)
  [grid_f076165de72c] seed=42 reward=3.106 succ=0.293 fk=0.692 adapt=0.701 (33s)
  [grid_4542812ffa1b] seed=42 reward=3.364 succ=0.285 fk=0.676 adapt=0.642 (33s)
  [grid_576a1fb05a73] seed=42 reward=3.515 succ=0.068 fk=0.567 adapt=0.506 (31s)
  [grid_bc599903ed9c] seed=42 reward=3.188 succ=0.029 fk=0.485 adapt=0.150 (84s)
  [grid_8ddff264a657] seed=42 reward=3.417 succ=0.061 fk=0.552 adapt=0.469 (33s)
  [grid_ad302c8e48e2] seed=42 reward=3.071 succ=0.018 fk=0.495 adapt=0.289 (32s)
  [grid_bd327b5e5053] seed=42 reward=3.485 succ=0.071 fk=0.580 adapt=0.327 (32s)
  [grid_46d66d0065f6] seed=42 reward=3.512 succ=0.047 fk=0.542 adapt=0.476 (32s)
  [grid_ac481f70c191] seed=42 reward=3.276 succ=0.141 fk=0.591 adapt=0.360 (31s)
  [grid_4d9bf3b66ef9] seed=42 reward=2.897 succ=0.270 fk=0.696 adapt=0.685 (33s)
  [grid_def50da02082] seed=42 reward=3.175 succ=0.261 fk=0.651 adapt=0.539 (32s)
  [grid_5fc0d0c81fdc] seed=42 reward=3.429 succ=0.026 fk=0.503 adapt=0.249 (31s)
  [grid_e6435e454d85] seed=42 reward=3.227 succ=0.030 fk=0.489 adapt=0.271 (32s)
  [grid_6ca5f237bf55] seed=42 reward=3.512 succ=0.047 fk=0.542 adapt=0.476 (33s)
  [grid_940ef4540dba] seed=42 reward=3.276 succ=0.141 fk=0.591 adapt=0.360 (31s)
  [grid_09b9b11e1cf3] seed=42 reward=3.152 succ=0.020 fk=0.466 adapt=0.112 (32s)
  [grid_6a4476432bde] seed=42 reward=3.412 succ=0.224 fk=0.626 adapt=0.658 (32s)
  [grid_1ffe9d9bc703] seed=42 reward=3.429 succ=0.026 fk=0.503 adapt=0.249 (31s)
  [grid_5876f35434f4] seed=42 reward=3.227 succ=0.030 fk=0.489 adapt=0.271 (32s)
  [grid_62e396b7bb06] seed=42 reward=3.444 succ=0.083 fk=0.590 adapt=0.442 (30s)
  [grid_9931088f1b7b] seed=42 reward=2.824 succ=0.416 fk=0.718 adapt=0.756 (30s)
  [grid_8a639a4a66bc] seed=42 reward=3.327 succ=0.131 fk=0.593 adapt=0.223 (30s)
  [grid_83efc1894858] seed=42 reward=3.133 succ=0.085 fk=0.544 adapt=0.462 (31s)
  [grid_83b1af85e1ab] seed=42 reward=2.714 succ=0.033 fk=0.507 adapt=0.435 (30s)
  [grid_24239d45fef0] seed=42 reward=3.365 succ=0.025 fk=0.476 adapt=0.171 (30s)
  [grid_b5bb870fffd6] seed=42 reward=3.481 succ=0.045 fk=0.536 adapt=0.479 (31s)
  [grid_5fd1d6d5ba1a] seed=42 reward=3.036 succ=0.096 fk=0.562 adapt=0.547 (30s)
  [grid_335fc80afbad] seed=42 reward=3.027 succ=0.400 fk=0.724 adapt=0.780 (30s)
  [grid_3787deb86c4a] seed=42 reward=3.368 succ=0.016 fk=0.449 adapt=0.192 (31s)
  [grid_2b2185a77a68] seed=42 reward=3.340 succ=0.025 fk=0.511 adapt=0.444 (30s)
  [grid_b502b64f61a8] seed=42 reward=3.366 succ=0.188 fk=0.618 adapt=0.555 (30s)
  [grid_558eb793b826] seed=42 reward=3.481 succ=0.045 fk=0.536 adapt=0.479 (31s)
  [grid_6a9011f14d11] seed=42 reward=3.178 succ=0.087 fk=0.600 adapt=0.475 (30s)
  [grid_5ff5bf83511c] seed=42 reward=3.112 succ=0.214 fk=0.652 adapt=0.524 (30s)
  [grid_b3626189b719] seed=42 reward=3.368 succ=0.016 fk=0.449 adapt=0.192 (31s)
  [grid_e258315e535a] seed=42 reward=2.520 succ=0.166 fk=0.644 adapt=0.361 (30s)
  [grid_72bf3c4db849] seed=42 reward=2.848 succ=0.508 fk=0.767 adapt=0.963 (30s)
  [grid_8f48359adcc2] seed=42 reward=2.927 succ=0.120 fk=0.565 adapt=0.349 (30s)
  [grid_7f1b48e73c77] seed=42 reward=3.189 succ=0.017 fk=0.490 adapt=0.114 (30s)
  [grid_f024627e85f7] seed=42 reward=2.641 succ=0.002 fk=0.393 adapt=0.154 (30s)
  [grid_93d54d5d9ea9] seed=42 reward=3.239 succ=0.125 fk=0.520 adapt=0.258 (31s)
  [grid_a229e4ef8c46] seed=42 reward=3.183 succ=0.086 fk=0.584 adapt=0.441 (30s)
  [grid_b5ecaf678dc8] seed=42 reward=3.226 succ=0.104 fk=0.543 adapt=0.406 (30s)
  [grid_f803cb69f10e] seed=42 reward=2.716 succ=0.023 fk=0.466 adapt=0.089 (31s)
  [grid_a3132ceba009] seed=42 reward=3.048 succ=0.021 fk=0.476 adapt=0.333 (30s)
  [grid_d5601a9d5051] seed=42 reward=3.502 succ=0.237 fk=0.652 adapt=0.611 (30s)
  [grid_285bf245555b] seed=42 reward=2.688 succ=0.401 fk=0.736 adapt=0.845 (31s)
  [grid_905b2ff3d0d7] seed=42 reward=3.352 succ=0.121 fk=0.602 adapt=0.460 (30s)
  [grid_61638e1d7ba9] seed=42 reward=3.248 succ=0.164 fk=0.553 adapt=0.408 (30s)
  [grid_ba01d7954fc2] seed=42 reward=2.716 succ=0.023 fk=0.466 adapt=0.089 (31s)
  [grid_ab197a1f0283] seed=42 reward=3.048 succ=0.021 fk=0.476 adapt=0.333 (30s)
  [grid_68cbe63ada92] seed=42 reward=3.502 succ=0.237 fk=0.652 adapt=0.611 (30s)
  [grid_49f36c1cea66] seed=42 reward=2.688 succ=0.401 fk=0.736 adapt=0.845 (31s)
  [grid_66ddeb36cf25] seed=42 reward=3.352 succ=0.121 fk=0.602 adapt=0.460 (30s)
  [grid_c0fc82aae773] seed=42 reward=3.248 succ=0.164 fk=0.553 adapt=0.408 (31s)
  [grid_02e174a269a1] seed=42 reward=3.595 succ=0.089 fk=0.576 adapt=0.499 (31s)
  [grid_30fd209f85fa] seed=42 reward=3.471 succ=0.052 fk=0.524 adapt=0.415 (31s)
  [grid_56df3c90627b] seed=42 reward=2.548 succ=0.318 fk=0.663 adapt=0.500 (31s)
  [grid_eab36742de7b] seed=42 reward=3.168 succ=0.091 fk=0.557 adapt=0.192 (32s)
  [grid_0e626fce8e1a] seed=42 reward=3.374 succ=0.040 fk=0.516 adapt=0.431 (30s)
  [grid_ee94d84039ea] seed=42 reward=3.506 succ=0.153 fk=0.597 adapt=0.543 (31s)
  [grid_4b75c8fbddaa] seed=42 reward=3.552 succ=0.066 fk=0.551 adapt=0.500 (32s)
  [grid_cd7a5dee9203] seed=42 reward=2.628 succ=0.236 fk=0.647 adapt=0.437 (31s)
  [grid_ad2e3cc07e5f] seed=42 reward=3.285 succ=0.056 fk=0.571 adapt=0.439 (31s)
  [grid_6cab97635b3b] seed=42 reward=3.448 succ=0.032 fk=0.544 adapt=0.410 (30s)
  [grid_b98fa8c48356] seed=42 reward=3.231 succ=0.368 fk=0.714 adapt=0.767 (31s)
  [grid_2bc87c14715d] seed=42 reward=3.435 succ=0.290 fk=0.668 adapt=0.680 (32s)
  [grid_67785284ea13] seed=42 reward=3.277 succ=0.167 fk=0.596 adapt=0.309 (31s)
  [grid_0b41c8deb3c0] seed=42 reward=3.022 succ=0.013 fk=0.466 adapt=0.285 (31s)
  [grid_a4fa4f931f24] seed=42 reward=3.443 succ=0.057 fk=0.563 adapt=0.289 (31s)
  [grid_06680a6dbc11] seed=42 reward=2.040 succ=0.532 fk=0.782 adapt=0.556 (31s)
  [grid_a2caec11a318] seed=42 reward=3.134 succ=0.235 fk=0.649 adapt=0.331 (31s)
  [grid_25a8578e91bd] seed=42 reward=3.435 succ=0.290 fk=0.668 adapt=0.680 (32s)
  [grid_9877a3b8e181] seed=42 reward=3.277 succ=0.167 fk=0.596 adapt=0.309 (31s)
  [grid_f9b215c99cf3] seed=42 reward=3.560 succ=0.075 fk=0.587 adapt=0.451 (32s)
  [grid_f0b25b5b90d5] seed=42 reward=3.440 succ=0.082 fk=0.583 adapt=0.450 (32s)
  [grid_583b9cb4ec42] seed=42 reward=3.091 succ=0.023 fk=0.514 adapt=0.459 (32s)
  [grid_374eb05f9fce] seed=42 reward=3.426 succ=0.125 fk=0.580 adapt=0.608 (32s)
  [grid_6c7d6a35bfe6] seed=42 reward=3.279 succ=0.028 fk=0.503 adapt=0.426 (32s)
  [grid_6a236410700f] seed=42 reward=3.412 succ=0.058 fk=0.523 adapt=0.451 (31s)
  [grid_f8c94cf54e17] seed=42 reward=3.432 succ=0.168 fk=0.592 adapt=0.524 (32s)
  [grid_3ec26a3dd5a6] seed=42 reward=3.316 succ=0.014 fk=0.442 adapt=0.077 (32s)
  [grid_ab897e10f9c9] seed=42 reward=3.217 succ=0.095 fk=0.541 adapt=0.170 (32s)
  [grid_e6f464edf368] seed=42 reward=3.655 succ=0.157 fk=0.623 adapt=0.551 (32s)
  [grid_d5edf4311156] seed=42 reward=3.360 succ=0.040 fk=0.527 adapt=0.227 (32s)
  [grid_c6af71a3eb79] seed=42 reward=3.389 succ=0.084 fk=0.551 adapt=0.569 (32s)
  [grid_25fe5b0ad9a7] seed=42 reward=3.432 succ=0.168 fk=0.592 adapt=0.524 (32s)
  [grid_137682b595b5] seed=42 reward=3.316 succ=0.014 fk=0.442 adapt=0.077 (32s)
  [grid_38295d83a94e] seed=42 reward=3.217 succ=0.095 fk=0.541 adapt=0.170 (32s)
  [grid_4bcc98c24f92] seed=42 reward=3.192 succ=0.390 fk=0.716 adapt=0.761 (32s)
  [grid_8171342a0e4b] seed=42 reward=3.369 succ=0.057 fk=0.518 adapt=0.386 (32s)
  [grid_42e469281b0e] seed=42 reward=3.389 succ=0.084 fk=0.551 adapt=0.569 (81s)
  [grid_ef28f90d3874] seed=42 reward=3.361 succ=0.070 fk=0.548 adapt=0.459 (31s)
  [grid_e14a327bb9f2] seed=42 reward=3.289 succ=0.092 fk=0.564 adapt=0.386 (33s)
  [grid_c601a358d015] seed=42 reward=3.357 succ=0.114 fk=0.533 adapt=0.407 (32s)
  [grid_acf85814d7e2] seed=42 reward=3.349 succ=0.050 fk=0.521 adapt=0.442 (34s)
  [grid_3c8a54a0e074] seed=42 reward=3.439 succ=0.087 fk=0.553 adapt=0.544 (32s)
  [grid_8c0a0201986d] seed=42 reward=3.084 succ=0.324 fk=0.681 adapt=0.670 (33s)
  [grid_5316d098c830] seed=42 reward=3.436 succ=0.108 fk=0.575 adapt=0.284 (32s)
  [grid_247ed918772b] seed=42 reward=3.265 succ=0.082 fk=0.574 adapt=0.368 (33s)
  [grid_23f9abeb3778] seed=42 reward=3.637 succ=0.153 fk=0.612 adapt=0.552 (32s)
  [grid_9f984fea5a32] seed=42 reward=3.358 succ=0.051 fk=0.530 adapt=0.399 (31s)
  [grid_4bbf1bf65de5] seed=42 reward=3.368 succ=0.231 fk=0.652 adapt=0.662 (32s)
  [grid_cb7cf1d4ef62] seed=42 reward=3.275 succ=0.056 fk=0.531 adapt=0.505 (33s)
  [grid_64faaf829d55] seed=42 reward=3.511 succ=0.067 fk=0.552 adapt=0.399 (32s)
  [grid_9f9f21c6f1aa] seed=42 reward=3.582 succ=0.198 fk=0.638 adapt=0.541 (30s)
  [grid_ae999822b09a] seed=42 reward=3.290 succ=0.029 fk=0.504 adapt=0.147 (31s)
  [grid_318569c5d1a9] seed=42 reward=3.482 succ=0.212 fk=0.650 adapt=0.659 (30s)
  [grid_eb916671eb1d] seed=42 reward=3.128 succ=0.021 fk=0.457 adapt=0.173 (31s)
  [grid_9d72aaf12d7d] seed=42 reward=3.396 succ=0.065 fk=0.535 adapt=0.330 (31s)
  [grid_d7aaca288990] seed=42 reward=3.263 succ=0.266 fk=0.648 adapt=0.512 (30s)
  [grid_82322aebc758] seed=42 reward=3.054 succ=0.330 fk=0.709 adapt=0.739 (31s)
  [grid_4e9fa8ecafe7] seed=42 reward=3.081 succ=0.026 fk=0.510 adapt=0.218 (31s)
  [grid_f9bfc1c2ccdd] seed=42 reward=2.589 succ=0.464 fk=0.755 adapt=0.824 (30s)
  [grid_0f419167004c] seed=42 reward=3.357 succ=0.018 fk=0.484 adapt=0.349 (30s)
  [grid_b4855078f54b] seed=42 reward=3.033 succ=0.043 fk=0.527 adapt=0.456 (31s)
  [grid_b956994d2251] seed=42 reward=2.605 succ=0.455 fk=0.750 adapt=0.768 (30s)
  [grid_d67c465174dd] seed=42 reward=3.128 succ=0.138 fk=0.605 adapt=0.458 (31s)
  [grid_173022e7e2b2] seed=42 reward=3.081 succ=0.026 fk=0.510 adapt=0.218 (31s)
  [grid_18775858beff] seed=42 reward=3.188 succ=0.263 fk=0.661 adapt=0.608 (30s)
  [grid_cd1026dbdfd1] seed=42 reward=3.494 succ=0.097 fk=0.587 adapt=0.519 (31s)
  [grid_7b7233f9b6f9] seed=42 reward=3.004 succ=0.043 fk=0.476 adapt=0.212 (31s)
  [grid_4573a9c6d050] seed=42 reward=2.605 succ=0.455 fk=0.750 adapt=0.768 (30s)
  [grid_a54e07c0aa9a] seed=42 reward=2.519 succ=0.007 fk=0.438 adapt=0.055 (31s)
  [grid_f0b16740b637] seed=42 reward=3.458 succ=0.132 fk=0.579 adapt=0.460 (31s)
  [grid_ebb59d917ac1] seed=42 reward=3.308 succ=0.102 fk=0.582 adapt=0.386 (30s)
  [grid_3dfb4d31f704] seed=42 reward=3.050 succ=0.056 fk=0.521 adapt=0.312 (31s)
  [grid_6df1f8bad4e9] seed=42 reward=3.615 succ=0.093 fk=0.599 adapt=0.495 (31s)
  [grid_323fdafa0d80] seed=42 reward=3.621 succ=0.139 fk=0.620 adapt=0.510 (30s)
  [grid_343a3ebca845] seed=42 reward=3.309 succ=0.246 fk=0.651 adapt=0.351 (31s)
  [grid_bb9c3518183e] seed=42 reward=2.773 succ=0.440 fk=0.724 adapt=0.738 (31s)
  [grid_2fe8be20d69a] seed=42 reward=3.376 succ=0.025 fk=0.519 adapt=0.224 (30s)
  [grid_94d46ea0fabc] seed=42 reward=3.549 succ=0.129 fk=0.577 adapt=0.574 (31s)
  [grid_c013d074d44f] seed=42 reward=3.363 succ=0.068 fk=0.539 adapt=0.514 (31s)
  [grid_0a19f34ecece] seed=42 reward=3.172 succ=0.078 fk=0.550 adapt=0.276 (30s)
  [grid_0806a176407e] seed=42 reward=2.699 succ=0.047 fk=0.510 adapt=0.066 (31s)
  [grid_ed76c31be5b9] seed=42 reward=3.288 succ=0.010 fk=0.482 adapt=0.114 (31s)
  [grid_5600a6e1f79a] seed=42 reward=3.021 succ=0.412 fk=0.733 adapt=0.671 (30s)
  [grid_c7695db67d8a] seed=42 reward=3.296 succ=0.066 fk=0.527 adapt=0.481 (31s)
  [grid_02333494c176] seed=42 reward=3.489 succ=0.023 fk=0.519 adapt=0.408 (31s)
  [grid_957c74d777b8] seed=42 reward=2.888 succ=0.338 fk=0.714 adapt=0.725 (30s)
  [grid_d1fe2e22eb6a] seed=42 reward=3.268 succ=0.045 fk=0.505 adapt=0.354 (31s)
  [grid_e3150bf5a2b8] seed=42 reward=3.318 succ=0.050 fk=0.528 adapt=0.523 (32s)
  [grid_a4a7ff2e432a] seed=42 reward=3.427 succ=0.317 fk=0.679 adapt=0.726 (31s)
  [grid_0acad8e13b7b] seed=42 reward=3.634 succ=0.128 fk=0.610 adapt=0.485 (31s)
  [grid_bca1f364e600] seed=42 reward=3.317 succ=0.057 fk=0.534 adapt=0.558 (32s)
  [grid_16c71d6500bf] seed=42 reward=3.609 succ=0.080 fk=0.590 adapt=0.456 (31s)
  [grid_9c897889b4b8] seed=42 reward=3.307 succ=0.022 fk=0.519 adapt=0.365 (31s)
  [grid_54cd53b2f740] seed=42 reward=3.443 succ=0.057 fk=0.563 adapt=0.289 (32s)
  [grid_fa9d365d8b25] seed=42 reward=2.126 succ=0.406 fk=0.723 adapt=0.682 (31s)
  [grid_0a9efdfee80a] seed=42 reward=3.181 succ=0.430 fk=0.738 adapt=0.863 (32s)
  [grid_230f8bcdea24] seed=42 reward=3.313 succ=0.167 fk=0.595 adapt=0.445 (32s)
  [grid_85c3766f46ed] seed=42 reward=3.539 succ=0.136 fk=0.577 adapt=0.591 (31s)
  [grid_fc2b4ef3d721] seed=42 reward=3.307 succ=0.022 fk=0.519 adapt=0.365 (31s)
  [grid_d6197b5d5458] seed=42 reward=2.971 succ=0.028 fk=0.492 adapt=0.269 (32s)
  [grid_609af3d16548] seed=42 reward=3.448 succ=0.032 fk=0.544 adapt=0.410 (31s)
  [grid_9f39b081e323] seed=42 reward=3.181 succ=0.430 fk=0.738 adapt=0.863 (31s)
  [grid_abba4d1b2495] seed=42 reward=3.313 succ=0.167 fk=0.595 adapt=0.445 (32s)
  [grid_54ef5263d8fa] seed=42 reward=3.539 succ=0.136 fk=0.577 adapt=0.591 (31s)
  [grid_b2973319e02b] seed=42 reward=3.534 succ=0.086 fk=0.592 adapt=0.488 (32s)
  [grid_2795c4ca8fd3] seed=42 reward=3.584 succ=0.063 fk=0.575 adapt=0.465 (33s)
  [grid_2b7062cce488] seed=42 reward=3.313 succ=0.074 fk=0.569 adapt=0.353 (31s)
  [grid_47c5449dffe8] seed=42 reward=3.482 succ=0.104 fk=0.561 adapt=0.429 (32s)
  [grid_626721933c4f] seed=42 reward=3.200 succ=0.014 fk=0.428 adapt=0.238 (32s)
  [grid_dd74141e3acc] seed=42 reward=3.457 succ=0.065 fk=0.551 adapt=0.419 (31s)
  [grid_16f7cfc078a0] seed=42 reward=2.985 succ=0.079 fk=0.554 adapt=0.218 (32s)
  [grid_49a64b743f7e] seed=42 reward=3.324 succ=0.053 fk=0.507 adapt=0.392 (32s)
  [grid_9664b9e8dd0f] seed=42 reward=3.166 succ=0.035 fk=0.496 adapt=0.295 (32s)
  [grid_58926b879678] seed=42 reward=3.327 succ=0.376 fk=0.708 adapt=0.768 (32s)
  [grid_d39cf0d810f6] seed=42 reward=3.244 succ=0.082 fk=0.547 adapt=0.369 (32s)
  [grid_be93e7de68a5] seed=42 reward=3.420 succ=0.116 fk=0.583 adapt=0.593 (31s)
  [grid_c3cc6b5de192] seed=42 reward=2.985 succ=0.079 fk=0.554 adapt=0.218 (32s)
  [grid_1bf9ddbf817c] seed=42 reward=3.324 succ=0.053 fk=0.507 adapt=0.392 (33s)
  [grid_77f839a36f11] seed=42 reward=3.166 succ=0.035 fk=0.496 adapt=0.295 (31s)
  [grid_0a855383548c] seed=42 reward=3.327 succ=0.376 fk=0.708 adapt=0.768 (32s)
  [grid_747ddaebbd6b] seed=42 reward=3.244 succ=0.082 fk=0.547 adapt=0.369 (32s)
  [grid_91f89dc77581] seed=42 reward=3.420 succ=0.116 fk=0.583 adapt=0.593 (80s)
  [grid_18a378453cd0] seed=42 reward=3.605 succ=0.222 fk=0.641 adapt=0.540 (33s)
  [grid_84b0fe8d2527] seed=42 reward=3.424 succ=0.026 fk=0.526 adapt=0.365 (33s)
  [grid_e0d1bfd38e4e] seed=42 reward=3.410 succ=0.063 fk=0.547 adapt=0.467 (32s)
  [grid_e027a5365a3d] seed=42 reward=3.077 succ=0.031 fk=0.509 adapt=0.185 (32s)
  [grid_0ea138130e68] seed=42 reward=3.235 succ=0.022 fk=0.463 adapt=0.258 (33s)
  [grid_28b9ec76c023] seed=42 reward=3.358 succ=0.051 fk=0.530 adapt=0.399 (33s)
  [grid_5f4cb248d0d0] seed=42 reward=3.501 succ=0.089 fk=0.562 adapt=0.454 (32s)
  [grid_62fc8b35324d] seed=42 reward=3.143 succ=0.032 fk=0.508 adapt=0.403 (33s)
  [grid_99623e52f155] seed=42 reward=3.511 succ=0.067 fk=0.552 adapt=0.399 (32s)
  [grid_78107a602f8c] seed=42 reward=3.077 succ=0.031 fk=0.509 adapt=0.185 (33s)
  [grid_f45407a94616] seed=42 reward=3.235 succ=0.022 fk=0.463 adapt=0.258 (33s)
  [grid_b2090f132180] seed=42 reward=3.244 succ=0.047 fk=0.552 adapt=0.393 (32s)
  [grid_c57fb7822177] seed=42 reward=3.501 succ=0.089 fk=0.562 adapt=0.454 (32s)
  [grid_9dcdcf51a4a3] seed=42 reward=3.143 succ=0.032 fk=0.508 adapt=0.403 (33s)
  [grid_2ea17d801c37] seed=42 reward=3.464 succ=0.182 fk=0.607 adapt=0.607 (32s)
  [grid_3f979c1eea46] seed=42 reward=2.823 succ=0.389 fk=0.727 adapt=0.789 (31s)
  [grid_81722dfcbd5f] seed=42 reward=3.023 succ=0.004 fk=0.381 adapt=0.129 (30s)
  [grid_4216fb7dfa99] seed=42 reward=2.606 succ=0.016 fk=0.447 adapt=0.081 (30s)
  [grid_f572068b0190] seed=42 reward=3.049 succ=0.013 fk=0.449 adapt=0.190 (31s)
  [grid_1544d3659282] seed=42 reward=3.170 succ=0.030 fk=0.510 adapt=0.473 (31s)
  [grid_8d2d5fc51061] seed=42 reward=3.107 succ=0.018 fk=0.464 adapt=0.170 (30s)
  [grid_b2802aa89599] seed=42 reward=3.226 succ=0.035 fk=0.491 adapt=0.079 (31s)
  [grid_869ba5b7ee5e] seed=42 reward=3.542 succ=0.047 fk=0.549 adapt=0.500 (31s)
  [grid_0ffbb94b3ffc] seed=42 reward=3.005 succ=0.015 fk=0.468 adapt=0.145 (30s)
  [grid_a7d1a6eb8ac9] seed=42 reward=3.494 succ=0.097 fk=0.587 adapt=0.519 (31s)
  [grid_8d2078215ec0] seed=42 reward=3.004 succ=0.043 fk=0.476 adapt=0.212 (31s)
  [grid_31efa4544aae] seed=42 reward=3.383 succ=0.046 fk=0.529 adapt=0.512 (30s)
  [grid_90d43984ae1b] seed=42 reward=3.226 succ=0.035 fk=0.491 adapt=0.079 (31s)
  [grid_0f786a5d8200] seed=42 reward=3.542 succ=0.047 fk=0.549 adapt=0.500 (31s)
  [grid_3ac4c47f641d] seed=42 reward=3.005 succ=0.015 fk=0.468 adapt=0.145 (30s)
  [grid_f6ce6adc9367] seed=42 reward=2.875 succ=0.440 fk=0.746 adapt=0.797 (30s)
  [grid_7c4e031d8793] seed=42 reward=2.643 succ=0.012 fk=0.417 adapt=0.055 (31s)
  [grid_99152de32b19] seed=42 reward=3.383 succ=0.046 fk=0.529 adapt=0.512 (30s)
  [grid_1816234e44cb] seed=42 reward=3.223 succ=0.355 fk=0.695 adapt=0.503 (30s)
  [grid_236d47f893b4] seed=42 reward=3.050 succ=0.022 fk=0.479 adapt=0.248 (31s)
  [grid_75bb71ca4d12] seed=42 reward=3.345 succ=0.289 fk=0.682 adapt=0.718 (30s)
  [grid_0b8628e7ba52] seed=42 reward=3.078 succ=0.463 fk=0.746 adapt=0.883 (31s)
  [grid_bcb356cb0da3] seed=42 reward=3.279 succ=0.063 fk=0.533 adapt=0.539 (31s)
  [grid_7164e3ac522c] seed=42 reward=3.573 succ=0.072 fk=0.572 adapt=0.502 (30s)
  [grid_8285ef3b583d] seed=42 reward=2.945 succ=0.469 fk=0.761 adapt=0.953 (30s)
  [grid_0c981a284de6] seed=42 reward=3.144 succ=0.028 fk=0.520 adapt=0.536 (31s)
  [grid_abed755c652f] seed=42 reward=2.989 succ=0.044 fk=0.493 adapt=0.115 (30s)
  [grid_90aed0cc73ce] seed=42 reward=3.623 succ=0.112 fk=0.604 adapt=0.507 (30s)
  [grid_ec4d6afa7bba] seed=42 reward=3.576 succ=0.208 fk=0.639 adapt=0.498 (31s)
  [grid_dc4bf9547989] seed=42 reward=3.512 succ=0.090 fk=0.582 adapt=0.486 (30s)
  [grid_dad012daf4ca] seed=42 reward=3.309 succ=0.246 fk=0.651 adapt=0.351 (31s)
  [grid_9c178a029a44] seed=42 reward=2.773 succ=0.440 fk=0.724 adapt=0.738 (31s)
  [grid_1057ad92c5df] seed=42 reward=3.376 succ=0.025 fk=0.519 adapt=0.224 (30s)
  [grid_84f4c65a730e] seed=42 reward=3.284 succ=0.094 fk=0.548 adapt=0.483 (31s)
  [grid_d0ae5706b194] seed=42 reward=3.532 succ=0.205 fk=0.609 adapt=0.616 (31s)
  [grid_1de62e7fb633] seed=42 reward=3.512 succ=0.090 fk=0.582 adapt=0.486 (31s)
  [grid_55a4523d5e23] seed=42 reward=2.756 succ=0.517 fk=0.775 adapt=0.922 (31s)
  [grid_b110f64f225a] seed=42 reward=3.252 succ=0.335 fk=0.678 adapt=0.602 (32s)
  [grid_b4e1ad089ad7] seed=42 reward=3.114 succ=0.448 fk=0.744 adapt=0.818 (31s)
  [grid_1efb8a41f20f] seed=42 reward=3.157 succ=0.054 fk=0.536 adapt=0.512 (31s)
  [grid_140fc8ae0bdd] seed=42 reward=3.411 succ=0.059 fk=0.490 adapt=0.340 (32s)
  [grid_cbf84c1bdb80] seed=42 reward=3.313 succ=0.066 fk=0.485 adapt=0.172 (31s)
  [grid_086fed647539] seed=42 reward=2.719 succ=0.015 fk=0.437 adapt=0.106 (31s)
  [grid_b3c8e216623c] seed=42 reward=3.168 succ=0.237 fk=0.631 adapt=0.584 (32s)
  [grid_3ca04e978648] seed=42 reward=3.339 succ=0.072 fk=0.555 adapt=0.311 (31s)
  [grid_73dc1e059ac7] seed=42 reward=3.605 succ=0.115 fk=0.613 adapt=0.442 (31s)
  [grid_85ec879d5063] seed=42 reward=3.449 succ=0.111 fk=0.574 adapt=0.583 (31s)
  [grid_9cc047deb276] seed=42 reward=3.354 succ=0.083 fk=0.564 adapt=0.494 (31s)
  [grid_10dfa0081607] seed=42 reward=2.719 succ=0.015 fk=0.437 adapt=0.106 (31s)
  [grid_bd85a5514334] seed=42 reward=3.344 succ=0.076 fk=0.566 adapt=0.343 (32s)
  [grid_c745e7c2939e] seed=42 reward=3.339 succ=0.072 fk=0.555 adapt=0.311 (31s)
  [grid_977702d4e164] seed=42 reward=3.605 succ=0.115 fk=0.613 adapt=0.442 (31s)
  [grid_1eb217be5cda] seed=42 reward=3.449 succ=0.111 fk=0.574 adapt=0.583 (31s)
  [grid_5d61ebd5a387] seed=42 reward=3.354 succ=0.083 fk=0.564 adapt=0.494 (31s)
  [grid_8d37ad001c5e] seed=42 reward=3.539 succ=0.097 fk=0.587 adapt=0.510 (32s)
  [grid_9cfc933d248c] seed=42 reward=3.557 succ=0.085 fk=0.588 adapt=0.500 (32s)
  [grid_138e5491d10f] seed=42 reward=3.050 succ=0.211 fk=0.618 adapt=0.498 (32s)
  [grid_d0c0b5c7c0c1] seed=42 reward=3.359 succ=0.083 fk=0.567 adapt=0.586 (32s)
  [grid_e4aea50ff7e8] seed=42 reward=3.422 succ=0.149 fk=0.555 adapt=0.483 (32s)
  [grid_175024f8213d] seed=42 reward=3.235 succ=0.014 fk=0.450 adapt=0.215 (31s)
  [grid_2efdba2fe13d] seed=42 reward=3.035 succ=0.012 fk=0.460 adapt=0.285 (32s)
  [grid_d47bb76f0b37] seed=42 reward=3.235 succ=0.093 fk=0.532 adapt=0.210 (32s)
  [grid_8c61a3bafd26] seed=42 reward=3.269 succ=0.192 fk=0.648 adapt=0.639 (32s)
  [grid_f4dc246e4cce] seed=42 reward=3.351 succ=0.277 fk=0.671 adapt=0.657 (32s)
  [grid_0cafdb5603f5] seed=42 reward=3.535 succ=0.302 fk=0.658 adapt=0.725 (32s)
  [grid_e5f0943a4a85] seed=42 reward=3.472 succ=0.087 fk=0.558 adapt=0.539 (31s)
  [grid_2744b42019c8] seed=42 reward=3.035 succ=0.012 fk=0.460 adapt=0.285 (32s)
  [grid_9aab1cdab62c] seed=42 reward=3.235 succ=0.093 fk=0.532 adapt=0.210 (32s)
  [grid_7c6c741b38ee] seed=42 reward=3.269 succ=0.192 fk=0.648 adapt=0.639 (31s)
  [grid_ee3a01cb40a6] seed=42 reward=3.351 succ=0.277 fk=0.671 adapt=0.657 (32s)
  [grid_466c766c58b1] seed=42 reward=3.535 succ=0.302 fk=0.658 adapt=0.725 (32s)
  [grid_f99d002eab31] seed=42 reward=3.472 succ=0.087 fk=0.558 adapt=0.539 (81s)
Traceback (most recent call last):
  File "/Library/Developer/CommandLineTools/Library/Frameworks/Python3.framework/Versions/3.9/lib/python3.9/runpy.py", line 197, in _run_module_as_main
    return _run_code(code, main_globals, None,
  File "/Library/Developer/CommandLineTools/Library/Frameworks/Python3.framework/Versions/3.9/lib/python3.9/runpy.py", line 87, in _run_code
    exec(code, run_globals)
  File "/Users/mayoy/Documents/GitHub/AI-Driven-Emotion-Recognition-for-Adaptive-Learning-/RL_Module/dqn_hyperparameter_study.py", line 732, in <module>
    main()
  File "/Users/mayoy/Documents/GitHub/AI-Driven-Emotion-Recognition-for-Adaptive-Learning-/RL_Module/dqn_hyperparameter_study.py", line 712, in main
    run_grid(
  File "/Users/mayoy/Documents/GitHub/AI-Driven-Emotion-Recognition-for-Adaptive-Learning-/RL_Module/dqn_hyperparameter_study.py", line 349, in run_grid
    rank_and_save_grid(df)
  File "/Users/mayoy/Documents/GitHub/AI-Driven-Emotion-Recognition-for-Adaptive-Learning-/RL_Module/dqn_hyperparameter_study.py", line 396, in rank_and_save_grid
    json.dump(leaders, f, indent=2)
  File "/Library/Developer/CommandLineTools/Library/Frameworks/Python3.framework/Versions/3.9/lib/python3.9/json/__init__.py", line 179, in dump
    for chunk in iterable:
  File "/Library/Developer/CommandLineTools/Library/Frameworks/Python3.framework/Versions/3.9/lib/python3.9/json/encoder.py", line 431, in _iterencode
    yield from _iterencode_dict(o, _current_indent_level)
  File "/Library/Developer/CommandLineTools/Library/Frameworks/Python3.framework/Versions/3.9/lib/python3.9/json/encoder.py", line 405, in _iterencode_dict
    yield from chunks
  File "/Library/Developer/CommandLineTools/Library/Frameworks/Python3.framework/Versions/3.9/lib/python3.9/json/encoder.py", line 405, in _iterencode_dict
    yield from chunks
  File "/Library/Developer/CommandLineTools/Library/Frameworks/Python3.framework/Versions/3.9/lib/python3.9/json/encoder.py", line 438, in _iterencode
    o = _default(o)
  File "/Library/Developer/CommandLineTools/Library/Frameworks/Python3.framework/Versions/3.9/lib/python3.9/json/encoder.py", line 179, in default
    raise TypeError(f'Object of type {o.__class__.__name__} '
TypeError: Object of type int64 is not JSON serializable
  grid progress: 2080/2304 configs done
  grid progress: 2090/2304 configs done
  grid progress: 2100/2304 configs done
  grid progress: 2110/2304 configs done
  grid progress: 2120/2304 configs done
  grid progress: 2130/2304 configs done
  grid progress: 2140/2304 configs done
  grid progress: 2150/2304 configs done
  grid progress: 2160/2304 configs done
  grid progress: 2170/2304 configs done
  grid progress: 2180/2304 configs done
  grid progress: 2190/2304 configs done
  grid progress: 2200/2304 configs done
  grid progress: 2210/2304 configs done
  grid progress: 2220/2304 configs done
  grid progress: 2230/2304 configs done
  grid progress: 2240/2304 configs done
  grid progress: 2250/2304 configs done
  grid progress: 2260/2304 configs done
  grid progress: 2270/2304 configs done
  grid progress: 2280/2304 configs done
  grid progress: 2290/2304 configs done
  grid progress: 2300/2304 configs done
  grid progress: 2304/2304 configs done
