timesteps,action,mean_A_hat,mean_prob
0,encouragement,1.3565756201761858,0.1361243575811386
0,simplify_problem,1.7878701777764179,0.1043529137969017
0,no_action,1.2834670416540408,0.11319977790117264
0,harder_problem,1.334339470061015,0.14345258474349976
0,scaffold,1.4608987836109324,0.12877953052520752
0,encouragement,1.4090002143003182,0.15122371912002563
0,simplify_problem,1.528854612343939,0.12328297644853592
0,no_action,1.2110925578752532,0.13614852726459503
0,harder_problem,1.5335217930716516,0.1757601946592331
0,scaffold,1.5663225920194788,0.14233332872390747
0,encouragement,1.1620111915898939,0.156306192278862
0,simplify_problem,1.445010111458315,0.11997620016336441
0,no_action,1.3715845180447934,0.13103435933589935
0,harder_problem,1.291355972517798,0.16611991822719574
0,scaffold,1.4363835081180272,0.1467985361814499
0,encouragement,1.3749701920077677,0.15917721390724182
0,simplify_problem,1.5821098063237211,0.12027324736118317
0,no_action,1.4220310236308467,0.13117295503616333
0,harder_problem,1.420971635062754,0.16612212359905243
0,scaffold,1.3057201366759852,0.14951838552951813
0,encouragement,1.5016705939648702,0.18372659385204315
0,no_action,1.4817686462413429,0.14532627165317535
0,harder_problem,1.3324269371944621,0.1837855577468872
0,scaffold,1.357450921283719,0.1729750782251358
0,encouragement,1.2524644459162044,0.2124354988336563
0,no_action,1.3356846265628421,0.18164783716201782
0,harder_problem,1.3204499467288473,0.2340567708015442
0,encouragement,1.2393043849191183,0.13562947511672974
0,simplify_problem,1.463500883752323,0.1043006181716919
0,no_action,1.4177443108982892,0.11404629051685333
0,harder_problem,1.6844114784228337,0.14479823410511017
0,scaffold,1.3143837919039476,0.12731653451919556
0,encouragement,1.4407217585717056,0.1549936681985855
0,simplify_problem,1.2795941735066783,0.11934206634759903
0,no_action,1.2295624519999502,0.13043318688869476
0,harder_problem,1.2091275282747784,0.1669558435678482
0,encouragement,1.2579765204594338,0.14449544250965118
0,simplify_problem,1.4290968885127708,0.09801038354635239
0,no_action,1.1826704495973603,0.10380446165800095
0,harder_problem,1.1084559391930366,0.12805280089378357
0,scaffold,1.5157144056415697,0.13713382184505463
0,encouragement,1.440604024846286,0.1608857363462448
0,simplify_problem,1.362579930824442,0.11704948544502258
0,no_action,1.1941540207366348,0.125811368227005
0,harder_problem,1.1514255727379363,0.15821512043476105
0,encouragement,1.2404600105656653,0.15782880783081055
0,simplify_problem,1.455239015948001,0.11312831193208694
0,no_action,1.263242497352782,0.12092259526252747
0,harder_problem,1.410287946057281,0.1507687121629715
0,scaffold,1.4662257431416763,0.1492578387260437
0,encouragement,1.3809709290038081,0.15188908576965332
0,simplify_problem,1.4525938158265355,0.09415926039218903
0,no_action,1.1536593529181514,0.09701979160308838
0,harder_problem,1.3174576545624395,0.11446278542280197
0,scaffold,1.5144399389425707,0.14491915702819824
0,encouragement,1.6405749570980892,0.15521211922168732
0,simplify_problem,1.6767561719264226,0.12180941551923752
0,no_action,1.4042364480424363,0.11675333976745605
0,harder_problem,1.6356040725162038,0.12621885538101196
0,scaffold,1.5154721039257826,0.1552620828151703
0,encouragement,1.454882943591197,0.19727325439453125
0,simplify_problem,1.2648588011375972,0.13857197761535645
0,no_action,1.1755701597987585,0.14815470576286316
0,harder_problem,1.4110322719249342,0.18401594460010529
0,encouragement,1.4612085989287436,0.18729060888290405
0,simplify_problem,1.5779796277589673,0.14238202571868896
0,no_action,1.2261726880757917,0.15525981783866882
0,harder_problem,1.4375670286775502,0.19676536321640015
0,scaffold,1.5229796124307187,0.17584502696990967
0,encouragement,1.584337032021181,0.17774935066699982
0,no_action,1.2098522523430701,0.14776544272899628
0,harder_problem,1.8360533130287915,0.1883101910352707
0,scaffold,2.016776580759642,0.16672544181346893
0,encouragement,1.6061545338297647,0.15294434130191803
0,no_action,1.624985776198093,0.12362678349018097
0,harder_problem,1.6142096433695867,0.15730704367160797
0,scaffold,1.5573061558228074,0.14345252513885498
0,encouragement,1.4791549092009677,0.153370201587677
0,simplify_problem,1.4324048816226012,0.11382171511650085
0,no_action,1.518994895710183,0.12355531752109528
0,harder_problem,1.5095022401125668,0.15809334814548492
0,scaffold,1.4530628063296083,0.14397820830345154
0,simplify_problem,1.7160102916024855,0.11752735078334808
0,no_action,1.5420985958233662,0.12749238312244415
0,harder_problem,1.5383573798134056,0.1634044051170349
0,scaffold,1.3665522734599833,0.1501639038324356
0,simplify_problem,1.5775691352856025,0.13464011251926422
0,no_action,1.1493963501726978,0.14647223055362701
0,harder_problem,1.4912718575672153,0.18665362894535065
0,scaffold,1.3675015940527637,0.1701929122209549
0,simplify_problem,1.4797689469845396,0.14050544798374176
0,no_action,1.6228779385825445,0.15407314896583557
0,harder_problem,1.4185248667533665,0.19614949822425842
0,encouragement,1.5952820783389936,0.15781846642494202
0,simplify_problem,1.3204485459840185,0.12017382681369781
0,no_action,1.6572814621630818,0.1317622810602188
0,harder_problem,1.6164686107370998,0.16759093105793
0,scaffold,1.3792597733846281,0.1480250060558319
0,encouragement,1.386292445634494,0.15916995704174042
0,simplify_problem,1.5272041162273837,0.11865794658660889
0,no_action,1.4274696644531912,0.129349485039711
0,harder_problem,1.378135735979081,0.16543789207935333
0,scaffold,1.6170341952168101,0.14977385103702545
0,simplify_problem,1.5601868903277811,0.1393222212791443
0,no_action,1.47001896108066,0.14959244430065155
0,harder_problem,1.1210529536392406,0.18873490393161774
0,scaffold,1.4561675330642567,0.1858401596546173
0,simplify_problem,1.2807109329428932,0.1350349634885788
0,no_action,1.2956532049103986,0.1471213698387146
0,harder_problem,1.5359213799360407,0.18941755592823029
0,scaffold,1.0219010304395286,0.16801080107688904
0,simplify_problem,1.6050353447090373,0.1419852077960968
0,no_action,1.268101612645326,0.15536777675151825
0,harder_problem,1.5164382936954977,0.19985221326351166
0,scaffold,1.6831065414816324,0.17559832334518433
0,encouragement,1.717773842562595,0.1714658886194229
0,simplify_problem,1.6242520087221157,0.11236902326345444
0,no_action,1.4281224081666055,0.11861925572156906
0,harder_problem,1.3951343747370257,0.14685267210006714
0,scaffold,1.5731289805105693,0.16192643344402313
0,simplify_problem,1.5341155439851448,0.13979822397232056
0,no_action,1.3229096253307726,0.151419535279274
0,harder_problem,1.4876719221742358,0.19264566898345947
0,scaffold,1.3024669977001628,0.18176908791065216
0,simplify_problem,1.4794093949082687,0.11194001138210297
0,no_action,1.4753733763123291,0.11793497204780579
0,harder_problem,1.4341496092484476,0.14372920989990234
0,scaffold,1.3595763243151704,0.1628067046403885
0,no_action,1.5904188745476,0.14041991531848907
0,harder_problem,1.189666803066173,0.17641869187355042
0,scaffold,1.094839351213188,0.17457862198352814
0,encouragement,1.24285786979483,0.17769047617912292
0,no_action,1.367008577200851,0.14424747228622437
0,harder_problem,1.2889306641262024,0.18450863659381866
0,encouragement,1.4790243841583282,0.14565734565258026
0,simplify_problem,1.5184676845871337,0.0957619696855545
0,no_action,1.2108339284438077,0.10131272673606873
0,harder_problem,1.4846475531020875,0.12524031102657318
0,scaffold,1.41788654385694,0.13715466856956482
0,encouragement,1.3255091235415934,0.15964046120643616
0,simplify_problem,1.104076629342317,0.11672841012477875
0,no_action,1.2213514202395757,0.1265670359134674
0,harder_problem,1.2743204414721496,0.16022926568984985
0,scaffold,0.9593452268002023,0.14956705272197723
0,simplify_problem,1.3229855173895575,0.13916265964508057
0,no_action,1.0374314964095777,0.15159685909748077
0,harder_problem,1.047755386205506,0.19380222260951996
0,scaffold,1.177108889816135,0.17654237151145935
0,simplify_problem,1.2031114103936538,0.11487936228513718
0,no_action,1.065696476339827,0.12302461266517639
0,harder_problem,0.8741936838493327,0.15023992955684662
0,scaffold,1.1258016969863185,0.15743033587932587
0,simplify_problem,0.8004770310220948,0.1338101327419281
0,no_action,0.9024416459542612,0.14497967064380646
0,harder_problem,0.8477952559611379,0.18086884915828705
0,scaffold,1.1034631293739456,0.1738724708557129
0,encouragement,1.1915449601138006,0.15107251703739166
0,simplify_problem,0.8990033094919089,0.12205541878938675
0,no_action,1.2955324881924057,0.13677428662776947
0,harder_problem,1.0814860896048761,0.17630723118782043
0,scaffold,1.2011153195377955,0.1394420862197876
0,encouragement,0.8435929809292058,0.1519385725259781
0,simplify_problem,1.1259242596606371,0.1216576024889946
0,no_action,0.8748676574521832,0.13600115478038788
0,harder_problem,0.7639318273803893,0.17455607652664185
0,scaffold,1.033533547252464,0.14048784971237183
0,encouragement,0.9322471894871927,0.1340305209159851
0,simplify_problem,0.8282680668651794,0.1037977933883667
0,no_action,0.9346529591937511,0.11529175192117691
0,harder_problem,0.9436618316742389,0.14777405560016632
0,scaffold,0.9084594329797961,0.12384536117315292
0,encouragement,0.7908806321276316,0.1540137082338333
0,simplify_problem,1.0165759342702212,0.12088039517402649
0,no_action,0.6491643534808411,0.1348595768213272
0,harder_problem,0.9620992910621875,0.17459115386009216
0,scaffold,0.7805391181874304,0.1422445923089981
0,encouragement,0.7122349318506935,0.15414421260356903
0,simplify_problem,0.7635116729460619,0.12049689888954163
0,no_action,0.6725022696330998,0.13430798053741455
0,harder_problem,0.7568160689361744,0.17392213642597198
0,scaffold,0.7516182317465936,0.1427375227212906
0,encouragement,0.5984462163326568,0.1767006367444992
0,simplify_problem,0.7469831425130926,0.13694016635417938
0,no_action,0.7478099025637747,0.15237073600292206
0,harder_problem,0.7347731640243514,0.1950477808713913
0,scaffold,0.7231047053350695,0.1634097397327423
0,encouragement,0.6767901716539032,0.15194569528102875
0,simplify_problem,0.5651280405709656,0.1213107481598854
0,no_action,0.6108928677728084,0.13565757870674133
0,harder_problem,0.7294723757726257,0.17445921897888184
0,scaffold,0.8110531919099132,0.13996298611164093
0,simplify_problem,0.4793974491036713,0.14353331923484802
0,no_action,0.6072022530789127,0.16100971400737762
0,harder_problem,0.5807913837266376,0.20572863519191742
0,scaffold,0.6342681351260875,0.16422432661056519
0,simplify_problem,0.4964285844501152,0.13748101890087128
0,no_action,0.38408712564185077,0.15391169488430023
0,harder_problem,0.5673078890675827,0.19833865761756897
0,scaffold,0.49875016831391483,0.15806497633457184
0,simplify_problem,0.3753725550561473,0.1441248208284378
0,no_action,0.3499566766698374,0.16237355768680573
0,harder_problem,0.3065211538513132,0.2118111401796341
0,scaffold,0.38961973200931327,0.16165921092033386
0,encouragement,0.4452725491356009,0.16755370795726776
0,simplify_problem,0.2653502676603746,0.13892902433872223
0,no_action,0.35299657118645933,0.15704041719436646
0,harder_problem,0.47473193082920007,0.20527954399585724
0,scaffold,0.3392599528031781,0.15394575893878937
0,simplify_problem,0.18589834543679692,0.12123183161020279
0,no_action,0.20189234412188733,0.1364242434501648
0,harder_problem,0.23162214776941828,0.17659011483192444
0,scaffold,0.20617079647363945,0.13839730620384216
0,simplify_problem,0.1271865916529049,0.1414373517036438
0,no_action,0.08759289328412641,0.16076166927814484
0,harder_problem,0.2298792923840377,0.20993180572986603
0,simplify_problem,0.018806697649219134,0.14532367885112762
0,no_action,0.020105605935158075,0.16614499688148499
0,harder_problem,0.0721597171442826,0.22040793299674988
0,scaffold,0.02890320742856893,0.1558677703142166
0,encouragement,0.7783508217006494,0.1453835517168045
0,simplify_problem,0.8783597660935398,0.09674882143735886
0,no_action,0.7522784100347732,0.10181814432144165
0,harder_problem,0.8025097024684871,0.12749028205871582
0,scaffold,0.8710139774075047,0.13858157396316528
0,encouragement,0.8583005742597052,0.16451600193977356
0,simplify_problem,0.8871186360350953,0.11647334694862366
0,no_action,0.906961531917339,0.12484327703714371
0,harder_problem,0.8728849095192213,0.15784360468387604
0,scaffold,0.8033895709645593,0.15604884922504425
0,encouragement,0.9775891639716034,0.18688692152500153
0,no_action,1.1061078781489928,0.14124973118305206
0,harder_problem,0.9210159508001867,0.17737890779972076
0,scaffold,1.0191254763598434,0.17804066836833954
0,encouragement,0.8856146522298949,0.18807090818881989
0,no_action,0.7610481980657391,0.1405574530363083
0,harder_problem,0.6761812689421389,0.17606209218502045
0,scaffold,0.8328457839770174,0.17921745777130127
0,encouragement,0.8045850074919547,0.15867094695568085
0,simplify_problem,1.0937339669303534,0.11237415671348572
0,no_action,0.961349012928072,0.11930915713310242
0,harder_problem,0.9007727408300386,0.14919410645961761
0,scaffold,1.0614855799081135,0.15132354199886322
0,encouragement,1.1410416749156576,0.15782587230205536
0,simplify_problem,1.0769014289141585,0.11911769211292267
0,no_action,1.2530887082199333,0.12894576787948608
0,harder_problem,0.744408946873927,0.16254326701164246
0,encouragement,0.9126369671970493,0.13998554646968842
0,simplify_problem,1.2219117187391555,0.10204523056745529
0,no_action,0.9775531596534544,0.10953645408153534
0,harder_problem,1.0538252507857313,0.13628952205181122
0,scaffold,0.8474064395483154,0.13266147673130035
0,simplify_problem,1.0754132923337443,0.11743555963039398
0,no_action,0.9681355657787583,0.12455881386995316
0,harder_problem,1.054332525282852,0.15376845002174377
0,scaffold,1.0515698268776412,0.1582002192735672
0,simplify_problem,0.8365895533546548,0.11613508313894272
0,no_action,0.7822306372531107,0.12266232818365097
0,harder_problem,0.8475173470998891,0.15116797387599945
0,scaffold,0.922076414773509,0.1598302274942398
0,simplify_problem,0.9894129618591261,0.13460329174995422
0,no_action,0.8777813871169569,0.14379091560840607
0,harder_problem,0.7269928859254529,0.17895081639289856
0,scaffold,0.8968590265191798,0.1776721179485321
0,encouragement,0.6255285744405796,0.16461198031902313
0,simplify_problem,0.7644556037303016,0.11787017434835434
0,no_action,0.7384918876591928,0.1260271817445755
0,harder_problem,0.7843846413088302,0.15755923092365265
0,scaffold,0.7033177086542992,0.15612052381038666
0,encouragement,0.7272619208634832,0.16172297298908234
0,simplify_problem,0.8704158992614195,0.1193576529622078
0,no_action,0.981926912174905,0.1282007098197937
0,harder_problem,0.599763822429518,0.16151918470859528
0,scaffold,0.955514461864029,0.15360809862613678
0,encouragement,0.8414291620678829,0.18582303822040558
0,simplify_problem,0.9141823933617101,0.14339159429073334
0,no_action,0.7715594311346106,0.1559658646583557
0,harder_problem,0.8926722203535447,0.196822389960289
0,encouragement,0.9054563291902822,0.15167200565338135
0,simplify_problem,1.0053491816288125,0.1161048486828804
0,no_action,0.8530923004696409,0.1265392154455185
0,harder_problem,0.6304915218965434,0.1609262079000473
0,scaffold,1.0031269512326277,0.1428818255662918
0,encouragement,0.7886819545162562,0.1570611447095871
0,simplify_problem,0.865599880210105,0.1190795823931694
0,no_action,0.8000893417742434,0.12892240285873413
0,harder_problem,0.7951046554032826,0.16420379281044006
0,encouragement,0.9473071952035688,0.15495632588863373
0,simplify_problem,0.7265473966078739,0.12100095301866531
0,no_action,0.709029003440885,0.13188840448856354
0,harder_problem,0.7845846098317504,0.16896581649780273
0,scaffold,0.8818612638283896,0.1466006189584732
0,encouragement,0.8998223789461905,0.15736612677574158
0,simplify_problem,0.8012222727493352,0.11932281404733658
0,no_action,0.9135201538569269,0.12933477759361267
0,harder_problem,0.8657993624587157,0.16463179886341095
0,scaffold,0.9423459731769932,0.14868874847888947
0,encouragement,0.8592232951475327,0.1553947478532791
0,simplify_problem,0.8119649929226722,0.11396618187427521
0,no_action,0.6925596541598622,0.12259519845247269
0,harder_problem,0.8347326569607203,0.15470470488071442
0,scaffold,0.7483402524432061,0.14715361595153809
0,encouragement,0.6798938963299224,0.14938560128211975
0,simplify_problem,0.9944595054672334,0.094539575278759
0,no_action,1.0095464965160208,0.09759494662284851
0,harder_problem,0.8322819318759802,0.11850026249885559
0,scaffold,1.0251592627319408,0.14332161843776703
0,encouragement,0.8939711964172972,0.16341060400009155
0,simplify_problem,0.9881831983316327,0.1154646947979927
0,no_action,0.826932638086141,0.12269187718629837
0,harder_problem,0.6779964031924067,0.15399859845638275
0,encouragement,0.922000116736549,0.15239331126213074
0,no_action,1.2574783979638382,0.12373919785022736
0,harder_problem,0.9221922286391642,0.15865832567214966
0,scaffold,0.917601766038036,0.14374618232250214
0,encouragement,0.8528246649216726,0.15413518249988556
0,no_action,0.8057726164241017,0.12172116339206696
0,harder_problem,1.1667189144606582,0.1545977145433426
0,scaffold,1.0916648178507857,0.14531300961971283
0,encouragement,1.3676003219117117,0.1553044468164444
0,simplify_problem,1.3866233065689726,0.11872208118438721
0,no_action,1.470566816750565,0.13001315295696259
0,harder_problem,1.3642876419973196,0.16576224565505981
0,encouragement,1.2223524211852117,0.1352209597826004
0,simplify_problem,1.2610445326760549,0.10410180687904358
0,no_action,1.2292848413286146,0.11419086903333664
0,harder_problem,1.0255624700852999,0.1453137993812561
0,scaffold,1.1315404994341793,0.12641315162181854
0,encouragement,0.8470846648738876,0.13918845355510712
0,simplify_problem,1.3363697473860567,0.10150782018899918
0,no_action,0.9898592960171526,0.10968752950429916
0,harder_problem,0.8745673565002667,0.13742223381996155
0,scaffold,1.157438821675276,0.13073642551898956
0,encouragement,1.2681273881663548,0.15257447957992554
0,simplify_problem,1.1995630877966408,0.11486771702766418
0,no_action,0.9943091798366401,0.1250564157962799
0,harder_problem,0.9517032630333568,0.15863633155822754
0,scaffold,1.049022884358744,0.14330410957336426
0,encouragement,1.038938494038007,0.1539488583803177
0,simplify_problem,1.3285101468274754,0.11937001347541809
0,no_action,1.2378837307988635,0.13104330003261566
0,harder_problem,1.2011081589991592,0.16751909255981445
0,encouragement,1.1270871324968106,0.14440572261810303
0,simplify_problem,1.3191476558362711,0.09663134068250656
0,no_action,0.9041122660751104,0.10214654356241226
0,harder_problem,1.4529455661876751,0.12723639607429504
0,scaffold,1.1819374064455745,0.1365438550710678
0,encouragement,1.452682141169688,0.14563871920108795
0,simplify_problem,1.104161772823931,0.09608059376478195
0,no_action,1.022354558628059,0.10139822959899902
0,harder_problem,1.2650519904673847,0.12470434606075287
0,scaffold,1.4290849086565394,0.1373353749513626
0,encouragement,0.9726322523993152,0.15492311120033264
0,no_action,1.380454126657269,0.1206553727388382
0,harder_problem,1.277753243127501,0.15224520862102509
0,scaffold,1.2386845344281938,0.1450464427471161
5000,encouragement,1.3304061727982166,0.1481863409280777
5000,simplify_problem,1.1850191849429308,0.1254836767911911
5000,no_action,1.2681902075386295,0.08042214065790176
5000,harder_problem,1.2268678590776623,0.09667541831731796
5000,scaffold,1.2561086322707555,0.1444016844034195
5000,encouragement,1.2190126426090084,0.15205347537994385
5000,simplify_problem,1.3323515574645972,0.13119222223758698
5000,no_action,1.1984959355577973,0.10582084953784943
5000,harder_problem,0.9245784646907791,0.1400584578514099
5000,scaffold,1.1534339201118473,0.1773248314857483
5000,encouragement,1.3690372351169007,0.1690502166748047
5000,simplify_problem,1.0938800996322406,0.14251790940761566
5000,no_action,1.164671877821232,0.09479053318500519
5000,harder_problem,1.2271473700200328,0.11476034671068192
5000,scaffold,1.213171985494482,0.16944637894630432
5000,encouragement,1.1285374363410101,0.17773005366325378
5000,simplify_problem,0.8188836161977635,0.1497824341058731
5000,no_action,1.1473522446968816,0.0967237651348114
5000,harder_problem,1.2209087113925063,0.11577114462852478
5000,scaffold,1.1629741723406815,0.1723068356513977
5000,encouragement,1.0729969038756035,0.2251186966896057
5000,no_action,0.9932429167062606,0.10996971279382706
5000,harder_problem,1.0190442831602926,0.12594501674175262
5000,scaffold,0.9877412019140221,0.20184548199176788
5000,encouragement,1.1015229260557473,0.24095302820205688
5000,no_action,1.083631386899846,0.1485210806131363
5000,harder_problem,1.0876887941937232,0.18722069263458252
5000,encouragement,1.2278866999079177,0.14379386603832245
5000,simplify_problem,1.316080866289779,0.12159719318151474
5000,no_action,1.2992502920008002,0.08258882910013199
5000,harder_problem,1.2095017905339338,0.10080880671739578
5000,scaffold,1.1656624562076026,0.1464853733778
5000,encouragement,0.8841580857548386,0.16856421530246735
5000,simplify_problem,1.1251798819926337,0.1430032104253769
5000,no_action,1.042620963185037,0.0965418592095375
5000,harder_problem,0.9173949733919886,0.11831223964691162
5000,encouragement,1.0412944589725788,0.1765567511320114
5000,simplify_problem,0.914142879603018,0.14725524187088013
5000,no_action,0.8994917616453932,0.06944811344146729
5000,harder_problem,0.9273394431290245,0.0725642517209053
5000,scaffold,1.077570486287149,0.13102678954601288
5000,encouragement,1.1359100647594182,0.18787087500095367
5000,simplify_problem,0.9829652819693755,0.15694691240787506
5000,no_action,0.857836358295109,0.08660242706537247
5000,harder_problem,0.9547121796496341,0.097015880048275
5000,encouragement,1.1875011775351707,0.18749690055847168
5000,simplify_problem,0.9972212512751604,0.15584874153137207
5000,no_action,0.8683996456903071,0.08138131350278854
5000,harder_problem,1.1626397729707159,0.08864846080541611
5000,scaffold,0.8509000945633614,0.15600931644439697
5000,encouragement,1.4666612430513402,0.20126540958881378
5000,simplify_problem,1.2899853936928007,0.16485801339149475
5000,no_action,1.2642924347361717,0.0595540776848793
5000,harder_problem,1.1301223886636946,0.0543796569108963
5000,scaffold,1.176277313189979,0.11901033669710159
5000,encouragement,1.4015380817304064,0.16545788943767548
5000,simplify_problem,1.3327109580429308,0.17336146533489227
5000,no_action,1.3423959679781765,0.13079744577407837
5000,harder_problem,1.1549740627641807,0.11848527193069458
5000,scaffold,1.4085325313518293,0.14556777477264404
5000,encouragement,1.1199326682242434,0.24381017684936523
5000,simplify_problem,0.9618668916893798,0.20293837785720825
5000,no_action,0.9550923182157915,0.10483608394861221
5000,harder_problem,1.0551932442702854,0.11340299993753433
5000,encouragement,1.2311938778478666,0.20753540098667145
5000,simplify_problem,1.092746560451058,0.1757534146308899
5000,no_action,0.7713880337045751,0.1174662709236145
5000,harder_problem,1.1219049696634849,0.1419953554868698
5000,scaffold,1.181579924370416,0.2095811516046524
5000,encouragement,0.971636793309198,0.19025173783302307
5000,no_action,1.1517777007526258,0.11418778449296951
5000,harder_problem,0.9327293417071276,0.14059707522392273
5000,scaffold,0.9528528940771572,0.20012293756008148
5000,encouragement,1.060447786684779,0.16815775632858276
5000,no_action,1.0979715886855481,0.09260767698287964
5000,harder_problem,0.9250414849686619,0.10981027781963348
5000,scaffold,1.1068642120331535,0.16859301924705505
5000,encouragement,1.0967064026926572,0.16651172935962677
5000,simplify_problem,1.0064339589026199,0.14098234474658966
5000,no_action,0.9525454152337183,0.08923232555389404
5000,harder_problem,0.841363349207298,0.10505855083465576
5000,scaffold,1.0063737600004763,0.16374017298221588
5000,simplify_problem,0.8596194891263877,0.14876529574394226
5000,no_action,0.8200129123941533,0.09562090039253235
5000,harder_problem,0.9534502270408618,0.11412304639816284
5000,scaffold,0.8412056704332946,0.1697664111852646
5000,simplify_problem,1.000696916620127,0.16693554818630219
5000,no_action,1.126781120032578,0.10998058319091797
5000,harder_problem,1.0663465476686458,0.13252906501293182
5000,scaffold,1.1226952085655943,0.1931534707546234
5000,simplify_problem,1.2101813332393387,0.16526760160923004
5000,no_action,1.2915473653040506,0.12145505100488663
5000,harder_problem,1.205279526741581,0.1527932584285736
5000,encouragement,1.3196163013863051,0.16656863689422607
5000,simplify_problem,1.0771868553267567,0.14266274869441986
5000,no_action,1.0655112376249063,0.10191141068935394
5000,harder_problem,1.0762325624964708,0.12707433104515076
5000,scaffold,1.201332002453646,0.17304696142673492
5000,encouragement,0.9020650358115168,0.17268714308738708
5000,simplify_problem,1.0583991845519933,0.14819243550300598
5000,no_action,0.7016123115972741,0.09981429576873779
5000,harder_problem,0.869904827271327,0.12182312458753586
5000,scaffold,1.1014812020519757,0.171931654214859
5000,simplify_problem,0.8762866071734199,0.20563560724258423
5000,no_action,0.8935186143175264,0.11220978200435638
5000,harder_problem,0.918513342740721,0.12421447038650513
5000,scaffold,0.8621807865392679,0.20972105860710144
5000,simplify_problem,0.9895657540035483,0.16286082565784454
5000,no_action,0.9153083714180772,0.10930698364973068
5000,harder_problem,0.856364398949875,0.1324872523546219
5000,scaffold,0.7722361421161907,0.19610826671123505
5000,simplify_problem,-0.1500191592898017,0.174021378159523
5000,no_action,-0.20349712914997053,0.12008605152368546
5000,harder_problem,-0.4550175845581361,0.14658123254776
5000,scaffold,0.04442827388967707,0.21372193098068237
5000,encouragement,-0.23454659696568014,0.21394787728786469
5000,simplify_problem,-0.23212629996947243,0.1797475665807724
5000,no_action,-0.41009007147016696,0.08463549613952637
5000,harder_problem,-0.6627363726673954,0.08683282136917114
5000,scaffold,-0.2698269512254876,0.16179969906806946
5000,simplify_problem,-0.46559304038866856,0.19135352969169617
5000,no_action,-0.6569701090918736,0.1162424236536026
5000,harder_problem,-0.4996846339554988,0.1340780407190323
5000,scaffold,-0.5256980094331449,0.2120450884103775
5000,simplify_problem,-0.12948673690224632,0.18269231915473938
5000,no_action,-0.5089823586560902,0.0837927758693695
5000,harder_problem,-0.25643563875303776,0.08467654883861542
5000,scaffold,-0.16283963259612833,0.1597948968410492
5000,no_action,-0.37366857539316856,0.10906145721673965
5000,harder_problem,-0.4832014620955061,0.12255022674798965
5000,scaffold,-0.40793458097448543,0.1990862786769867
5000,encouragement,-0.4066045532142364,0.19609211385250092
5000,no_action,-0.40126062779260163,0.1145036593079567
5000,harder_problem,-0.44585281892282613,0.13835781812667847
5000,encouragement,-0.4488088630790288,0.17364279925823212
5000,simplify_problem,-0.2856992140312329,0.1459585726261139
5000,no_action,-0.6472200061885587,0.07080043107271194
5000,harder_problem,-0.37321168005687166,0.07315026968717575
5000,scaffold,-0.5082001477708906,0.13519656658172607
5000,encouragement,-0.5699033815021051,0.17114774882793427
5000,simplify_problem,-0.3974474865034905,0.14544330537319183
5000,no_action,-0.6673627764978001,0.0931212306022644
5000,harder_problem,-0.46588840959746114,0.1093217059969902
5000,scaffold,-0.45411224938645,0.16865862905979156
5000,simplify_problem,-0.6268047826904284,0.16996322572231293
5000,no_action,-0.8625777958390355,0.11690916866064072
5000,harder_problem,-0.7748987468349926,0.14211007952690125
5000,scaffold,-0.6036694794067112,0.2039748728275299
5000,simplify_problem,-0.4774269355020788,0.1655128002166748
5000,no_action,-0.5567184096226447,0.09043648093938828
5000,harder_problem,-0.2862475271196019,0.09856364130973816
5000,scaffold,-0.4923567390361985,0.16444046795368195
5000,simplify_problem,-0.6016229317756034,0.1756211668252945
5000,no_action,-0.7363906453238664,0.10776793211698532
5000,harder_problem,-0.5270096917070417,0.12416314333677292
5000,scaffold,-0.7430851654325492,0.19386689364910126
5000,encouragement,-0.5094831765858083,0.14068923890590668
5000,simplify_problem,-0.44521338069032024,0.12195390462875366
5000,no_action,-0.5029253797188411,0.1139589473605156
5000,harder_problem,-0.4966428579626938,0.15490537881851196
5000,scaffold,-0.5300042239816531,0.18566343188285828
5000,encouragement,-0.7514014586567777,0.14348161220550537
5000,simplify_problem,-0.7035709877096361,0.12418913841247559
5000,no_action,-0.5967427145213053,0.11245536804199219
5000,harder_problem,-0.5125876365257382,0.15135720372200012
5000,scaffold,-0.46086832465299254,0.18312031030654907
5000,encouragement,-0.432271270930205,0.12858803570270538
5000,simplify_problem,-0.7872846506698022,0.11031301319599152
5000,no_action,-0.9758189201347828,0.09058906883001328
5000,harder_problem,-0.7563883663833564,0.11662089079618454
5000,scaffold,-0.6977413033987816,0.15363119542598724
5000,encouragement,-0.916529229880127,0.14368070662021637
5000,simplify_problem,-0.9641313308924633,0.12473537027835846
5000,no_action,-0.9273880059024693,0.11056628823280334
5000,harder_problem,-0.8486161137415964,0.14697498083114624
5000,scaffold,-0.8272813604458782,0.18220950663089752
5000,encouragement,-0.984785881028709,0.14353060722351074
5000,simplify_problem,-1.0411303386421102,0.12531964480876923
5000,no_action,-0.8587108509649546,0.11130150407552719
5000,harder_problem,-0.9627628045113613,0.14882956445217133
5000,scaffold,-0.910600556522585,0.179915651679039
5000,encouragement,-1.0060803898626078,0.16658064723014832
5000,simplify_problem,-0.9454496133418029,0.1442488133907318
5000,no_action,-1.1192427851183169,0.12350776791572571
5000,harder_problem,-0.955323210117073,0.16209997236728668
5000,scaffold,-0.9294907485750072,0.20218238234519958
5000,encouragement,-0.9204993363448816,0.14200767874717712
5000,simplify_problem,-0.7663802498620282,0.1228071078658104
5000,no_action,-0.8976541165982527,0.11260980367660522
5000,harder_problem,-0.8896877351760186,0.15079547464847565
5000,scaffold,-0.7357211220943064,0.18683545291423798
5000,simplify_problem,-0.7960937219302993,0.14025335013866425
5000,no_action,-0.7142889403932919,0.13375738263130188
5000,harder_problem,-0.8034446218262956,0.18145976960659027
5000,scaffold,-0.6742835236243584,0.21732057631015778
5000,simplify_problem,-1.093581658300619,0.12958846986293793
5000,no_action,-1.1548377190321188,0.12123162299394608
5000,harder_problem,-1.0277814064239543,0.16418087482452393
5000,scaffold,-1.114163994128677,0.1981138437986374
5000,simplify_problem,-1.2602954262585029,0.13402916491031647
5000,no_action,-1.235066132440372,0.13767334818840027
5000,harder_problem,-1.1040250072094295,0.19366641342639923
5000,scaffold,-1.243883080818288,0.2187146693468094
5000,encouragement,-1.150766403475977,0.14215555787086487
5000,simplify_problem,-1.126745405811934,0.12562723457813263
5000,no_action,-1.1592011798916129,0.13682810962200165
5000,harder_problem,-1.2287137874626664,0.1960088461637497
5000,scaffold,-1.1624763059573227,0.21423575282096863
5000,simplify_problem,-1.2620765927621158,0.11199302971363068
5000,no_action,-1.2663333830314976,0.11121923476457596
5000,harder_problem,-1.239123471463675,0.1535860002040863
5000,scaffold,-1.2314646795724484,0.17745894193649292
5000,simplify_problem,-1.3279224079460266,0.1247124969959259
5000,no_action,-1.3924446239353123,0.14051857590675354
5000,harder_problem,-1.3451033332228404,0.20328566431999207
5000,simplify_problem,-1.6149661298202533,0.1200583204627037
5000,no_action,-1.6527886820254714,0.14701057970523834
5000,harder_problem,-1.5689102928108691,0.22032837569713593
5000,scaffold,-1.5471431404919924,0.22066597640514374
5000,encouragement,0.4880561219361774,0.18589815497398376
5000,simplify_problem,0.25018814228321196,0.1539648324251175
5000,no_action,0.3422020401231727,0.06488576531410217
5000,harder_problem,0.3814406443671241,0.06505488604307175
5000,scaffold,0.2684947209934241,0.12664538621902466
5000,encouragement,0.5391879496532033,0.2038632184267044
5000,simplify_problem,0.5729528633162726,0.1705830991268158
5000,no_action,0.5911939811175326,0.08782926946878433
5000,harder_problem,0.5113379930852875,0.09663334488868713
5000,scaffold,0.7296795746498814,0.16191229224205017
5000,encouragement,0.5940686279162373,0.2507918179035187
5000,no_action,0.5655972729578558,0.10434626042842865
5000,harder_problem,0.6013229044931374,0.11347529292106628
5000,scaffold,0.4419649634992173,0.19460584223270416
5000,encouragement,0.5977747001069202,0.25820985436439514
5000,no_action,0.7017488783389076,0.1014566570520401
5000,harder_problem,0.7499774914022619,0.10719475895166397
5000,scaffold,0.6943708281220005,0.19724620878696442
5000,encouragement,0.7946885120576455,0.19276966154575348
5000,simplify_problem,0.7304315523431848,0.1613650918006897
5000,no_action,0.8355600662522416,0.08003529161214828
5000,harder_problem,0.8333584607360862,0.08644512295722961
5000,scaffold,0.6518703066436782,0.15169735252857208
5000,encouragement,0.8886081944176545,0.17841847240924835
5000,simplify_problem,0.7510558831842378,0.1501268744468689
5000,no_action,0.877689759508498,0.09139423072338104
5000,harder_problem,0.8848444566505931,0.1074528694152832
5000,encouragement,1.0114461278672109,0.1621730774641037
5000,simplify_problem,0.9690449018707552,0.13572190701961517
5000,no_action,1.0382481446064613,0.07489528506994247
5000,harder_problem,0.9405932351216073,0.08429311960935593
5000,scaffold,0.9705346686074203,0.137801855802536
5000,simplify_problem,0.9199903836069296,0.17395438253879547
5000,no_action,1.0618963454903851,0.08490712940692902
5000,harder_problem,1.1373871124626227,0.09092085808515549
5000,scaffold,0.9312168266404046,0.1608075499534607
5000,simplify_problem,0.8391939348913819,0.17940306663513184
5000,no_action,0.7778058850510603,0.08231636136770248
5000,harder_problem,0.48331795684233114,0.08513947576284409
5000,scaffold,0.8788545706211481,0.16039718687534332
5000,simplify_problem,0.8343815695015682,0.19268368184566498
5000,no_action,0.968908761869141,0.10079855471849442
5000,harder_problem,0.7594210543517042,0.11065554618835449
5000,scaffold,0.9352983287942465,0.1899338811635971
5000,encouragement,0.8557555018816094,0.20332001149654388
5000,simplify_problem,0.7553926919120864,0.16929371654987335
5000,no_action,0.7521384678376108,0.08727659285068512
5000,harder_problem,0.5240841000547558,0.09544583410024643
5000,scaffold,0.7217633616845482,0.16448600590229034
5000,encouragement,0.7898100123873069,0.19297407567501068
5000,simplify_problem,0.7649528709798421,0.16213859617710114
5000,no_action,0.8576666016868071,0.09087904542684555
5000,harder_problem,0.8730468124200903,0.10354205220937729
5000,scaffold,0.8752025945036728,0.16777226328849792
5000,encouragement,0.8361340683363361,0.2166101187467575
5000,simplify_problem,1.0593121197347877,0.18183235824108124
5000,no_action,1.006029173910318,0.11513311415910721
5000,harder_problem,0.7471066655530767,0.13784101605415344
5000,encouragement,0.7314226130975223,0.16537389159202576
5000,simplify_problem,0.855479533246347,0.13930414617061615
5000,no_action,0.8188914887932626,0.08965125679969788
5000,harder_problem,0.7291256725387547,0.10775524377822876
5000,scaffold,0.7666691226894624,0.16076669096946716
5000,encouragement,0.6769969525603265,0.17936241626739502
5000,simplify_problem,0.7850625850817234,0.15031132102012634
5000,no_action,0.7795506888462431,0.09017184376716614
5000,harder_problem,0.7220779723452329,0.10524649173021317
5000,encouragement,0.7947639724732136,0.1670023500919342
5000,simplify_problem,0.8868514902307183,0.14209546148777008
5000,no_action,0.8371017324817149,0.09581557661294937
5000,harder_problem,0.67253078574395,0.11823546141386032
5000,scaffold,0.7479958705747194,0.16937443614006042
5000,encouragement,0.8315243981893756,0.17556358873844147
5000,simplify_problem,0.8740955686969811,0.14762809872627258
5000,no_action,0.6799234677584534,0.09022168815135956
5000,harder_problem,0.8065989309479207,0.10624897480010986
5000,scaffold,0.7380337419881497,0.16540837287902832
5000,encouragement,0.8168016973829975,0.17921411991119385
5000,simplify_problem,0.845574493111263,0.15042956173419952
5000,no_action,0.8126317401036722,0.08473236858844757
5000,harder_problem,0.626066525940788,0.09628554433584213
5000,scaffold,0.7749030402269828,0.15689332783222198
5000,encouragement,0.7788695195541271,0.19446036219596863
5000,simplify_problem,0.7333612634836961,0.16199739277362823
5000,no_action,0.5958606582742476,0.06192381680011749
5000,harder_problem,0.5620844600064192,0.058796267956495285
5000,scaffold,0.7694215913600342,0.12248826026916504
5000,encouragement,0.7313690848301095,0.19373685121536255
5000,simplify_problem,0.7322159567092354,0.16310915350914001
5000,no_action,0.7985720550173179,0.08390416204929352
5000,harder_problem,0.5049029724763603,0.09139656275510788
5000,encouragement,0.7681419138483254,0.17019100487232208
5000,no_action,0.6602420431242395,0.09152276068925858
5000,harder_problem,0.8471530647462782,0.10852861404418945
5000,scaffold,0.6854907524954665,0.16757559776306152
5000,encouragement,0.824705765351994,0.17606499791145325
5000,no_action,0.702427286258656,0.09018851071596146
5000,harder_problem,0.8487615293513624,0.10445103049278259
5000,scaffold,0.5414042817931861,0.1657450646162033
5000,encouragement,1.036097640270743,0.16515469551086426
5000,simplify_problem,0.824241299325486,0.14070087671279907
5000,no_action,0.9431977683251533,0.09906573593616486
5000,harder_problem,0.954013502226021,0.12221790850162506
5000,encouragement,0.7263965392991887,0.1389256715774536
5000,simplify_problem,0.9177460191798366,0.11817308515310287
5000,no_action,0.6328759230681826,0.08498755097389221
5000,harder_problem,0.7123761749260749,0.10530497878789902
5000,scaffold,0.9846159849105796,0.14943037927150726
5000,encouragement,0.9820376755282814,0.15301375091075897
5000,simplify_problem,0.8319700979356517,0.12921501696109772
5000,no_action,0.8761604864687671,0.07900582253932953
5000,harder_problem,0.6999067059829671,0.09126054495573044
5000,scaffold,0.8712921280623771,0.14414845407009125
5000,encouragement,-0.2373431810042883,0.16000577807426453
5000,simplify_problem,-0.1600748761554156,0.1366763561964035
5000,no_action,-0.23493673267700066,0.09302319586277008
5000,harder_problem,-0.4922280887599393,0.1129780113697052
5000,scaffold,-0.3095881399264817,0.16419589519500732
5000,encouragement,-0.5372340827979354,0.16032961010932922
5000,simplify_problem,-0.49047429540107856,0.13717655837535858
5000,no_action,-0.5076698911629669,0.10155186802148819
5000,harder_problem,-0.6451494317045505,0.12760868668556213
5000,encouragement,-0.7802514803649248,0.17080895602703094
5000,simplify_problem,-0.6093471372970867,0.14437828958034515
5000,no_action,-0.6133608626841691,0.07159671932458878
5000,harder_problem,-0.6413761686107378,0.07519173622131348
5000,scaffold,-0.7422326387022264,0.13684873282909393
5000,encouragement,-0.5267705273782819,0.17256997525691986
5000,simplify_problem,-0.46090946183375525,0.14543193578720093
5000,no_action,-0.15927691596403415,0.07116802781820297
5000,harder_problem,-0.31116205095993643,0.07363811880350113
5000,scaffold,-0.33741612980749647,0.1362796574831009
5000,encouragement,-0.34329834247158697,0.1729983687400818
5000,no_action,-0.6155204335118503,0.0919971913099289
5000,harder_problem,-0.6050637875263833,0.10650517046451569
5000,scaffold,-0.3357590571657827,0.16754275560379028
10000,encouragement,0.6841533711663921,0.16143248975276947
10000,simplify_problem,0.684369150364069,0.12428275495767593
10000,no_action,0.816121981356436,0.061775028705596924
10000,harder_problem,0.603675274593058,0.08768090605735779
10000,scaffold,0.7356259862312218,0.1754033863544464
10000,encouragement,0.6621012424528079,0.16997535526752472
10000,simplify_problem,0.7274655958208953,0.11214318126440048
10000,no_action,0.22776722286950957,0.08932267129421234
10000,harder_problem,0.6457662552103725,0.15456978976726532
10000,scaffold,0.5229844476757513,0.21690256893634796
10000,encouragement,0.7724756469753622,0.1952051818370819
10000,simplify_problem,0.5234561533519693,0.1511206328868866
10000,no_action,0.7053384226254096,0.0718795657157898
10000,harder_problem,0.12750773370687707,0.10218119621276855
10000,scaffold,0.40204024505321634,0.20501849055290222
10000,encouragement,0.546277378045505,0.2002427577972412
10000,simplify_problem,0.6454450503888407,0.15909816324710846
10000,no_action,0.1251403661411712,0.06989040970802307
10000,harder_problem,0.43194404807025233,0.09529584646224976
10000,scaffold,0.5263633172074855,0.20187141001224518
10000,encouragement,0.598814833717852,0.263190895318985
10000,no_action,0.47592091399075764,0.07826151698827744
10000,harder_problem,0.4458774432264674,0.09421927481889725
10000,scaffold,0.5739477052056703,0.24912990629673004
10000,encouragement,0.5264195465328974,0.2737880051136017
10000,no_action,0.5435376861323209,0.11720891296863556
10000,harder_problem,0.2485437255677967,0.1777404248714447
10000,encouragement,0.8092816635004505,0.16199716925621033
10000,simplify_problem,0.6187282708357782,0.12364084273576736
10000,no_action,0.6214800360327111,0.06139983609318733
10000,harder_problem,0.7777366602023852,0.08924901485443115
10000,scaffold,0.4096528962020507,0.17385785281658173
10000,encouragement,0.5413379237339431,0.19495832920074463
10000,simplify_problem,0.25711177414004815,0.15094603598117828
10000,no_action,0.6307355816888145,0.0754229798913002
10000,harder_problem,0.36324101373713447,0.10756663233041763
10000,encouragement,0.4785886738949836,0.1962026059627533
10000,simplify_problem,0.4651674711322431,0.19959653913974762
10000,no_action,0.30498979166231077,0.044407155364751816
10000,harder_problem,0.499212297094485,0.04397248104214668
10000,scaffold,0.4921065404384488,0.15825766324996948
10000,encouragement,0.5606243781573133,0.21879583597183228
10000,simplify_problem,0.44274453817331905,0.19950802624225616
10000,no_action,0.421360074946346,0.06224365904927254
10000,harder_problem,-0.020561801950647496,0.0723796859383583
10000,encouragement,0.6707617861051212,0.2045414000749588
10000,simplify_problem,0.7351353947351704,0.19467417895793915
10000,no_action,0.3265542193366948,0.05330348387360573
10000,harder_problem,0.5654388902560701,0.059056561440229416
10000,scaffold,0.5893715847595544,0.1838049292564392
10000,encouragement,0.8973465350124146,0.2119615525007248
10000,simplify_problem,0.9387050922205327,0.26117178797721863
10000,no_action,0.7650844704504185,0.03313813731074333
10000,harder_problem,0.6124294394772463,0.02603461779654026
10000,scaffold,0.8010076007687217,0.13590170443058014
10000,encouragement,0.9667298110618061,0.15728576481342316
10000,simplify_problem,0.8101690457282134,0.2463921755552292
10000,no_action,0.582716611714313,0.08931577205657959
10000,harder_problem,0.6622389109202667,0.07241254299879074
10000,scaffold,0.7270469410736204,0.23199588060379028
10000,encouragement,0.5842555305230936,0.2812550365924835
10000,simplify_problem,0.5746571345336244,0.27071163058280945
10000,no_action,0.650103373883963,0.06977179646492004
10000,harder_problem,0.48956628428155513,0.0754537284374237
10000,encouragement,0.7038685140628758,0.2364109605550766
10000,simplify_problem,0.5863030570568526,0.18384568393230438
10000,no_action,0.3342037512488871,0.08710217475891113
10000,harder_problem,0.4797094572799083,0.12549705803394318
10000,scaffold,0.7732909130026275,0.25606071949005127
10000,encouragement,0.7296033370910235,0.2200196534395218
10000,no_action,-0.02867459991545207,0.08667076379060745
10000,harder_problem,0.6569476583608891,0.13118791580200195
10000,scaffold,0.5936343755290889,0.2547158896923065
10000,encouragement,0.5780944314841836,0.1934167891740799
10000,no_action,0.6814757166544618,0.0659729540348053
10000,harder_problem,-0.0277218763287026,0.09089861810207367
10000,scaffold,0.3945392194584141,0.21476028859615326
10000,encouragement,0.46071324198126007,0.18287667632102966
10000,simplify_problem,0.3315729707137516,0.15937687456607819
10000,no_action,0.14777003614134676,0.06015400215983391
10000,harder_problem,-0.21070491776986922,0.07894963771104813
10000,scaffold,0.3264065021873801,0.19887594878673553
10000,simplify_problem,-0.19733682702795097,0.1654515266418457
10000,no_action,0.2547856253676919,0.0699041560292244
10000,harder_problem,0.23771988027316437,0.09461089968681335
10000,scaffold,0.2712900008635444,0.22055873274803162
10000,simplify_problem,0.4463400029556843,0.17193371057510376
10000,no_action,0.31078329116578285,0.07846537232398987
10000,harder_problem,0.6057213607705676,0.11015121638774872
10000,scaffold,0.5128970922766012,0.2360834777355194
10000,simplify_problem,0.15705307521483913,0.16299791634082794
10000,no_action,0.38040440844147616,0.09691335260868073
10000,harder_problem,-0.0244797321345116,0.15432094037532806
10000,encouragement,0.30255029268677536,0.18476824462413788
10000,simplify_problem,0.8108668449662968,0.13456663489341736
10000,no_action,0.7779654889885572,0.0751536563038826
10000,harder_problem,0.5322692227978587,0.11490528285503387
10000,scaffold,0.33423650748366995,0.20444685220718384
10000,encouragement,-0.24299648386781136,0.19052886962890625
10000,simplify_problem,0.43831889620407827,0.14890938997268677
10000,no_action,0.16648194371152059,0.07242283225059509
10000,harder_problem,0.41407233336785687,0.10324010998010635
10000,scaffold,0.3419899191401363,0.21063938736915588
10000,simplify_problem,0.03924683751150182,0.2721797525882721
10000,no_action,0.0010489747040915987,0.07424493879079819
10000,harder_problem,-0.3198126847884013,0.0827990174293518
10000,scaffold,0.0006508808648124642,0.26185768842697144
10000,simplify_problem,0.4464934190590637,0.17275314033031464
10000,no_action,0.45130525936225396,0.07758892327547073
10000,harder_problem,0.2175612728813796,0.10893694311380386
10000,scaffold,0.09757193175952494,0.24266335368156433
10000,simplify_problem,-1.0974468144957203,0.19218242168426514
10000,no_action,-1.3007213235983315,0.08631137758493423
10000,harder_problem,-1.2687520617604102,0.1224999725818634
10000,scaffold,-1.2043834992414286,0.26700565218925476
10000,encouragement,-1.2403506273348623,0.23119749128818512
10000,simplify_problem,-1.0051382699087723,0.2569005489349365
10000,no_action,-1.395740619456241,0.04809418320655823
10000,harder_problem,-1.292974051204955,0.04637745022773743
10000,scaffold,-1.366855834915938,0.1973922848701477
10000,simplify_problem,-1.286067025228018,0.23889994621276855
10000,no_action,-1.3410637218475587,0.07857588678598404
10000,harder_problem,-1.4257556802480293,0.09732624888420105
10000,scaffold,-1.4968191829501276,0.2678191661834717
10000,simplify_problem,-1.2404730084422222,0.2743266820907593
10000,no_action,-1.3842567194388022,0.04970419406890869
10000,harder_problem,-1.0718352038701096,0.047629278153181076
10000,scaffold,-1.008039905608443,0.2001420259475708
10000,no_action,-1.4187967911537895,0.07754379510879517
10000,harder_problem,-1.5927362127321856,0.09276129305362701
10000,scaffold,-1.2730660471434976,0.2703763246536255
10000,encouragement,-1.5604253162240311,0.23961347341537476
10000,no_action,-1.4098791390587946,0.08569178730249405
10000,harder_problem,-1.4471807912569832,0.12269854545593262
10000,encouragement,-1.4118278581696444,0.19524000585079193
10000,simplify_problem,-1.4264614684000676,0.21357479691505432
10000,no_action,-1.5121143126531833,0.04111951217055321
10000,harder_problem,-1.394080586670393,0.04097091406583786
10000,scaffold,-1.3495094867190316,0.17008179426193237
10000,encouragement,-1.5698706654071808,0.19838690757751465
10000,simplify_problem,-1.3800618682541521,0.16810204088687897
10000,no_action,-1.5819133100283,0.06483040750026703
10000,harder_problem,-1.4344781095382113,0.08826269209384918
10000,scaffold,-1.4456383939809847,0.21601852774620056
10000,simplify_problem,-1.5881369085522248,0.18882864713668823
10000,no_action,-1.8722817556186557,0.08756326138973236
10000,harder_problem,-1.781193370912614,0.12775498628616333
10000,scaffold,-1.563836903719619,0.27550315856933594
10000,simplify_problem,-1.273320532194296,0.21216502785682678
10000,no_action,-1.4825609166062228,0.058782368898391724
10000,harder_problem,-1.2218577883728714,0.06940266489982605
10000,scaffold,-1.2844057736927421,0.20429359376430511
10000,simplify_problem,-1.5623975011051079,0.20359688997268677
10000,no_action,-1.7407622300708525,0.07231790572404861
10000,harder_problem,-1.5679048495923165,0.09448395669460297
10000,scaffold,-1.4088111811135675,0.23418495059013367
10000,encouragement,-1.1163971368051624,0.17016270756721497
10000,simplify_problem,-1.4586768797444811,0.11106355488300323
10000,no_action,-1.3965399060493646,0.0860077366232872
10000,harder_problem,-1.3784437597800006,0.16208559274673462
10000,scaffold,-1.3324283258553966,0.22309282422065735
10000,encouragement,-1.388714378965975,0.1728159636259079
10000,simplify_problem,-1.4433673607687258,0.11281199008226395
10000,no_action,-1.5908814705852241,0.08535114675760269
10000,harder_problem,-1.3395775190913484,0.15801699459552765
10000,scaffold,-1.5057492879413523,0.21958878636360168
10000,encouragement,-1.6087447938563915,0.15185728669166565
10000,simplify_problem,-1.6389542903336276,0.11047601699829102
10000,no_action,-1.6364771387397237,0.0629977434873581
10000,harder_problem,-1.5255305051783024,0.1049627736210823
10000,scaffold,-1.4972421077036668,0.182402566075325
10000,encouragement,-1.5499504353012885,0.16511636972427368
10000,simplify_problem,-1.7339460266456066,0.11562881618738174
10000,no_action,-1.66206700583614,0.07659216225147247
10000,harder_problem,-1.74701229120173,0.1355704665184021
10000,scaffold,-1.5536533154167071,0.21470385789871216
10000,encouragement,-1.7892606417438728,0.1627439260482788
10000,simplify_problem,-1.72051553078857,0.11145000904798508
10000,no_action,-1.8772487732355116,0.07833845168352127
10000,harder_problem,-1.7854026203544116,0.13991208374500275
10000,scaffold,-1.6940720012903134,0.21256759762763977
10000,encouragement,-1.9004201104163116,0.18445679545402527
10000,simplify_problem,-1.7550658626494047,0.12671174108982086
10000,no_action,-1.7019897463617903,0.08290784806013107
10000,harder_problem,-1.6864443807864842,0.1454601138830185
10000,scaffold,-1.674691015020282,0.22666478157043457
10000,encouragement,-1.5314007557159872,0.1730949431657791
10000,simplify_problem,-1.7943760924582604,0.11704687774181366
10000,no_action,-1.6014195113883916,0.08248917013406754
10000,harder_problem,-1.647023898755179,0.15318503975868225
10000,scaffold,-1.6986778146198414,0.22782565653324127
10000,simplify_problem,-1.5603918434489188,0.13230696320533752
10000,no_action,-1.51646022261329,0.1022665873169899
10000,harder_problem,-1.419489525128876,0.19878920912742615
10000,scaffold,-1.5400591362682747,0.2689749002456665
10000,simplify_problem,-1.8971843707685947,0.11315443366765976
10000,no_action,-1.8178959450412653,0.08532991260290146
10000,harder_problem,-1.8110241287871562,0.16132213175296783
10000,scaffold,-1.6820762799613713,0.22848446667194366
10000,simplify_problem,-1.9544960406767533,0.12173397094011307
10000,no_action,-1.9430350586162557,0.10706377774477005
10000,harder_problem,-1.9140007836696569,0.2143077403306961
10000,scaffold,-2.015099742313459,0.27601853013038635
10000,encouragement,-1.8261348458545126,0.1676003336906433
10000,simplify_problem,-1.8791973766357462,0.1043078824877739
10000,no_action,-1.7422736327931474,0.09895597398281097
10000,harder_problem,-1.747100851840586,0.20700930058956146
10000,scaffold,-1.8420548966979555,0.2534148097038269
10000,simplify_problem,-1.9921532219939002,0.09991172701120377
10000,no_action,-1.9850047259114691,0.07964172214269638
10000,harder_problem,-1.9925995438861468,0.1554417908191681
10000,scaffold,-1.9389987723064692,0.21043722331523895
10000,simplify_problem,-2.0047270393848358,0.10789216309785843
10000,no_action,-1.8236719146789793,0.10364659875631332
10000,harder_problem,-1.8468966254023513,0.2188180685043335
10000,simplify_problem,-2.146924539149711,0.10447478294372559
10000,no_action,-2.2139537886743486,0.11313554644584656
10000,harder_problem,-2.2047166192023457,0.24625705182552338
10000,scaffold,-2.1366719774028975,0.2732400894165039
10000,encouragement,-0.1341170787138415,0.20038782060146332
10000,simplify_problem,-0.26134717529904705,0.2391851544380188
10000,no_action,-0.0020194851477599585,0.039612654596567154
10000,harder_problem,-0.19018687133809253,0.0327015146613121
10000,scaffold,0.08154548434547326,0.1508145034313202
10000,encouragement,0.26924322235676623,0.22648848593235016
10000,simplify_problem,0.31885140656020017,0.2196386307477951
10000,no_action,-0.03836885684540681,0.05955064669251442
10000,harder_problem,0.2429943021858021,0.06171133741736412
10000,scaffold,0.2927354957034498,0.19259750843048096
10000,encouragement,0.25337102625143126,0.2887533903121948
10000,no_action,0.3167560424967104,0.07617909461259842
10000,harder_problem,0.2178193917147544,0.079007588326931
10000,scaffold,0.15942094214562097,0.2462954819202423
10000,encouragement,0.1323129233769067,0.2985645830631256
10000,no_action,0.21625537477268253,0.07214605063199997
10000,harder_problem,0.22161814133279778,0.07100044190883636
10000,scaffold,0.06837686608411797,0.25443658232688904
10000,encouragement,0.31617521038490803,0.20365864038467407
10000,simplify_problem,0.20930913976506993,0.19561010599136353
10000,no_action,0.18913133327587772,0.054095618426799774
10000,harder_problem,0.15333631693735406,0.057716287672519684
10000,scaffold,0.16865318435530963,0.18305732309818268
10000,encouragement,0.39637726587150857,0.2042984962463379
10000,simplify_problem,0.5058051535584229,0.16365455090999603
10000,no_action,0.6332523629909468,0.07088089734315872
10000,harder_problem,0.550981029982724,0.09426259994506836
10000,encouragement,0.6407140508799136,0.18037156760692596
10000,simplify_problem,0.6273681557491768,0.15378767251968384
10000,no_action,0.55059519044653,0.053900133818387985
10000,harder_problem,0.5254344300678779,0.06525696069002151
10000,scaffold,0.5914288226963378,0.1652323305606842
10000,simplify_problem,0.46979146296444707,0.21787966787815094
10000,no_action,0.46024094737258636,0.06049569696187973
10000,harder_problem,0.5353423029984148,0.06484425812959671
10000,scaffold,0.5357856604674875,0.1986977458000183
10000,simplify_problem,0.5292457446471128,0.2512590289115906
10000,no_action,0.30864750664691076,0.054730191826820374
10000,harder_problem,0.3583873619355229,0.0533318817615509
10000,scaffold,0.36602201114765,0.196638822555542
10000,simplify_problem,0.43459829463672683,0.2323630154132843
10000,no_action,0.35173834403982696,0.0696401596069336
10000,harder_problem,0.2596958700838048,0.0788261741399765
10000,scaffold,0.443819658409796,0.22824515402317047
10000,encouragement,0.48621623540291026,0.2237558364868164
10000,simplify_problem,0.44988669571770634,0.21075637638568878
10000,no_action,0.28564656351807294,0.05932779610157013
10000,harder_problem,0.33906306024952615,0.06438690423965454
10000,scaffold,0.3245122321352878,0.19485624134540558
10000,encouragement,0.24896791349922864,0.2092122584581375
10000,simplify_problem,0.5928027655070576,0.18004469573497772
10000,no_action,0.45027851921659146,0.06611591577529907
10000,harder_problem,0.38749762339747296,0.08053848892450333
10000,scaffold,0.29366669452856353,0.20317915081977844
10000,encouragement,0.31995963940098804,0.24605345726013184
10000,simplify_problem,0.6196313516534455,0.1891353279352188
10000,no_action,0.326359329049819,0.09056463092565536
10000,harder_problem,0.5026375119892652,0.12498187273740768
10000,encouragement,0.6366720834503461,0.18030154705047607
10000,simplify_problem,0.6498294498055532,0.14274945855140686
10000,no_action,0.503051607554307,0.06527522951364517
10000,harder_problem,0.40229869226657744,0.08906899392604828
10000,scaffold,0.15623474235192347,0.18542048335075378
10000,encouragement,0.2671225812633251,0.20740902423858643
10000,simplify_problem,0.32917482114757,0.1775449812412262
10000,no_action,0.2416064680543215,0.06880832463502884
10000,harder_problem,0.4116192931284486,0.0870741531252861
10000,encouragement,0.45355900543629035,0.18649499118328094
10000,simplify_problem,0.3508970690703541,0.13996928930282593
10000,no_action,0.3939211838687604,0.0778590589761734
10000,harder_problem,0.27273158824901644,0.11416589468717575
10000,scaffold,0.35544960141606463,0.21170836687088013
10000,encouragement,0.28892147458376893,0.19844383001327515
10000,simplify_problem,0.3832839071303571,0.16526350378990173
10000,no_action,0.3383439253428633,0.06810246407985687
10000,harder_problem,0.47227831032456313,0.08843196928501129
10000,scaffold,0.3726195655266977,0.20383359491825104
10000,encouragement,0.22428430842683778,0.19346138834953308
10000,simplify_problem,0.2444578438819316,0.17056609690189362
10000,no_action,0.46829250521045385,0.05891623720526695
10000,harder_problem,0.38127534713414235,0.07074045389890671
10000,scaffold,0.4202277207874916,0.18639425933361053
10000,encouragement,0.2686355593154679,0.20317618548870087
10000,simplify_problem,0.3740472008923641,0.247850701212883
10000,no_action,0.25873438978501095,0.03651885688304901
10000,harder_problem,0.18091625776765197,0.029841944575309753
10000,scaffold,0.28962582155036776,0.15266220271587372
10000,encouragement,-0.06575023903602473,0.22125492990016937
10000,simplify_problem,0.163390778765081,0.2125939279794693
10000,no_action,0.1685807292189958,0.06033340469002724
10000,harder_problem,-0.033478141805258765,0.06707382202148438
10000,encouragement,-0.3162562813710492,0.19102230668067932
10000,no_action,0.14387840654566908,0.06734426319599152
10000,harder_problem,0.16525381178763343,0.09064178913831711
10000,scaffold,0.3389742975844019,0.21643909811973572
10000,encouragement,0.16343170542217633,0.20096376538276672
10000,no_action,0.2000417003505932,0.06469757854938507
10000,harder_problem,-0.13754919481025807,0.08344533294439316
10000,scaffold,0.17490086456026832,0.2151648998260498
10000,encouragement,0.20090572754261826,0.19333375990390778
10000,simplify_problem,0.1855919942970914,0.14696602523326874
10000,no_action,0.41365611389808965,0.0753370150923729
10000,harder_problem,0.4094193549409826,0.11286037415266037
10000,encouragement,0.4938209509182361,0.157413512468338
10000,simplify_problem,0.30720791537013525,0.11823718994855881
10000,no_action,0.3967972591036002,0.06195436418056488
10000,harder_problem,0.4554554484550142,0.0951189324259758
10000,scaffold,0.40735697561388307,0.1794334053993225
10000,encouragement,0.2980866620774565,0.1734863966703415
10000,simplify_problem,0.41415342711231107,0.14595025777816772
10000,no_action,-0.33793518673271805,0.054533954709768295
10000,harder_problem,0.21351946656957743,0.07239539921283722
10000,scaffold,0.22565846646767795,0.17785097658634186
10000,encouragement,-1.132737675675319,0.17251113057136536
10000,simplify_problem,-1.2614070192752012,0.13303780555725098
10000,no_action,-1.3962278296866142,0.06562665849924088
10000,harder_problem,-1.4017802860603676,0.09757734835147858
10000,scaffold,-1.303391528222287,0.1971723884344101
10000,encouragement,-1.50588152754588,0.18611781299114227
10000,simplify_problem,-1.325856239344362,0.13685466349124908
10000,no_action,-1.3822542974816368,0.07805774360895157
10000,harder_problem,-1.3994323655717917,0.12384727597236633
10000,encouragement,-1.4228219839820224,0.18912287056446075
10000,simplify_problem,-1.437119617401838,0.2008800506591797
10000,no_action,-1.6932569618918436,0.04372517392039299
10000,harder_problem,-1.3971760003215525,0.04554716497659683
10000,scaffold,-1.3605961656785415,0.17842969298362732
10000,encouragement,-1.2416010481918782,0.19279901683330536
10000,simplify_problem,-1.076429047762929,0.20524416863918304
10000,no_action,-1.5113213677801791,0.04200838878750801
10000,harder_problem,-1.2848446442720283,0.04361385852098465
10000,scaffold,-1.217136534661548,0.17480237782001495
10000,encouragement,-1.3798290471728394,0.20307210087776184
10000,no_action,-1.4542105134495655,0.06287065148353577
10000,harder_problem,-1.6888642514331815,0.08344048261642456
10000,scaffold,-1.4009417127349033,0.21799084544181824
20000,encouragement,0.5644070120229241,0.29502034187316895
20000,simplify_problem,0.24030892751514177,0.10579442232847214
20000,no_action,0.3827585162797469,0.07021982967853546
20000,harder_problem,0.2096364433892548,0.048352599143981934
20000,scaffold,0.47141556698962894,0.15896031260490417
20000,encouragement,0.5467041211707855,0.2600650489330292
20000,simplify_problem,0.25089440174311495,0.09558702260255814
20000,no_action,0.3814827978315938,0.1081271693110466
20000,harder_problem,0.3295987476881663,0.10437580943107605
20000,scaffold,0.5953654104759449,0.1904691457748413
20000,encouragement,0.14185323398438854,0.33816421031951904
20000,simplify_problem,0.2772451793793391,0.12000430375337601
20000,no_action,0.4652025804322708,0.07904539257287979
20000,harder_problem,0.5453154909719764,0.05216739699244499
20000,scaffold,0.1945747043029611,0.17994388937950134
20000,encouragement,0.14642077009138,0.356656014919281
20000,simplify_problem,0.21385239831002423,0.12791334092617035
20000,no_action,0.5186333073496652,0.08421561866998672
20000,harder_problem,0.18897886808606223,0.055224210023880005
20000,scaffold,0.3228358548150183,0.18718545138835907
20000,encouragement,0.26202855806780256,0.4776758551597595
20000,no_action,0.2550298625676648,0.08839205652475357
20000,harder_problem,0.08006890079461337,0.04934795945882797
20000,scaffold,0.29067646660712043,0.2158169001340866
20000,encouragement,0.35196060303902676,0.4263632893562317
20000,no_action,0.6036507173846077,0.13678452372550964
20000,harder_problem,0.26828856522627387,0.10863854736089706
20000,encouragement,0.5375227775663163,0.29117855429649353
20000,simplify_problem,0.0787324590298022,0.10509882122278214
20000,no_action,0.494456899199883,0.07121297717094421
20000,harder_problem,0.3932033798862262,0.048275336623191833
20000,scaffold,0.06942635372993777,0.15973173081874847
20000,encouragement,0.0234596671975682,0.3351439833641052
20000,simplify_problem,0.33601391312809525,0.12226612865924835
20000,no_action,0.06263185269645,0.08879122883081436
20000,harder_problem,-0.2816327753044301,0.06283272802829742
20000,encouragement,0.009517289001750306,0.38367706537246704
20000,simplify_problem,0.06760649943812469,0.15364152193069458
20000,no_action,0.23004651355617778,0.05192622169852257
20000,harder_problem,0.37407193451537957,0.024453328922390938
20000,scaffold,0.1616891975701078,0.14700722694396973
20000,encouragement,0.4957490842301624,0.42899489402770996
20000,simplify_problem,0.22106537466397924,0.16027964651584625
20000,no_action,0.035794520905761296,0.0685422420501709
20000,harder_problem,0.2857275874777869,0.035794999450445175
20000,encouragement,0.7115515572608375,0.4048546850681305
20000,simplify_problem,0.2415975327990605,0.153595432639122
20000,no_action,0.22735077786464997,0.054128117859363556
20000,harder_problem,0.3259004355376378,0.02563178911805153
20000,scaffold,0.37663504619493793,0.15857809782028198
20000,encouragement,0.429725075068653,0.44067463278770447
20000,simplify_problem,0.292872523535769,0.18427446484565735
20000,no_action,0.5650685305093806,0.03532220795750618
20000,harder_problem,0.4214052149706764,0.012685420922935009
20000,scaffold,0.4515294403412575,0.1356182098388672
20000,encouragement,0.829791763173299,0.2029743194580078
20000,simplify_problem,0.5966353911502829,0.4277462065219879
20000,no_action,0.5234981266402792,0.0841931477189064
20000,harder_problem,0.845410786958273,0.04419973865151405
20000,scaffold,0.6168502691532392,0.13091346621513367
20000,encouragement,0.7381016638021958,0.5399249792098999
20000,simplify_problem,0.37620608277370327,0.20946016907691956
20000,no_action,0.28217821446313796,0.07542488723993301
20000,harder_problem,0.4228146171131639,0.03603314980864525
20000,encouragement,0.1873599992117505,0.4136589467525482
20000,simplify_problem,0.19708486076306952,0.15597577393054962
20000,no_action,-0.006902892524318194,0.09272018820047379
20000,harder_problem,-0.22751379440911368,0.05965645983815193
20000,scaffold,0.12546480786755332,0.22040612995624542
20000,encouragement,0.5774293004856332,0.3842998147010803
20000,no_action,0.18120388766842188,0.09397006034851074
20000,harder_problem,0.2689058856173516,0.06343711167573929
20000,scaffold,0.14041854325491254,0.21836139261722565
20000,encouragement,0.22255440035755747,0.403421014547348
20000,no_action,0.040339198865988024,0.07297900319099426
20000,harder_problem,-0.33476491322904645,0.040491942316293716
20000,scaffold,-0.34206335968901547,0.19485680758953094
20000,encouragement,-0.05764063239856121,0.36631789803504944
20000,simplify_problem,0.36332561653033846,0.15312796831130981
20000,no_action,0.3718525553193004,0.0651266947388649
20000,harder_problem,0.021289685089167953,0.03531787544488907
20000,scaffold,-0.18432714378364867,0.16982907056808472
20000,simplify_problem,0.017526663177137358,0.19780629873275757
20000,no_action,0.11428663573335607,0.10356664657592773
20000,harder_problem,-0.14596580346625654,0.06511249393224716
20000,scaffold,0.04954818825672991,0.23929542303085327
20000,simplify_problem,0.46290147306370066,0.1844322830438614
20000,no_action,-0.17310929209517756,0.11006574332714081
20000,harder_problem,0.557895129862203,0.07334361225366592
20000,scaffold,0.09101787254047178,0.2469664365053177
20000,simplify_problem,0.21741169784440428,0.17273995280265808
20000,no_action,0.7460632428661951,0.13469302654266357
20000,harder_problem,0.41408097056691595,0.10592346638441086
20000,encouragement,0.03864916200779467,0.2948819696903229
20000,simplify_problem,0.47169625987755737,0.11407965421676636
20000,no_action,0.26036006578497295,0.09415710717439651
20000,harder_problem,-0.08221821694199072,0.07433122396469116
20000,scaffold,0.212235778020176,0.18687109649181366
20000,encouragement,-0.23673343030491623,0.321516215801239
20000,simplify_problem,0.70455128396567,0.13222554326057434
20000,no_action,0.18490521726776254,0.09211130440235138
20000,harder_problem,0.14095738883498132,0.06729800254106522
20000,scaffold,-0.10857364663886582,0.1884622722864151
20000,simplify_problem,0.05945167920684247,0.32064738869667053
20000,no_action,0.31239511037550294,0.11490784585475922
20000,harder_problem,0.1792533468368176,0.05589183047413826
20000,scaffold,0.22378337471862686,0.31377875804901123
20000,simplify_problem,-0.3088645457427921,0.21103008091449738
20000,no_action,0.09053217780619205,0.10880666971206665
20000,harder_problem,-0.20855565361034323,0.06668306142091751
20000,scaffold,0.19089970259464373,0.25965195894241333
20000,simplify_problem,-1.7861912751721065,0.24011452496051788
20000,no_action,-1.7401963285285567,0.1287647783756256
20000,harder_problem,-1.8381372732263346,0.07898184657096863
20000,scaffold,-1.7621092451222815,0.30326348543167114
20000,encouragement,-1.566733786567256,0.45772483944892883
20000,simplify_problem,-1.4518779188993776,0.22540923953056335
20000,no_action,-1.778041497837227,0.0503186397254467
20000,harder_problem,-1.6355232384918992,0.02024337835609913
20000,scaffold,-1.5193180273628282,0.1648382693529129
20000,simplify_problem,-1.8623968418558445,0.2980929911136627
20000,no_action,-2.0016755837952576,0.11966446042060852
20000,harder_problem,-1.837169247159002,0.06267222762107849
20000,scaffold,-1.8249773015875355,0.31226450204849243
20000,simplify_problem,-1.3763339637242535,0.32644814252853394
20000,no_action,-1.6798411723051325,0.07362300902605057
20000,harder_problem,-1.6529939587976314,0.029476314783096313
20000,scaffold,-1.4685616447638825,0.249537393450737
20000,no_action,-1.8074248523906329,0.12153749167919159
20000,harder_problem,-1.877609773587444,0.06206582114100456
20000,scaffold,-1.6564034990636847,0.332191526889801
20000,encouragement,-1.666877656904485,0.480726420879364
20000,no_action,-1.8416185303158281,0.0969921126961708
20000,harder_problem,-1.8201640741444403,0.05657143518328667
20000,encouragement,-1.6630146975728581,0.408745676279068
20000,simplify_problem,-1.6705616891216724,0.2052886039018631
20000,no_action,-1.744294158610296,0.04410860314965248
20000,harder_problem,-1.6018779057857413,0.01749834418296814
20000,scaffold,-1.5364818436190986,0.14912301301956177
20000,encouragement,-1.7950139016157958,0.37384164333343506
20000,simplify_problem,-1.9066618653185627,0.16351082921028137
20000,no_action,-2.124456195962818,0.06571730971336365
20000,harder_problem,-1.9368672685473107,0.03560103476047516
20000,scaffold,-1.7377632902838762,0.1800183206796646
20000,simplify_problem,-1.969145302193812,0.23368877172470093
20000,no_action,-1.9882897573281413,0.11935514211654663
20000,harder_problem,-2.0247146948817534,0.07594292610883713
20000,scaffold,-2.0466451916589534,0.2852317690849304
20000,simplify_problem,-1.6441729260536815,0.24346327781677246
20000,no_action,-1.9133961325791593,0.08372638374567032
20000,harder_problem,-1.7519893323429,0.041092194616794586
20000,scaffold,-1.5983009024740247,0.2510480582714081
20000,simplify_problem,-2.132936559979968,0.22476734220981598
20000,no_action,-2.2393794475411237,0.09890527278184891
20000,harder_problem,-2.030470215677667,0.054221414029598236
20000,scaffold,-1.9659090710447775,0.26527413725852966
20000,encouragement,-1.787898243804892,0.27952301502227783
20000,simplify_problem,-1.800371328849501,0.11540517210960388
20000,no_action,-1.7561899893512172,0.10201936960220337
20000,harder_problem,-1.7939527427012716,0.08507904410362244
20000,scaffold,-1.7783849211891452,0.2063099890947342
20000,encouragement,-1.8898029669140426,0.27520933747291565
20000,simplify_problem,-1.8612697158621934,0.11193430423736572
20000,no_action,-1.8586405666677304,0.10265166312456131
20000,harder_problem,-1.8864985464381072,0.08719734102487564
20000,scaffold,-1.7430228391435203,0.2038351446390152
20000,encouragement,-1.943069053362281,0.28193071484565735
20000,simplify_problem,-1.9552503428683254,0.1187921017408371
20000,no_action,-1.8072009605121042,0.07473700493574142
20000,harder_problem,-1.806107405938707,0.05029534175992012
20000,scaffold,-1.9664261364605609,0.1725570261478424
20000,encouragement,-1.9047116147505507,0.2897087633609772
20000,simplify_problem,-1.7530805871732578,0.12901349365711212
20000,no_action,-1.7460948857115963,0.09340541064739227
20000,harder_problem,-1.9081599199909713,0.07054497301578522
20000,scaffold,-1.8106110862744391,0.1973855197429657
20000,encouragement,-2.078609180677106,0.2609521448612213
20000,simplify_problem,-2.009410102063211,0.11812238395214081
20000,no_action,-2.1167133999737264,0.09902890026569366
20000,harder_problem,-2.1185144766732007,0.08312192559242249
20000,scaffold,-2.041575809181787,0.19168895483016968
20000,encouragement,-1.8951007808790314,0.2926427125930786
20000,simplify_problem,-1.7296396220571235,0.12619580328464508
20000,no_action,-1.9984288258469904,0.09859032928943634
20000,harder_problem,-1.9453433014822308,0.07737207412719727
20000,scaffold,-2.0349587633878463,0.20460191369056702
20000,encouragement,-1.72577041753343,0.3065004050731659
20000,simplify_problem,-1.9151561316852233,0.13120922446250916
20000,no_action,-1.9164676764338315,0.0912688672542572
20000,harder_problem,-1.7560226837726631,0.06675365567207336
20000,scaffold,-1.70598765093572,0.20829786360263824
20000,simplify_problem,-1.7750877810349963,0.16929510235786438
20000,no_action,-1.7232578375645942,0.13521510362625122
20000,harder_problem,-1.6216968024740261,0.10707295686006546
20000,scaffold,-1.6929279882289812,0.297185480594635
20000,simplify_problem,-2.0511036452958478,0.14311791956424713
20000,no_action,-2.137394377968824,0.11277768760919571
20000,harder_problem,-2.0771839583326277,0.08955021947622299
20000,scaffold,-1.9216556686361328,0.24061329662799835
20000,simplify_problem,-2.0906004763081367,0.1617509126663208
20000,no_action,-2.094559390551457,0.14928199350833893
20000,harder_problem,-2.194652634543878,0.13360750675201416
20000,scaffold,-2.00277290176254,0.2887399196624756
20000,encouragement,-1.8362801372383308,0.2708786129951477
20000,simplify_problem,-1.8807064448937347,0.12679146230220795
20000,no_action,-1.8143077970214923,0.11788654327392578
20000,harder_problem,-1.8317790251872221,0.10851652920246124
20000,scaffold,-1.8220773169459943,0.22872936725616455
20000,simplify_problem,-2.0149989819332963,0.1287819892168045
20000,no_action,-1.9877032768312257,0.10915324836969376
20000,harder_problem,-1.977188562425525,0.09128331393003464
20000,scaffold,-1.9923076615848672,0.2211344987154007
20000,simplify_problem,-1.8644587798987793,0.13157369196414948
20000,no_action,-1.8620371187901674,0.13899272680282593
20000,harder_problem,-1.767535622763661,0.13417528569698334
20000,simplify_problem,-2.073439973871119,0.13794557750225067
20000,no_action,-2.1385070351200106,0.1674528867006302
20000,harder_problem,-2.062983902721617,0.17960092425346375
20000,scaffold,-2.075532920216178,0.27262812852859497
20000,encouragement,-0.29202691756965127,0.4151114225387573
20000,simplify_problem,-0.2712862892136023,0.16688495874404907
20000,no_action,-0.18450125089385594,0.0485588014125824
20000,harder_problem,-0.27168731716099614,0.020373795181512833
20000,scaffold,-0.28212255776664463,0.13470131158828735
20000,encouragement,-0.16706287498553518,0.4135282635688782
20000,simplify_problem,-0.44228305143025937,0.15286046266555786
20000,no_action,-0.013254930312307955,0.077671118080616
20000,harder_problem,-0.035149980134908,0.04334287717938423
20000,scaffold,-0.20599798661290425,0.1743241250514984
20000,encouragement,0.12304868351684117,0.4980582594871521
20000,no_action,-0.0005734232791514415,0.08738277852535248
20000,harder_problem,0.12765425207653536,0.048326894640922546
20000,scaffold,-0.23628844789366976,0.20625190436840057
20000,encouragement,0.1312064612390511,0.5643229484558105
20000,no_action,0.015944219196819986,0.07289568334817886
20000,harder_problem,-0.13158472577210212,0.03388996049761772
20000,scaffold,0.12213878957961821,0.20441018044948578
20000,encouragement,-0.002131847516036345,0.388403981924057
20000,simplify_problem,-0.05307980941221935,0.14782875776290894
20000,no_action,-0.055988063908445795,0.05842381343245506
20000,harder_problem,0.04976607802631161,0.03013782575726509
20000,scaffold,0.01309640521136135,0.15615195035934448
20000,encouragement,0.2754786208713229,0.36339572072029114
20000,simplify_problem,0.26272845433307523,0.127089723944664
20000,no_action,0.07437834518327335,0.08005528151988983
20000,harder_problem,-0.0016965583053876188,0.05203385651111603
20000,encouragement,0.26608605257474416,0.33247050642967224
20000,simplify_problem,0.38367107385060883,0.11756827682256699
20000,no_action,0.5599228330244479,0.06149500980973244
20000,harder_problem,0.32048895746149064,0.03605489805340767
20000,scaffold,0.31419938149654136,0.1534339189529419
20000,simplify_problem,0.23703459614342837,0.2075376659631729
20000,no_action,0.22519575964897864,0.08609236776828766
20000,harder_problem,0.32547314436804164,0.04486118629574776
20000,scaffold,0.5935228659465732,0.23472510278224945
20000,simplify_problem,0.28766080126098537,0.25622469186782837
20000,no_action,0.20063036940165002,0.0795823186635971
20000,harder_problem,0.24881953055934325,0.035330936312675476
20000,scaffold,0.11668473185388528,0.24253539741039276
20000,simplify_problem,0.16756124356550917,0.2256840467453003
20000,no_action,0.2296469745099703,0.09476715326309204
20000,harder_problem,0.1859956334724,0.04948760196566582
20000,scaffold,0.16782278846212595,0.25709375739097595
20000,encouragement,0.09796096352313732,0.43406790494918823
20000,simplify_problem,0.13279830776030455,0.15726962685585022
20000,no_action,-0.02604658179492203,0.06814959645271301
20000,harder_problem,0.09588382590275835,0.03542904183268547
20000,scaffold,0.025515731445800327,0.17712710797786713
20000,encouragement,0.15163090978734495,0.3972523510456085
20000,simplify_problem,-0.21320953423222733,0.14306989312171936
20000,no_action,0.16958561698742525,0.076395682990551
20000,harder_problem,-0.008251709610362479,0.04575755447149277
20000,scaffold,0.21296379959355782,0.18369582295417786
20000,encouragement,-0.026292928011935945,0.42776593565940857
20000,simplify_problem,0.4804161341043347,0.14055877923965454
20000,no_action,0.3531409345315808,0.10432855039834976
20000,harder_problem,0.2220817118352887,0.07239143550395966
20000,encouragement,0.05416638036197652,0.3077884614467621
20000,simplify_problem,0.15521472311559315,0.10734162479639053
20000,no_action,0.183629401741511,0.07423657178878784
20000,harder_problem,0.07983669748431632,0.04987600818276405
20000,scaffold,0.18299696239122554,0.16125211119651794
20000,encouragement,0.018483677552693756,0.40263333916664124
20000,simplify_problem,0.1354603911810761,0.1433926373720169
20000,no_action,0.1333170345788739,0.07567587494850159
20000,harder_problem,-0.028295243132038017,0.04386988282203674
20000,encouragement,0.056205861914500055,0.31350427865982056
20000,simplify_problem,0.09425401987690663,0.11203332990407944
20000,no_action,0.33165857285036715,0.08903162181377411
20000,harder_problem,0.17973577598957036,0.0677589550614357
20000,scaffold,0.1558870136116708,0.1812739074230194
20000,encouragement,0.039838284979579086,0.3576880991458893
20000,simplify_problem,-0.12203228352098794,0.12772028148174286
20000,no_action,0.17553022496632664,0.07403407990932465
20000,harder_problem,-0.09315260240634782,0.045573923736810684
20000,scaffold,0.22681282932628033,0.1723865270614624
20000,encouragement,0.3111278093926586,0.35840919613838196
20000,simplify_problem,-0.3189880079681968,0.13270850479602814
20000,no_action,0.02447466291425915,0.06513436883687973
20000,harder_problem,0.13243710082530136,0.03704507648944855
20000,scaffold,0.13451094298863886,0.16103853285312653
20000,encouragement,0.19830207511468867,0.43059638142585754
20000,simplify_problem,0.029880934486829602,0.1962861716747284
20000,no_action,0.10912641830916803,0.039455924183130264
20000,harder_problem,-0.08971749674712637,0.015178603120148182
20000,scaffold,0.08237550793428916,0.1374131143093109
20000,encouragement,0.22393308216645735,0.45011910796165466
20000,simplify_problem,0.0863941824389185,0.18753020465373993
20000,no_action,0.16903558595879442,0.06383681297302246
20000,harder_problem,0.07648677187524733,0.031558237969875336
20000,encouragement,-0.09669270207334968,0.39642849564552307
20000,no_action,0.007142294954797901,0.07555955648422241
20000,harder_problem,-0.27846398533041006,0.04376035928726196
20000,scaffold,-0.163947668639584,0.1907591074705124
20000,encouragement,0.014472971336443319,0.4130408763885498
20000,no_action,-0.38737504952887436,0.07192772626876831
20000,harder_problem,-0.15600032311806444,0.03930545970797539
20000,scaffold,0.06534971261007261,0.1910986602306366
20000,encouragement,0.17157904426805093,0.3465416431427002
20000,simplify_problem,0.26272616797246773,0.1349359005689621
20000,no_action,-0.4274260453502432,0.08721773326396942
20000,harder_problem,0.2687805671352348,0.05947749316692352
20000,encouragement,0.4156367415387763,0.29621249437332153
20000,simplify_problem,-0.34156848789126926,0.11475333571434021
20000,no_action,0.16601391820638156,0.0707700327038765
20000,harder_problem,0.34826525199543923,0.04688119515776634
20000,scaffold,0.310960704371281,0.1668338179588318
20000,encouragement,-0.10488284339195264,0.3475508987903595
20000,simplify_problem,0.3950375374951527,0.14216302335262299
20000,no_action,0.12886643820132537,0.05949776992201805
20000,harder_problem,0.07136312298373415,0.03237529098987579
20000,scaffold,0.06561802412047557,0.16457447409629822
20000,encouragement,-1.628521346325793,0.3187296390533447
20000,simplify_problem,-1.7842185950641667,0.1305408924818039
20000,no_action,-1.81875896731721,0.07249118387699127
20000,harder_problem,-1.9183447387444263,0.04715094715356827
20000,scaffold,-1.5807695033855107,0.17600032687187195
20000,encouragement,-1.8881377855949628,0.34100261330604553
20000,simplify_problem,-1.891468028873684,0.13533882796764374
20000,no_action,-2.0466782989178336,0.08862291276454926
20000,harder_problem,-1.9906370305238674,0.06214015185832977
20000,encouragement,-1.859369216601464,0.40437814593315125
20000,simplify_problem,-1.8267783452406074,0.20402891933918
20000,no_action,-1.9821835276759403,0.045634761452674866
20000,harder_problem,-1.6935914582146556,0.018929721787571907
20000,scaffold,-1.924378330279564,0.15163175761699677
20000,encouragement,-1.675281324899859,0.40846025943756104
20000,simplify_problem,-1.630002592159438,0.20915213227272034
20000,no_action,-1.7655890216760803,0.04263223335146904
20000,harder_problem,-1.4970450094272199,0.0169235672801733
20000,scaffold,-1.4654243856629168,0.1516852229833603
20000,encouragement,-1.9740851435464695,0.4292955994606018
20000,no_action,-1.6953545194140847,0.06927116960287094
20000,harder_problem,-1.9643602888428966,0.035412438213825226
20000,scaffold,-1.8219705022277768,0.19952617585659027
30000,encouragement,0.5489184951715549,0.44666898250579834
30000,simplify_problem,0.6092945427946601,0.037814054638147354
30000,no_action,0.566006989249896,0.13182824850082397
30000,harder_problem,0.7155183708684003,0.039069339632987976
30000,scaffold,0.499234152281149,0.11567025631666183
30000,encouragement,0.8217655036392824,0.3620666265487671
30000,simplify_problem,0.7394706243019531,0.031326815485954285
30000,no_action,0.5790186061499405,0.18816162645816803
30000,harder_problem,0.6258441623364099,0.1030922383069992
30000,scaffold,0.5617016264195662,0.1311318725347519
30000,encouragement,0.799346733815673,0.4804958403110504
30000,simplify_problem,0.6601758468450241,0.04050023853778839
30000,no_action,0.6333727553722506,0.1481129229068756
30000,harder_problem,0.5378180326245801,0.04600055143237114
30000,scaffold,0.5487593071128165,0.1284652054309845
30000,encouragement,0.6088366183350136,0.4882039427757263
30000,simplify_problem,0.6384645940174334,0.04301989823579788
30000,no_action,0.6584277007078017,0.15281666815280914
30000,harder_problem,0.546453717386667,0.048420172184705734
30000,scaffold,0.4962864547259498,0.13528305292129517
30000,encouragement,0.5266491868458596,0.5826252698898315
30000,no_action,0.2946754599536101,0.13975819945335388
30000,harder_problem,0.3755783268880455,0.035884957760572433
30000,scaffold,0.6111357983243337,0.14814981818199158
30000,encouragement,0.5216410568380399,0.48772332072257996
30000,no_action,0.6175974688766246,0.20895782113075256
30000,harder_problem,0.40715008896970506,0.0947667732834816
30000,encouragement,0.453436261927747,0.42850401997566223
30000,simplify_problem,0.6282292870272848,0.0366746187210083
30000,no_action,0.7768406919210378,0.13759452104568481
30000,harder_problem,0.6208110124002024,0.044977255165576935
30000,scaffold,0.6522925280938363,0.11747725307941437
30000,encouragement,0.31896258030528024,0.45657187700271606
30000,simplify_problem,0.3389097945280568,0.0412687249481678
30000,no_action,0.48090413881932026,0.1622433364391327
30000,harder_problem,0.1696323835918747,0.059275273233652115
30000,encouragement,0.272514279325633,0.5464410185813904
30000,simplify_problem,0.4740350695725244,0.08688989281654358
30000,no_action,0.3331986823357376,0.07487478852272034
30000,harder_problem,-0.06358882588371184,0.013152198866009712
30000,scaffold,0.3420570011967623,0.11555632948875427
30000,encouragement,0.45798372544070354,0.5917986035346985
30000,simplify_problem,0.533493637575738,0.06603776663541794
30000,no_action,0.265250554681864,0.11497931182384491
30000,harder_problem,-0.287527956856481,0.024654000997543335
30000,encouragement,0.30730354401585913,0.5686222910881042
30000,simplify_problem,0.17824069733974301,0.0725037157535553
30000,no_action,0.31603411151365357,0.08586476743221283
30000,harder_problem,0.18984920944465777,0.015456084161996841
30000,scaffold,0.4407607333639856,0.11579763889312744
30000,encouragement,0.767021467580042,0.5983414053916931
30000,simplify_problem,0.6395435975205128,0.14202867448329926
30000,no_action,0.685287913517195,0.04205963760614395
30000,harder_problem,0.32207717708848893,0.0050378283485770226
30000,scaffold,0.7164225828549391,0.09965278953313828
30000,encouragement,0.8851267738036919,0.08914965391159058
30000,simplify_problem,0.621605112469636,0.6777153015136719
30000,no_action,0.6430766978706437,0.045794516801834106
30000,harder_problem,0.7306139499994408,0.03955176845192909
30000,scaffold,0.7092962338611049,0.10007690638303757
30000,encouragement,0.260791040925513,0.7062646150588989
30000,simplify_problem,0.6941024331397987,0.0936746820807457
30000,no_action,0.5402112498829208,0.11043903976678848
30000,harder_problem,0.37133233692201983,0.02069687284529209
30000,encouragement,0.6707152691089622,0.5628581643104553
30000,simplify_problem,0.6636732707441952,0.05148957669734955
30000,no_action,0.5622328906227114,0.16171671450138092
30000,harder_problem,0.18709384664663187,0.048621274530887604
30000,scaffold,0.5482609305573707,0.1461709886789322
30000,encouragement,1.0271088090442504,0.5020586848258972
30000,no_action,0.7262917797665125,0.155670166015625
30000,harder_problem,0.3611359557873044,0.052667297422885895
30000,scaffold,0.5437352123471744,0.138386532664299
30000,encouragement,0.7864703428335673,0.5350488424301147
30000,no_action,0.6017923616295766,0.12272100150585175
30000,harder_problem,-0.3700000277005664,0.03238706663250923
30000,scaffold,0.44202903480049294,0.13015280663967133
30000,encouragement,0.4257770324213386,0.5053309798240662
30000,simplify_problem,0.5410708650040652,0.061724402010440826
30000,no_action,0.44091959978735584,0.11762288957834244
30000,harder_problem,-0.055581781267562747,0.03163215517997742
30000,scaffold,0.3204483308432149,0.12768635153770447
30000,simplify_problem,0.5144251468819041,0.09900280833244324
30000,no_action,0.30574477768423325,0.2330242395401001
30000,harder_problem,0.4225521995123156,0.07643015682697296
30000,scaffold,0.40456560483706916,0.2323000133037567
30000,simplify_problem,0.8530309319530396,0.08550622314214706
30000,no_action,0.3170738519571863,0.24693478643894196
30000,harder_problem,0.2995383555852982,0.08392719179391861
30000,scaffold,0.3887744758685914,0.22908765077590942
30000,simplify_problem,0.9261735795703459,0.07186800241470337
30000,no_action,0.6853558829234387,0.290210098028183
30000,harder_problem,0.34735668648313656,0.12161162495613098
30000,encouragement,0.8278326010211536,0.4075221121311188
30000,simplify_problem,0.859042652526357,0.03840700536966324
30000,no_action,0.6062890803585033,0.16579397022724152
30000,harder_problem,0.36180928394816547,0.07141679525375366
30000,scaffold,0.42773730275925637,0.13273005187511444
30000,encouragement,0.4679977579047536,0.43818292021751404
30000,simplify_problem,0.7231172179464442,0.047754235565662384
30000,no_action,0.20250531824121598,0.16157063841819763
30000,harder_problem,0.2911686354981846,0.06534189730882645
30000,scaffold,0.6084853766382734,0.14146901667118073
30000,simplify_problem,0.2675712709211595,0.20889869332313538
30000,no_action,0.2145906634708581,0.2563953995704651
30000,harder_problem,0.39779989317289566,0.05616696923971176
30000,scaffold,0.3942781339965524,0.33828091621398926
30000,simplify_problem,0.5900206517645623,0.10012363642454147
30000,no_action,0.05383404386471735,0.24938713014125824
30000,harder_problem,0.06842456770802396,0.08041631430387497
30000,scaffold,0.19868066337642887,0.2423628568649292
30000,simplify_problem,-2.361938601376733,0.11208273470401764
30000,no_action,-2.5485112275334485,0.30361267924308777
30000,harder_problem,-2.7976738834192973,0.10308806598186493
30000,scaffold,-2.3867139663922434,0.2870227098464966
30000,encouragement,-2.3189960750085357,0.60664963722229
30000,simplify_problem,-2.242827180825915,0.15842624008655548
30000,no_action,-2.3351576039528306,0.06369412690401077
30000,harder_problem,-2.559961977280988,0.010860598646104336
30000,scaffold,-2.3726428097548395,0.12602728605270386
30000,simplify_problem,-2.578995609460178,0.16943228244781494
30000,no_action,-2.6887991834070157,0.279349684715271
30000,harder_problem,-2.654793670081402,0.07381915301084518
30000,scaffold,-2.788255248325093,0.3231291174888611
30000,simplify_problem,-2.130507869983067,0.31486743688583374
30000,no_action,-2.300191616097953,0.127720907330513
30000,harder_problem,-2.053116009441055,0.02009660005569458
30000,scaffold,-2.4783664926702196,0.25418323278427124
30000,no_action,-2.544688893278313,0.2410024106502533
30000,harder_problem,-2.782774470695654,0.056208930909633636
30000,scaffold,-2.4126738447233373,0.3048456013202667
30000,encouragement,-2.438380312159679,0.5839206576347351
30000,no_action,-2.4946432893006723,0.1527717560529709
30000,harder_problem,-2.6409644776588004,0.04677329584956169
30000,encouragement,-2.630134010613612,0.555103063583374
30000,simplify_problem,-2.3143312816896637,0.14606516063213348
30000,no_action,-2.4536693128997427,0.057514455169439316
30000,harder_problem,-2.2287921347136073,0.009803029708564281
30000,scaffold,-2.366084999882485,0.11358635872602463
30000,encouragement,-2.7904930806930066,0.5350667238235474
30000,simplify_problem,-2.5289407757089952,0.06726506352424622
30000,no_action,-2.822894379754654,0.1155947670340538
30000,harder_problem,-2.5579575061679467,0.02961590513586998
30000,scaffold,-2.528913887491915,0.12845735251903534
30000,simplify_problem,-2.725782375682797,0.11546118557453156
30000,no_action,-2.7242645823904805,0.26910245418548584
30000,harder_problem,-2.655543576752691,0.09187562018632889
30000,scaffold,-2.452381192843998,0.26295050978660583
30000,simplify_problem,-2.2386175118697444,0.17278677225112915
30000,no_action,-2.3652091082284943,0.1874665766954422
30000,harder_problem,-2.2074455222453735,0.03610849380493164
30000,scaffold,-2.4049466691514536,0.2551068961620331
30000,simplify_problem,-2.582990492268031,0.12012646347284317
30000,no_action,-3.017321882780039,0.23333904147148132
30000,harder_problem,-2.7630843723344944,0.05693086236715317
30000,scaffold,-2.924103648108864,0.2538740038871765
30000,encouragement,-2.290325561783348,0.38475051522254944
30000,simplify_problem,-2.190274155101231,0.0386943519115448
30000,no_action,-2.4339839831704824,0.1857508271932602
30000,harder_problem,-2.2465502696673036,0.1042359471321106
30000,scaffold,-2.584662302549681,0.13561446964740753
30000,encouragement,-2.6667152157907026,0.3827131986618042
30000,simplify_problem,-2.295059786206518,0.037482794374227524
30000,no_action,-2.656380587041933,0.18576203286647797
30000,harder_problem,-2.425973919592186,0.1029278039932251
30000,scaffold,-2.310805475426161,0.13518068194389343
30000,encouragement,-2.407119618458845,0.4040233790874481
30000,simplify_problem,-2.433735516001641,0.04266718775033951
30000,no_action,-2.7901706172681497,0.1477130800485611
30000,harder_problem,-2.449403967595712,0.06213245913386345
30000,scaffold,-2.5277885844865677,0.12377895414829254
30000,encouragement,-2.4064914639482,0.3938353955745697
30000,simplify_problem,-2.2901010235340005,0.0460362508893013
30000,no_action,-2.1859513718327483,0.17424507439136505
30000,harder_problem,-2.358488964256602,0.0931277945637703
30000,scaffold,-2.2842887025814305,0.13850289583206177
30000,encouragement,-2.471983548155984,0.35028645396232605
30000,simplify_problem,-2.5174546970302694,0.04245539754629135
30000,no_action,-2.6206450007926936,0.17677082121372223
30000,harder_problem,-2.536790449735985,0.10850860923528671
30000,scaffold,-2.321260554852995,0.1355087161064148
30000,encouragement,-2.3535147398337712,0.39900755882263184
30000,simplify_problem,-2.4073646366553043,0.043054912239313126
30000,no_action,-2.4850035962698738,0.17643453180789948
30000,harder_problem,-2.5076884878437937,0.09098410606384277
30000,scaffold,-2.3309747038994564,0.13773436844348907
30000,encouragement,-2.424100867075007,0.4318343698978424
30000,simplify_problem,-2.215572979115954,0.04463646560907364
30000,no_action,-2.290298212658174,0.17270085215568542
30000,harder_problem,-2.3130961102036047,0.08130978792905807
30000,scaffold,-2.257225289151031,0.13523538410663605
30000,simplify_problem,-2.0995145721252944,0.06920535117387772
30000,no_action,-1.943291057516297,0.30777984857559204
30000,harder_problem,-2.080854739438617,0.1551128625869751
30000,scaffold,-2.140921577257041,0.2285720854997635
30000,simplify_problem,-2.4841264673568917,0.05942782014608383
30000,no_action,-2.5471582362800467,0.2531636953353882
30000,harder_problem,-2.5316948096768597,0.13416607677936554
30000,scaffold,-2.546996609339994,0.1910403072834015
30000,simplify_problem,-2.470215241884229,0.06336267292499542
30000,no_action,-2.4999507374172483,0.296143501996994
30000,harder_problem,-2.3799075751431547,0.20222944021224976
30000,scaffold,-2.5041788547597292,0.2118730992078781
30000,encouragement,-2.141729744795728,0.3563176393508911
30000,simplify_problem,-2.1249935636011186,0.043639298528432846
30000,no_action,-2.111866750793574,0.20086084306240082
30000,harder_problem,-2.0378025303627165,0.1452636569738388
30000,scaffold,-2.099591783247958,0.14187824726104736
30000,simplify_problem,-2.271534156302737,0.053543899208307266
30000,no_action,-2.315360976697998,0.23565417528152466
30000,harder_problem,-2.40846200943986,0.14718635380268097
30000,scaffold,-2.2886051398973795,0.17392955720424652
30000,simplify_problem,-1.9222568876700261,0.05044817179441452
30000,no_action,-2.051009353734413,0.25839000940322876
30000,harder_problem,-2.012290966572621,0.2127685546875
30000,simplify_problem,-2.223872908968266,0.05089566111564636
30000,no_action,-2.202622886878444,0.27512437105178833
30000,harder_problem,-2.198647091555517,0.28516843914985657
30000,scaffold,-2.2706582058228757,0.18124933540821075
30000,encouragement,-0.10801671452330996,0.5317865610122681
30000,simplify_problem,-0.2786486528318237,0.11202830821275711
30000,no_action,-0.07765612652998488,0.06436757743358612
30000,harder_problem,0.04335991227391922,0.010942521505057812
30000,scaffold,-0.2910791698515567,0.11985212564468384
30000,encouragement,-0.13006164158890865,0.5368221998214722
30000,simplify_problem,-0.0705620832544982,0.06391903012990952
30000,no_action,0.11036156260382324,0.1278013437986374
30000,harder_problem,-0.14850271113026192,0.0325348936021328
30000,scaffold,-0.11063785687381511,0.14686305820941925
30000,encouragement,0.04688061732897797,0.6064873337745667
30000,no_action,0.04023646117906221,0.12511125206947327
30000,harder_problem,0.18764270809165495,0.027710679918527603
30000,scaffold,0.039608411564514334,0.14972534775733948
30000,encouragement,-0.11763295534368545,0.6869877576828003
30000,no_action,-0.09288616862130716,0.09668567776679993
30000,harder_problem,0.018958601832027355,0.016754161566495895
30000,scaffold,-0.07944121476631683,0.14410650730133057
30000,encouragement,0.17877487013836824,0.5479815006256104
30000,simplify_problem,0.00501843245556266,0.07171119749546051
30000,no_action,0.1661686979202246,0.08889356255531311
30000,harder_problem,-0.002471113758059751,0.016879050061106682
30000,scaffold,0.15475540510038233,0.11867508292198181
30000,encouragement,0.39193238355364457,0.5179013013839722
30000,simplify_problem,0.19508063779827012,0.04392900690436363
30000,no_action,0.3802309604077063,0.1428012251853943
30000,harder_problem,0.1607759771028583,0.03906799852848053
30000,encouragement,0.37214444567672356,0.5016601085662842
30000,simplify_problem,0.2685334801681165,0.04691247642040253
30000,no_action,0.26932703279762293,0.10815645754337311
30000,harder_problem,0.3042338714532926,0.023914389312267303
30000,scaffold,0.2891881204222715,0.11412527412176132
30000,simplify_problem,0.23898902443450076,0.13956211507320404
30000,no_action,0.24991791959450893,0.18673309683799744
30000,harder_problem,0.2532426251614499,0.032743439078330994
30000,scaffold,0.15196623492970218,0.24416151642799377
30000,simplify_problem,-0.02478086975020055,0.20713424682617188
30000,no_action,0.06224649360648016,0.1574808657169342
30000,harder_problem,0.07419063244201585,0.02418009378015995
30000,scaffold,0.07276686325020076,0.2554745376110077
30000,simplify_problem,0.30127664444679336,0.1364070177078247
30000,no_action,0.1488325889022235,0.2110840231180191
30000,harder_problem,0.10643840914934088,0.0406053327023983
30000,scaffold,0.3439419026294619,0.2587689459323883
30000,encouragement,0.2279197488321021,0.5948697328567505
30000,simplify_problem,-0.02675524305056598,0.06757127493619919
30000,no_action,0.05292383386445998,0.10917780548334122
30000,harder_problem,0.03073444944025283,0.0220077782869339
30000,scaffold,0.029058257767399454,0.1335386335849762
30000,encouragement,0.029909372184513394,0.5573638677597046
30000,simplify_problem,0.11929230026457471,0.05418355390429497
30000,no_action,0.25460466715744445,0.12927038967609406
30000,harder_problem,0.15628127571431705,0.030967410653829575
30000,scaffold,-0.12472823660436916,0.1340457797050476
30000,encouragement,0.2960046232038369,0.560102641582489
30000,simplify_problem,0.2567582938949311,0.04211876168847084
30000,no_action,0.228894716796324,0.17647692561149597
30000,harder_problem,-0.014367998137499782,0.05285630747675896
30000,encouragement,0.24849845463488052,0.43525585532188416
30000,simplify_problem,0.35720974573546727,0.03702373802661896
30000,no_action,0.33879627682019553,0.14029480516910553
30000,harder_problem,0.14507838213763513,0.045024797320365906
30000,scaffold,0.030624443361285003,0.12161386758089066
30000,encouragement,0.09612495969099566,0.5497814416885376
30000,simplify_problem,0.09058308334023657,0.051946233958005905
30000,no_action,0.17402723048684798,0.13665112853050232
30000,harder_problem,-0.04460018177488667,0.03499463200569153
30000,encouragement,0.15260515959633736,0.4397248327732086
30000,simplify_problem,0.13375170210931486,0.03753995895385742
30000,no_action,0.10341142324513442,0.16099773347377777
30000,harder_problem,0.12655157281350427,0.05943537503480911
30000,scaffold,0.06875935580714909,0.13075539469718933
30000,encouragement,0.14463724592876925,0.4968062937259674
30000,simplify_problem,0.013542689763625049,0.045650579035282135
30000,no_action,0.04645426863182234,0.13504691421985626
30000,harder_problem,0.09251094478739486,0.0374169796705246
30000,scaffold,0.09279320875136943,0.1282723844051361
30000,encouragement,0.19659167343470063,0.5079460144042969
30000,simplify_problem,0.1343929555711636,0.05297207459807396
30000,no_action,0.3310179962318429,0.11336418241262436
30000,harder_problem,-0.035807005516302226,0.02692689187824726
30000,scaffold,-0.056478600577474225,0.12229645997285843
30000,encouragement,0.006154354090454284,0.5715615749359131
30000,simplify_problem,0.1266343767078757,0.15380315482616425
30000,no_action,-0.0907968926189957,0.04544740542769432
30000,harder_problem,-0.10524964610508292,0.006202895659953356
30000,scaffold,-0.0425963563117433,0.10463471710681915
30000,encouragement,-0.12194123999487161,0.6198747158050537
30000,simplify_problem,-0.041108383770541046,0.09426479041576385
30000,no_action,-0.05552504511769385,0.09307694435119629
30000,harder_problem,0.008786231139369605,0.017714450135827065
30000,encouragement,0.11332359887478205,0.518670916557312
30000,no_action,0.14487793934034876,0.12613382935523987
30000,harder_problem,-0.37958702254039167,0.03475477546453476
30000,scaffold,0.049398181837383426,0.1316116601228714
30000,encouragement,0.28812065125501274,0.5455387234687805
30000,no_action,0.3798866884537375,0.11552993208169937
30000,harder_problem,0.3162585298908205,0.028544016182422638
30000,scaffold,-0.2766254710629026,0.13090500235557556
30000,encouragement,0.3173063883906089,0.4828184247016907
30000,simplify_problem,0.19874313343129124,0.046108052134513855
30000,no_action,0.3098519781586191,0.15861991047859192
30000,harder_problem,0.14556674555355809,0.0557476244866848
30000,encouragement,0.29749309763999054,0.44085976481437683
30000,simplify_problem,0.3618316166504254,0.0408712774515152
30000,no_action,0.4695994829798993,0.13747018575668335
30000,harder_problem,0.3068392721017892,0.04582777991890907
30000,scaffold,0.4447798636435838,0.11925201863050461
30000,encouragement,0.4771885811752927,0.5235652923583984
30000,simplify_problem,0.552620753751154,0.05916249752044678
30000,no_action,-0.34113318061764986,0.10610519349575043
30000,harder_problem,-0.38642582441506024,0.024535449221730232
30000,scaffold,0.36941364354115436,0.11778492480516434
30000,encouragement,-2.723876450965351,0.47339022159576416
30000,simplify_problem,-2.2933940380416606,0.04825032129883766
30000,no_action,-2.633517492223578,0.13247589766979218
30000,harder_problem,-2.726828892672483,0.04070129990577698
30000,scaffold,-2.551756659341093,0.12314392626285553
30000,encouragement,-2.670776843347287,0.4812159240245819
30000,simplify_problem,-2.4474922982830023,0.045821815729141235
30000,no_action,-2.862039816668899,0.16136647760868073
30000,harder_problem,-2.740662678860075,0.05873293802142143
30000,encouragement,-2.723192314150421,0.5546278953552246
30000,simplify_problem,-2.4309163567846457,0.1413949877023697
30000,no_action,-2.6844877143234687,0.06012175232172012
30000,harder_problem,-2.940325023571088,0.010526272468268871
30000,scaffold,-3.0010838810895217,0.1138184666633606
30000,encouragement,-2.346443445015507,0.5651434659957886
30000,simplify_problem,-1.9899888296716974,0.1505541205406189
30000,no_action,-2.1637799062416723,0.05465942248702049
30000,harder_problem,-2.412726686459142,0.008920633234083652
30000,scaffold,-2.416609592036777,0.1094588190317154
30000,encouragement,-2.455646905066452,0.5695629715919495
30000,no_action,-2.3447389410869137,0.10957437008619308
30000,harder_problem,-2.8166622203049694,0.02623150311410427
30000,scaffold,-2.152781146753438,0.13225659728050232
40000,encouragement,0.6949220089990211,0.6546790599822998
40000,simplify_problem,0.7094832886716764,0.0264426339417696
40000,no_action,0.7538897949580772,0.13109607994556427
40000,harder_problem,0.9001644661943056,0.017549334093928337
40000,scaffold,0.8764521481024232,0.04787479341030121
40000,encouragement,0.8750483998616865,0.4630548059940338
40000,simplify_problem,0.754822313294989,0.025167984887957573
40000,no_action,0.8111806580438063,0.27103954553604126
40000,harder_problem,0.821869118620798,0.05452800169587135
40000,scaffold,0.6929383924815902,0.0689181387424469
40000,encouragement,0.6255241359447261,0.6871277689933777
40000,simplify_problem,0.8212342181715124,0.026377608999609947
40000,no_action,0.8321816202266099,0.13914214074611664
40000,harder_problem,0.743281400780452,0.017517555505037308
40000,scaffold,0.9025895966087383,0.04892522096633911
40000,encouragement,0.6256362099287331,0.6911683678627014
40000,simplify_problem,1.0024379187583161,0.028324276208877563
40000,no_action,0.655775459666736,0.14492231607437134
40000,harder_problem,0.819776235513638,0.01976761966943741
40000,scaffold,0.7229649521513961,0.053140558302402496
40000,encouragement,0.6879174630301348,0.7750996947288513
40000,no_action,0.6897752089420308,0.1153353899717331
40000,harder_problem,0.4698551927966079,0.014636254869401455
40000,scaffold,0.48896281987232904,0.05317976698279381
40000,encouragement,0.5576663395233492,0.5765687227249146
40000,no_action,0.4216935052401478,0.26766064763069153
40000,harder_problem,0.2955223034454457,0.04595736786723137
40000,encouragement,0.7740342874535173,0.6440920233726501
40000,simplify_problem,0.9130939874831139,0.025650041177868843
40000,no_action,0.937255072900709,0.14202626049518585
40000,harder_problem,0.7030010645298859,0.01815883256494999
40000,scaffold,0.7754848862789503,0.0479327067732811
40000,encouragement,0.5562195400410896,0.6037172079086304
40000,simplify_problem,0.5248590698213906,0.02668546512722969
40000,no_action,0.4825697328522507,0.18703129887580872
40000,harder_problem,0.3486110497445294,0.027383966371417046
40000,encouragement,0.740081487790647,0.7515544891357422
40000,simplify_problem,0.8246369203429085,0.07041282951831818
40000,no_action,0.45141893273456635,0.03425542265176773
40000,harder_problem,0.11109664541838082,0.005824771244078875
40000,scaffold,0.7274546256416778,0.049511879682540894
40000,encouragement,0.564335846881546,0.7779754400253296
40000,simplify_problem,0.6504086939553835,0.038006506860256195
40000,no_action,0.5273387621256891,0.07825709134340286
40000,harder_problem,0.2377509355816727,0.00953634548932314
40000,encouragement,0.6324800678386531,0.7890675067901611
40000,simplify_problem,0.7026121061176349,0.04653045907616615
40000,no_action,0.3194053376588535,0.047955773770809174
40000,harder_problem,0.4133377943951926,0.005843035411089659
40000,scaffold,0.5070626373632363,0.041510578244924545
40000,encouragement,1.0275230914435713,0.785175085067749
40000,simplify_problem,1.11836105284661,0.10664046555757523
40000,no_action,0.8905332498546237,0.011016585864126682
40000,harder_problem,0.8207731833024736,0.002065944718196988
40000,scaffold,1.1836406846295953,0.04005647078156471
40000,encouragement,1.3481974225473312,0.06394452601671219
40000,simplify_problem,1.3734317055109493,0.6255747675895691
40000,no_action,1.0606996747388928,0.0875638872385025
40000,harder_problem,1.281575344735983,0.06748157739639282
40000,scaffold,1.2272002063490852,0.1138167679309845
40000,encouragement,0.3320588928607391,0.8607776761054993
40000,simplify_problem,0.7695771098378783,0.05730311572551727
40000,no_action,0.6120172229519252,0.05117166042327881
40000,harder_problem,0.5663373767173452,0.006905189715325832
40000,encouragement,0.7703712684291011,0.7492848634719849
40000,simplify_problem,0.8410155552893173,0.03119514323771
40000,no_action,0.7735655994361759,0.13992734253406525
40000,harder_problem,0.4825298978954695,0.016367247328162193
40000,scaffold,0.43844482580616795,0.04978317394852638
40000,encouragement,0.9217167701871034,0.6855282783508301
40000,no_action,0.9432633132358141,0.1606646478176117
40000,harder_problem,0.6460817395178058,0.018980316817760468
40000,scaffold,0.031860425666545567,0.05075586587190628
40000,encouragement,0.6327281284144917,0.7384332418441772
40000,no_action,0.6142716664945134,0.11399685591459274
40000,harder_problem,0.02917930361830745,0.011331089772284031
40000,scaffold,0.5237526610267542,0.043776918202638626
40000,encouragement,0.6143558980367345,0.6952976584434509
40000,simplify_problem,0.4298746157504203,0.03495430946350098
40000,no_action,0.07401062613048826,0.12233252078294754
40000,harder_problem,-0.04160363530283817,0.012564729899168015
40000,scaffold,0.4458039680566479,0.04529741406440735
40000,simplify_problem,0.5187040126971478,0.09101171791553497
40000,no_action,0.3823236684633766,0.40673279762268066
40000,harder_problem,0.5523160399034399,0.052527643740177155
40000,scaffold,0.1700966323335633,0.13529059290885925
40000,simplify_problem,0.627402079261608,0.08763161301612854
40000,no_action,0.6217499499834895,0.41643476486206055
40000,harder_problem,0.7576427700813513,0.05600031465291977
40000,scaffold,0.6316462124534343,0.1401854306459427
40000,simplify_problem,0.9976674610159053,0.07780544459819794
40000,no_action,0.7605334065140932,0.4747399687767029
40000,harder_problem,0.7373456206975524,0.07064995169639587
40000,encouragement,0.8077384987618474,0.586530327796936
40000,simplify_problem,1.0548900744167256,0.030280353501439095
40000,no_action,0.8519867797406233,0.19783036410808563
40000,harder_problem,0.4497594602723831,0.0328250527381897
40000,scaffold,0.47781785979014035,0.061414849013090134
40000,encouragement,0.48140779303455705,0.5847480893135071
40000,simplify_problem,0.818307187568152,0.03436441347002983
40000,no_action,0.5290316242816404,0.20799614489078522
40000,harder_problem,0.566837514104666,0.033546753227710724
40000,scaffold,0.46584127967662337,0.06383520364761353
40000,simplify_problem,0.4234682013817883,0.2445189356803894
40000,no_action,0.5355502986121294,0.36018311977386475
40000,harder_problem,0.6178719039001903,0.04477262124419212
40000,scaffold,0.5977947065259448,0.23850685358047485
40000,simplify_problem,0.42220303471910725,0.0863063633441925
40000,no_action,0.5511002652817805,0.4454619586467743
40000,harder_problem,0.1273782471174325,0.050154585391283035
40000,scaffold,0.6638327516673943,0.1341952085494995
40000,simplify_problem,-2.492476566005745,0.09947361797094345
40000,no_action,-2.695906614384083,0.5461129546165466
40000,harder_problem,-2.757842790360015,0.06129464879631996
40000,scaffold,-2.721230218217045,0.16064508259296417
40000,encouragement,-2.509923807452221,0.7813777327537537
40000,simplify_problem,-2.3132185349875334,0.11817196011543274
40000,no_action,-2.3773861007548867,0.02994304522871971
40000,harder_problem,-2.2725179601277454,0.004610965959727764
40000,scaffold,-2.302152966931833,0.052590832114219666
40000,simplify_problem,-2.766916661005379,0.17484281957149506
40000,no_action,-2.891451384417808,0.4577515125274658
40000,harder_problem,-2.843038233348368,0.051368191838264465
40000,scaffold,-2.823820677146984,0.20246697962284088
40000,simplify_problem,-2.034982050002683,0.44207802414894104
40000,no_action,-2.165499800187559,0.08323990553617477
40000,harder_problem,-2.1099452207097897,0.013538175262510777
40000,scaffold,-2.3857804150677797,0.18105252087116241
40000,no_action,-2.658045896160239,0.3325151801109314
40000,harder_problem,-2.648056538378706,0.0412423275411129
40000,scaffold,-2.6355898773876665,0.21366100013256073
40000,encouragement,-2.586678648401303,0.728924572467804
40000,no_action,-2.562776985365672,0.14877915382385254
40000,harder_problem,-2.627605456720218,0.015264596790075302
40000,encouragement,-2.2383347777745746,0.7338786721229553
40000,simplify_problem,-2.2566757584121384,0.11177195608615875
40000,no_action,-2.3585016760825273,0.027071397751569748
40000,harder_problem,-2.392941958365283,0.003962785471230745
40000,scaffold,-2.165909601144591,0.04702495038509369
40000,encouragement,-2.8602129780136663,0.7377747297286987
40000,simplify_problem,-2.6193110445893644,0.04101159796118736
40000,no_action,-2.773929055147982,0.0979127287864685
40000,harder_problem,-2.4447316188416566,0.009960651397705078
40000,scaffold,-2.774039756069644,0.042748935520648956
40000,simplify_problem,-2.6010256619549055,0.11014565825462341
40000,no_action,-2.7132790960220987,0.44834238290786743
40000,harder_problem,-2.675794499346508,0.05259739235043526
40000,scaffold,-2.803654115657686,0.14431379735469818
40000,simplify_problem,-2.208746716223337,0.3119524419307709
40000,no_action,-2.2977410628027677,0.15583649277687073
40000,harder_problem,-2.1465053765822555,0.0221998430788517
40000,scaffold,-2.2260714540466084,0.19046451151371002
40000,simplify_problem,-2.6429222375811277,0.16824324429035187
40000,no_action,-2.672432583017403,0.3152013123035431
40000,harder_problem,-2.7668605977390244,0.03633249178528786
40000,scaffold,-2.694936918869212,0.17454694211483002
40000,encouragement,-2.3615568297143303,0.5487030148506165
40000,simplify_problem,-2.2018920076350015,0.029035508632659912
40000,no_action,-2.317932776713896,0.24416571855545044
40000,harder_problem,-2.130852289084231,0.031396862119436264
40000,scaffold,-2.3079077459789583,0.05655134096741676
40000,encouragement,-2.573144856081016,0.5540666580200195
40000,simplify_problem,-2.397230349785615,0.02914992719888687
40000,no_action,-2.3894594791401604,0.23504520952701569
40000,harder_problem,-2.4413896362303005,0.03240318223834038
40000,scaffold,-2.3452499158872113,0.0577269047498703
40000,encouragement,-2.4319775384391384,0.615428626537323
40000,simplify_problem,-2.133560559460033,0.02983475662767887
40000,no_action,-2.511496239965178,0.1793534755706787
40000,harder_problem,-2.371628981768651,0.018835334107279778
40000,scaffold,-2.5178861091944467,0.047146398574113846
40000,encouragement,-2.243123722872329,0.5591872930526733
40000,simplify_problem,-2.3059352597000267,0.03324919939041138
40000,no_action,-2.2356737179860087,0.25843510031700134
40000,harder_problem,-2.2211937131460395,0.031188270077109337
40000,scaffold,-2.288205608246058,0.05793303996324539
40000,encouragement,-2.651663843583785,0.4890693128108978
40000,simplify_problem,-2.3173876880688127,0.03387186676263809
40000,no_action,-2.5598550732659824,0.29018527269363403
40000,harder_problem,-2.3748095483121228,0.04323941841721535
40000,scaffold,-2.4057543708175997,0.0641561895608902
40000,encouragement,-2.444956077078068,0.5979194045066833
40000,simplify_problem,-2.335013040769579,0.03378988802433014
40000,no_action,-2.4896043088067574,0.22796455025672913
40000,harder_problem,-2.3171498616652393,0.029811006039381027
40000,scaffold,-2.265185748935518,0.05819544196128845
40000,encouragement,-2.2431619410671906,0.6209030151367188
40000,simplify_problem,-2.1553752150057037,0.030466552823781967
40000,no_action,-2.149012930094644,0.20294001698493958
40000,harder_problem,-2.1066879060628407,0.02046375535428524
40000,scaffold,-2.0326789575755244,0.048363640904426575
40000,simplify_problem,-1.9865990889893257,0.08105286210775375
40000,no_action,-1.897606386369994,0.5281165838241577
40000,harder_problem,-2.033734960393561,0.05710052326321602
40000,scaffold,-2.0652608424449017,0.13173000514507294
40000,simplify_problem,-2.3985715461606123,0.0672718733549118
40000,no_action,-2.5173657726692102,0.5051731467247009
40000,harder_problem,-2.4019769188723368,0.058030594140291214
40000,scaffold,-2.481055629165091,0.11631912738084793
40000,simplify_problem,-2.2397563293003104,0.05747136101126671
40000,no_action,-2.430490487888319,0.5709044933319092
40000,harder_problem,-2.4127709963383155,0.07701631635427475
40000,scaffold,-2.334286147115389,0.11241587996482849
40000,encouragement,-2.0556768127989504,0.4618930220603943
40000,simplify_problem,-1.872378927408513,0.03261672332882881
40000,no_action,-2.0653019414071148,0.3221508264541626
40000,harder_problem,-1.9774078219774625,0.041991665959358215
40000,scaffold,-2.0375581107941088,0.060714446008205414
40000,simplify_problem,-2.1751179774464577,0.05993665009737015
40000,no_action,-2.2495198816547015,0.5030010342597961
40000,harder_problem,-2.117859051277938,0.06253194808959961
40000,scaffold,-2.138690034323564,0.10737120360136032
40000,simplify_problem,-1.9378726683949608,0.05305947735905647
40000,no_action,-1.9773825155935298,0.5717907547950745
40000,harder_problem,-1.9272661648224434,0.08497753739356995
40000,simplify_problem,-2.0772866160643524,0.04132462665438652
40000,no_action,-2.1401504737569286,0.5938563346862793
40000,harder_problem,-2.0685151853848214,0.10774561762809753
40000,scaffold,-2.114016046233676,0.09618846327066422
40000,encouragement,-0.7009998208583079,0.7084330916404724
40000,simplify_problem,-0.45135065352453374,0.07713460922241211
40000,no_action,-0.6194654751174866,0.03667927160859108
40000,harder_problem,-0.24455931753881544,0.0067908368073403835
40000,scaffold,-0.5071902645378215,0.05871860682964325
40000,encouragement,-0.06510097361996525,0.7065816521644592
40000,simplify_problem,-0.07690203344115787,0.04086054489016533
40000,no_action,-0.010781315364775779,0.11349072307348251
40000,harder_problem,-0.13479792802540302,0.019919315353035927
40000,scaffold,-0.1925146389183663,0.06566073000431061
40000,encouragement,-0.03375359274399248,0.7837660908699036
40000,no_action,-0.03758479531257919,0.08916639536619186
40000,harder_problem,0.015496611951311579,0.015446682460606098
40000,scaffold,-0.1717714426877084,0.06338626146316528
40000,encouragement,-0.005299712998724004,0.8602449297904968
40000,no_action,-0.16676651064685544,0.05272034928202629
40000,harder_problem,0.11949990708455882,0.007667439989745617
40000,scaffold,-0.04377413102064054,0.054797492921352386
40000,encouragement,0.20160692638425637,0.7517107725143433
40000,simplify_problem,0.014394230192821489,0.049481458961963654
40000,no_action,0.3229966072988777,0.05569089204072952
40000,harder_problem,0.11966352215316434,0.008332363329827785
40000,scaffold,0.21061614916408722,0.04904843866825104
40000,encouragement,0.2923116976560367,0.7131043672561646
40000,simplify_problem,0.4100514113419482,0.02824026718735695
40000,no_action,0.2879928429523826,0.11838971823453903
40000,harder_problem,0.29081865342917546,0.016210278496146202
40000,encouragement,0.28466780373458533,0.7426458597183228
40000,simplify_problem,0.48970742817143353,0.03394348919391632
40000,no_action,0.5062140621346698,0.07056763768196106
40000,harder_problem,0.5772306746222116,0.00999574176967144
40000,scaffold,0.5098955970754036,0.04457322135567665
40000,simplify_problem,0.3775113268207555,0.21225053071975708
40000,no_action,0.313543109763728,0.17979100346565247
40000,harder_problem,0.30808750299030674,0.028449278324842453
40000,scaffold,0.6390251771820452,0.19760407507419586
40000,simplify_problem,0.38702212483778453,0.29806965589523315
40000,no_action,0.4257151358124327,0.12766700983047485
40000,harder_problem,0.24123299746047344,0.019699152559041977
40000,scaffold,0.48777568602802734,0.20178073644638062
40000,simplify_problem,0.24824122768915569,0.18692442774772644
40000,no_action,0.23557831645227356,0.24557287991046906
40000,harder_problem,0.26848817477776876,0.033209867775440216
40000,scaffold,0.23477798459550847,0.19534462690353394
40000,encouragement,0.0034216516652101348,0.7978601455688477
40000,simplify_problem,0.11891436760118435,0.042677607387304306
40000,no_action,0.28307835788099567,0.06713088601827621
40000,harder_problem,0.08189776888651412,0.009526795707643032
40000,scaffold,0.16034643990936637,0.050157517194747925
40000,encouragement,0.23460341483452218,0.7514219880104065
40000,simplify_problem,0.3066686905602021,0.03383990749716759
40000,no_action,0.1342582883629655,0.10264880210161209
40000,harder_problem,0.19721376076205743,0.01425862219184637
40000,scaffold,0.2611210532381296,0.051333293318748474
40000,encouragement,0.49255296666705206,0.7302157282829285
40000,simplify_problem,0.22034739450337337,0.025980927050113678
40000,no_action,0.5078528918073797,0.1422092169523239
40000,harder_problem,0.3153930192274039,0.02079002931714058
40000,encouragement,0.38847051602744465,0.6304282546043396
40000,simplify_problem,0.31379455661489963,0.02499556541442871
40000,no_action,0.2637441906058502,0.14937163889408112
40000,harder_problem,0.0037773746754252713,0.02110142633318901
40000,scaffold,0.1976072203099024,0.05193828418850899
40000,encouragement,0.11532930575807043,0.7179495096206665
40000,simplify_problem,0.21569731106327428,0.028053006157279015
40000,no_action,-0.004030179686686175,0.12466409802436829
40000,harder_problem,0.026550509694480695,0.014669162221252918
40000,encouragement,0.11284075285691753,0.5858808755874634
40000,simplify_problem,0.1189194982886006,0.025859719142317772
40000,no_action,0.08023889443819954,0.1959543228149414
40000,harder_problem,-0.046035686252153596,0.031038232147693634
40000,scaffold,0.2076364757913458,0.059327807277441025
40000,encouragement,0.027396826794704232,0.6850631237030029
40000,simplify_problem,0.22263562024762606,0.027531730011105537
40000,no_action,0.04364718195668704,0.13414913415908813
40000,harder_problem,0.052635340345965176,0.01705428957939148
40000,scaffold,0.04906004294458732,0.04999971389770508
40000,encouragement,0.33720546575932353,0.7170021533966064
40000,simplify_problem,0.21214479298709676,0.033590201288461685
40000,no_action,0.16845817944988006,0.09484751522541046
40000,harder_problem,0.1570778176655896,0.012399920262396336
40000,scaffold,0.19597372066229735,0.047660183161497116
40000,encouragement,0.2546995044032849,0.7464432716369629
40000,simplify_problem,0.368737943973076,0.11477149277925491
40000,no_action,0.09401820959870921,0.017004311084747314
40000,harder_problem,-0.030083617056002154,0.0031092797871679068
40000,scaffold,0.2204278039214005,0.046594612300395966
40000,encouragement,0.15227381538025142,0.7838670611381531
40000,simplify_problem,0.2055922722436776,0.0591060072183609
40000,no_action,0.028127420664569414,0.0568091906607151
40000,harder_problem,0.005415288937744123,0.007545114494860172
40000,encouragement,-0.08155331612715422,0.692710280418396
40000,no_action,0.09714699352942358,0.1372186243534088
40000,harder_problem,0.206549146675858,0.014805222861468792
40000,scaffold,0.21939058735128647,0.047878578305244446
40000,encouragement,0.034949454711216354,0.7412388920783997
40000,no_action,0.5024908653017075,0.10381428152322769
40000,harder_problem,0.2425213299137594,0.011391482315957546
40000,scaffold,0.13358638008446633,0.04641273245215416
40000,encouragement,0.3903253606617918,0.6584282517433167
40000,simplify_problem,0.4530547509564622,0.029827039688825607
40000,no_action,0.3700614203884731,0.16510286927223206
40000,harder_problem,0.27627121864487414,0.02041143923997879
40000,encouragement,0.3487490944891247,0.660413384437561
40000,simplify_problem,0.12280134494699713,0.02796196937561035
40000,no_action,0.38135740277982944,0.14337314665317535
40000,harder_problem,0.1403592924158641,0.015946082770824432
40000,scaffold,0.22461821568008933,0.045150551944971085
40000,encouragement,0.19118639052096498,0.7571189403533936
40000,simplify_problem,0.49227069994564676,0.039420295506715775
40000,no_action,0.3246371432758153,0.07549647241830826
40000,harder_problem,0.1923164003163098,0.00816140417009592
40000,scaffold,0.3725297703098249,0.04013519361615181
40000,encouragement,-2.6968752942504732,0.6842978596687317
40000,simplify_problem,-2.6417385572664993,0.032908808439970016
40000,no_action,-2.795445027712201,0.13045692443847656
40000,harder_problem,-2.7647136386561484,0.014856545254588127
40000,scaffold,-2.498064842570294,0.045633722096681595
40000,encouragement,-2.8068743779391916,0.6554194092750549
40000,simplify_problem,-2.6569164665891547,0.029766550287604332
40000,no_action,-2.7835979217555566,0.17278310656547546
40000,harder_problem,-2.9272663935505854,0.02013431489467621
40000,encouragement,-2.606509975747625,0.7307673096656799
40000,simplify_problem,-2.2983400149870628,0.10568371415138245
40000,no_action,-2.5636299232195077,0.031927045434713364
40000,harder_problem,-2.6841955050713726,0.0044831265695393085
40000,scaffold,-2.6193997390749413,0.04745034873485565
40000,encouragement,-2.1431405152109537,0.7416591048240662
40000,simplify_problem,-2.115832721156853,0.11747823655605316
40000,no_action,-2.330135176046913,0.02391291782259941
40000,harder_problem,-2.2216111380517347,0.0034160998184233904
40000,scaffold,-2.2235566480024427,0.04427456855773926
40000,encouragement,-2.3951328175543214,0.778981626033783
40000,no_action,-2.1262916086749097,0.08477338403463364
40000,harder_problem,-2.3864177861119655,0.0086382320150733
40000,scaffold,-2.348251737859577,0.04370281472802162
50000,encouragement,0.9351503735769358,0.6846681833267212
50000,simplify_problem,1.0333178905728975,0.017275845631957054
50000,no_action,0.810638223407997,0.14631323516368866
50000,harder_problem,0.3371042468166916,0.010766817256808281
50000,scaffold,0.7935156652944553,0.019863389432430267
50000,encouragement,0.5081406756788036,0.40698954463005066
50000,simplify_problem,0.7427452394274612,0.030377808958292007
50000,no_action,0.9228573562636644,0.3331240713596344
50000,harder_problem,0.832491336598161,0.056066595017910004
50000,scaffold,0.7100771005262558,0.040769752115011215
50000,encouragement,0.5961578717213785,0.7309479117393494
50000,simplify_problem,0.8199839171771366,0.016652749851346016
50000,no_action,0.7037329655501399,0.1286984235048294
50000,harder_problem,0.25747306012484295,0.008524877019226551
50000,scaffold,0.4506764383527635,0.018183456733822823
50000,encouragement,0.9024106933378482,0.7794691324234009
50000,simplify_problem,0.8589578326087786,0.018863854929804802
50000,no_action,0.6238942476302753,0.14090782403945923
50000,harder_problem,0.1635947001843654,0.00981196016073227
50000,scaffold,0.5485856331026477,0.020624998956918716
50000,encouragement,0.651155645029446,0.8526002764701843
50000,no_action,0.6185554710148429,0.10931407660245895
50000,harder_problem,0.5377995473429609,0.005897931754589081
50000,scaffold,0.47234722937233364,0.016357477754354477
50000,encouragement,0.5916530780895046,0.5790830254554749
50000,no_action,0.6894344600057316,0.31726107001304626
50000,harder_problem,0.32918141396511125,0.033183127641677856
50000,encouragement,0.9706162128840159,0.7108556032180786
50000,simplify_problem,1.00487030068152,0.015824945643544197
50000,no_action,0.797897420545806,0.1333966702222824
50000,harder_problem,0.5660591441444351,0.00889917928725481
50000,scaffold,0.8200119465686599,0.017490776255726814
50000,encouragement,0.6391035815872925,0.6131131052970886
50000,simplify_problem,0.7663005365068276,0.020971044898033142
50000,no_action,0.3869392720956082,0.20664456486701965
50000,harder_problem,0.3870071640011128,0.016683610156178474
50000,encouragement,0.6886410206794604,0.8534513115882874
50000,simplify_problem,0.6377661208637981,0.016267258673906326
50000,no_action,0.7792778085804741,0.03170841932296753
50000,harder_problem,-0.14036506901279822,0.0025674800854176283
50000,scaffold,0.40978876353627314,0.015539664775133133
50000,encouragement,0.28984184324123685,0.8141797780990601
50000,simplify_problem,0.4286151182757596,0.014665840193629265
50000,no_action,0.03766158340449266,0.0732627734541893
50000,harder_problem,-0.6123526836880995,0.004061870742589235
50000,encouragement,0.5607310208393033,0.846282958984375
50000,simplify_problem,0.7768050030213658,0.01458689197897911
50000,no_action,0.2375349821536057,0.041555218398571014
50000,harder_problem,-0.05251243650249027,0.0025950532872229815
50000,scaffold,0.5119736974478784,0.01386272069066763
50000,encouragement,0.9430671034736982,0.8817709684371948
50000,simplify_problem,0.7943536081553786,0.021587561815977097
50000,no_action,0.950746676554937,0.006292516831308603
50000,harder_problem,0.032594674559311976,0.0012055166298523545
50000,scaffold,0.6905566652012141,0.020865492522716522
50000,encouragement,0.6395848776144373,0.6907130479812622
50000,simplify_problem,0.682734158532619,0.03737258166074753
50000,no_action,0.3764337127568691,0.20893222093582153
50000,harder_problem,-0.3665180043182259,0.023130036890506744
50000,scaffold,0.15961648982306986,0.030526526272296906
50000,encouragement,0.43349975879196734,0.9339019656181335
50000,simplify_problem,0.7499970638267097,0.014484633691608906
50000,no_action,0.20497401951634853,0.042028896510601044
50000,harder_problem,0.4920276327866606,0.0026521652471274137
50000,encouragement,0.5147826947846523,0.843585193157196
50000,simplify_problem,0.7290883296011854,0.012835645116865635
50000,no_action,0.4519678295868186,0.11920768022537231
50000,harder_problem,0.5275565159445748,0.006328693125396967
50000,scaffold,0.36388563791886774,0.013830513693392277
50000,encouragement,1.0554301703952342,0.7798681259155273
50000,no_action,0.6247253119286409,0.12800486385822296
50000,harder_problem,0.607543292811541,0.0063652098178863525
50000,scaffold,0.6995850431165378,0.011316560208797455
50000,encouragement,0.3438748233988598,0.8370223641395569
50000,no_action,0.41084373016816933,0.08624380081892014
50000,harder_problem,-0.14291236947581698,0.0029687457717955112
50000,scaffold,0.44054266568052736,0.007330239750444889
50000,encouragement,0.41208277017365,0.8001466393470764
50000,simplify_problem,0.3028356539785424,0.008716755546629429
50000,no_action,0.05304226349432639,0.10550735890865326
50000,harder_problem,-0.23432255431176507,0.0037218290381133556
50000,scaffold,0.16920767544050186,0.008741788566112518
50000,simplify_problem,0.5331797376239447,0.03872941434383392
50000,no_action,0.3645868900384741,0.5772565007209778
50000,harder_problem,-0.8231396436838603,0.026194201782345772
50000,scaffold,-0.14595070518625786,0.04191116243600845
50000,simplify_problem,0.8551815833147902,0.04415275529026985
50000,no_action,0.4285286934400965,0.5447096228599548
50000,harder_problem,0.00827767363834031,0.029474465176463127
50000,scaffold,0.34692725527197155,0.04890887066721916
50000,simplify_problem,0.9062627909580492,0.04722118377685547
50000,no_action,0.6936567543680265,0.5472158789634705
50000,harder_problem,-0.2635226223274225,0.04201587289571762
50000,encouragement,0.39122222911144533,0.7106528282165527
50000,simplify_problem,0.6948240750665304,0.018727777525782585
50000,no_action,0.3083786727702007,0.18833857774734497
50000,harder_problem,0.07620209407536205,0.017231963574886322
50000,scaffold,0.6112891602714416,0.022650673985481262
50000,encouragement,0.17978070744925745,0.7071493268013
50000,simplify_problem,0.53061251654667,0.01618809811770916
50000,no_action,0.45188750812964606,0.21255984902381897
50000,harder_problem,-0.45333101177379653,0.015303126536309719
50000,scaffold,0.13582067289076694,0.01894433982670307
50000,simplify_problem,0.5563225775584781,0.10956886410713196
50000,no_action,-0.31021394244745615,0.6899470686912537
50000,harder_problem,-0.9599382897551059,0.030407739803195
50000,scaffold,0.16524085193241955,0.1067826971411705
50000,simplify_problem,0.3480571897147646,0.03899426758289337
50000,no_action,0.21661986687739443,0.5836308002471924
50000,harder_problem,-0.3332259426610209,0.02422262355685234
50000,scaffold,0.25947241231833296,0.041036561131477356
50000,simplify_problem,-2.853304370225982,0.056271858513355255
50000,no_action,-3.1666102077293865,0.7847524881362915
50000,harder_problem,-3.884258093507838,0.032765958458185196
50000,scaffold,-3.025938235380478,0.0583062544465065
50000,encouragement,-3.4743536224492346,0.9554970860481262
50000,simplify_problem,-2.8235070007888696,0.009714939631521702
50000,no_action,-3.505963614810569,0.02222585678100586
50000,harder_problem,-3.4782015516517464,0.0013643556740134954
50000,scaffold,-3.3619303883777594,0.00905935000628233
50000,simplify_problem,-2.9262379689188798,0.07120689004659653
50000,no_action,-4.102559260419788,0.7743885517120361
50000,harder_problem,-4.270128314931828,0.027469241991639137
50000,scaffold,-3.652115904504872,0.07097966223955154
50000,simplify_problem,-2.7414844783897303,0.11227604746818542
50000,no_action,-4.093851737714993,0.1568012833595276
50000,harder_problem,-3.560028000466528,0.012291462160646915
50000,scaffold,-3.6181368787442016,0.10439012944698334
50000,no_action,-3.108127288584826,0.4626676142215729
50000,harder_problem,-3.3772823858095644,0.017437204718589783
50000,scaffold,-2.8647339796818714,0.05365147069096565
50000,encouragement,-2.942066231399358,0.8293014168739319
50000,no_action,-3.0355449710965363,0.10164231806993484
50000,harder_problem,-3.963481416499175,0.003402713919058442
50000,encouragement,-3.4465673262683594,0.9148687124252319
50000,simplify_problem,-2.9044854270772147,0.007498678285628557
50000,no_action,-2.9508941668795523,0.01915072090923786
50000,harder_problem,-3.41453744861331,0.0010770363733172417
50000,scaffold,-3.4714749028527776,0.007072349078953266
50000,encouragement,-3.9703559925393086,0.8641241788864136
50000,simplify_problem,-3.1681189112378774,0.0057738409377634525
50000,no_action,-3.625069523415116,0.06846486032009125
50000,harder_problem,-3.558261499839895,0.0022419265005737543
50000,scaffold,-3.5387723451743733,0.0059272488579154015
50000,simplify_problem,-3.0330050552126546,0.03648018091917038
50000,no_action,-4.008031376722631,0.5929308533668518
50000,harder_problem,-3.2883035612724356,0.022897351533174515
50000,scaffold,-3.7682804770725764,0.0393109992146492
50000,simplify_problem,-2.6648159440852597,0.06578879803419113
50000,no_action,-3.3581470943237717,0.2884560823440552
50000,harder_problem,-3.5480661118916252,0.014133036136627197
50000,scaffold,-3.3946712200803786,0.06855069100856781
50000,simplify_problem,-2.9291902619124173,0.05411210283637047
50000,no_action,-3.76012921163018,0.4060552716255188
50000,harder_problem,-3.828032092678309,0.016941621899604797
50000,scaffold,-3.5796138852158754,0.055927667766809464
50000,encouragement,-2.7677363371534596,0.7120168209075928
50000,simplify_problem,-2.6840853269169243,0.0124724842607975
50000,no_action,-3.2651915266632923,0.1676165759563446
50000,harder_problem,-3.0577282252333053,0.011545292101800442
50000,scaffold,-2.75193861209613,0.014415250159800053
50000,encouragement,-3.1755737854198918,0.7117738127708435
50000,simplify_problem,-2.794123635025416,0.013415345922112465
50000,no_action,-3.316151979916784,0.16203449666500092
50000,harder_problem,-3.1215306134732055,0.01250220276415348
50000,scaffold,-3.11711560651829,0.01580643281340599
50000,encouragement,-3.136131610149609,0.801727831363678
50000,simplify_problem,-2.9057919433964763,0.007862411439418793
50000,no_action,-2.8943182297428285,0.10611654072999954
50000,harder_problem,-2.9695598326587973,0.004351929761469364
50000,scaffold,-2.878806691913952,0.008151356130838394
50000,encouragement,-3.052426731259966,0.7806038856506348
50000,simplify_problem,-2.8677589731847526,0.010034685954451561
50000,no_action,-3.0061810678490115,0.17349542677402496
50000,harder_problem,-3.032167000430621,0.008698857389390469
50000,scaffold,-3.0352899198729455,0.011069363914430141
50000,encouragement,-3.205385806324862,0.710732638835907
50000,simplify_problem,-2.9994439790370127,0.01256239227950573
50000,no_action,-3.057948218318168,0.22113622725009918
50000,harder_problem,-3.0439108250433216,0.015238258056342602
50000,scaffold,-2.978269290452616,0.014864915050566196
50000,encouragement,-2.96148732670988,0.8165708780288696
50000,simplify_problem,-3.011867385934936,0.010334794409573078
50000,no_action,-3.1936416303342905,0.1394525170326233
50000,harder_problem,-2.8528707582969375,0.008203158155083656
50000,scaffold,-3.09706251650188,0.011695655062794685
50000,encouragement,-3.077656550618576,0.8045194745063782
50000,simplify_problem,-2.9407077495157123,0.0076080565340816975
50000,no_action,-2.8768015337484254,0.11163298040628433
50000,harder_problem,-2.9325667007918383,0.004808978643268347
50000,scaffold,-2.958869434640749,0.00811248179525137
50000,simplify_problem,-2.785667209978911,0.04368787631392479
50000,no_action,-2.888002046214287,0.535073459148407
50000,harder_problem,-2.8569740546500433,0.028031419962644577
50000,scaffold,-2.9005472241674264,0.04821814224123955
50000,simplify_problem,-3.130386422962736,0.03796663135290146
50000,no_action,-3.1912755878813703,0.5677414536476135
50000,harder_problem,-3.094759611668978,0.030747944489121437
50000,scaffold,-3.1244938492556598,0.042550671845674515
50000,simplify_problem,-3.2212151001236435,0.03470781445503235
50000,no_action,-3.088720332633485,0.6473868489265442
50000,harder_problem,-3.101010353034282,0.045676395297050476
50000,scaffold,-3.1137915193235006,0.04133689031004906
50000,encouragement,-2.982686923768214,0.6685120463371277
50000,simplify_problem,-2.813407690942542,0.010886532254517078
50000,no_action,-3.0469360268677033,0.22094972431659698
50000,harder_problem,-2.8338597162723054,0.01493445411324501
50000,scaffold,-2.930916641542775,0.013059851713478565
50000,simplify_problem,-3.0652162507124623,0.03532400727272034
50000,no_action,-3.1014107408512626,0.5799853205680847
50000,harder_problem,-2.9959880455314485,0.034139566123485565
50000,scaffold,-2.946121658325552,0.04033695533871651
50000,simplify_problem,-3.0096606417843863,0.035073503851890564
50000,no_action,-2.9640785914579038,0.6218591928482056
50000,harder_problem,-2.861356497529464,0.05040383338928223
50000,simplify_problem,-3.0352262319179766,0.030703730881214142
50000,no_action,-3.093477946588691,0.6920517683029175
50000,harder_problem,-3.040019031282244,0.06886616349220276
50000,scaffold,-3.0268234586356644,0.037353504449129105
50000,encouragement,-0.19740461607531934,0.742551326751709
50000,simplify_problem,-0.3956306765687758,0.04558224976062775
50000,no_action,-0.388695717473575,0.03859952837228775
50000,harder_problem,-0.2380704952154158,0.004784638062119484
50000,scaffold,-0.5856259309502878,0.0382537879049778
50000,encouragement,-0.16068995172167888,0.7509416341781616
50000,simplify_problem,-0.25009670271049167,0.03078409470617771
50000,no_action,-0.11292335003500042,0.14490854740142822
50000,harder_problem,-0.3195852442378637,0.011981818825006485
50000,scaffold,-0.1720208569895778,0.031546760350465775
50000,encouragement,0.2020197716675547,0.8120899200439453
50000,no_action,-0.21404450826468135,0.11631472408771515
50000,harder_problem,0.0884191985057079,0.010461615398526192
50000,scaffold,-0.02132814977216313,0.033452197909355164
50000,encouragement,0.05168062743615831,0.8948840498924255
50000,no_action,-0.08671622348733532,0.05737881362438202
50000,harder_problem,-0.06539112314298023,0.005163000896573067
50000,scaffold,-0.014295742508014797,0.03074592724442482
50000,encouragement,0.20121491389057944,0.7972999215126038
50000,simplify_problem,0.042484187992558375,0.018471520394086838
50000,no_action,0.03956194099407728,0.06512600183486938
50000,harder_problem,0.12397967866103343,0.00460111815482378
50000,scaffold,0.2054826395364886,0.018528154119849205
50000,encouragement,0.4332158126982799,0.7248290777206421
50000,simplify_problem,0.4315291978355358,0.018695209175348282
50000,no_action,0.4586003488829693,0.12308799475431442
50000,harder_problem,0.1505473630226133,0.009197944775223732
50000,encouragement,0.4324710297887906,0.7942405343055725
50000,simplify_problem,0.4946171961274901,0.015699801966547966
50000,no_action,0.5674838451388924,0.06894481927156448
50000,harder_problem,0.06888968541796636,0.004977473057806492
50000,scaffold,0.5092036841217515,0.01689590886235237
50000,simplify_problem,0.30347824420129577,0.10865086317062378
50000,no_action,0.5314463329111785,0.22970856726169586
50000,harder_problem,0.3088940684175574,0.02076280675828457
50000,scaffold,0.4568374149631538,0.10961484163999557
50000,simplify_problem,0.2927863524562504,0.14528177678585052
50000,no_action,0.3796950538370867,0.14597521722316742
50000,harder_problem,0.10886080500697304,0.015437105670571327
50000,scaffold,0.29258480102612516,0.13140204548835754
50000,simplify_problem,0.3358764071096534,0.08850441873073578
50000,no_action,0.1460642541093522,0.30357733368873596
50000,harder_problem,0.0045567956260299525,0.020509827882051468
50000,scaffold,0.21631452570661835,0.08931189775466919
50000,encouragement,0.2675611077149913,0.8641496300697327
50000,simplify_problem,0.2750996486211008,0.02232472412288189
50000,no_action,0.116644866661467,0.07123485207557678
50000,harder_problem,-0.11978067774985579,0.0052555399015545845
50000,scaffold,0.03860942401107437,0.02208147943019867
50000,encouragement,0.17719851355575855,0.8020081520080566
50000,simplify_problem,0.1559772302756306,0.020024215802550316
50000,no_action,0.2027766458674174,0.12393465638160706
50000,harder_problem,0.017938141118331252,0.008511710911989212
50000,scaffold,0.0029978233293794787,0.021680813282728195
50000,encouragement,0.3860261369427711,0.7316393852233887
50000,simplify_problem,0.259618111017061,0.028722867369651794
50000,no_action,0.3777463266194676,0.16295045614242554
50000,harder_problem,0.254072489732752,0.016123296692967415
50000,encouragement,0.2589813598082893,0.6428680419921875
50000,simplify_problem,-0.03376112227981931,0.02177852764725685
50000,no_action,0.2395384624502226,0.1646871268749237
50000,harder_problem,-0.14635384196566292,0.013218814507126808
50000,scaffold,0.20331473475679296,0.024382630363106728
50000,encouragement,0.09349922588480553,0.711940348148346
50000,simplify_problem,0.15476638220492234,0.01898547261953354
50000,no_action,-0.10011481458793448,0.13857786357402802
50000,harder_problem,-0.08505955022111866,0.00809143390506506
50000,encouragement,0.15076580909816517,0.5418629050254822
50000,simplify_problem,0.20214419483565216,0.02537096105515957
50000,no_action,0.14707241134201254,0.25370532274246216
50000,harder_problem,-0.2317020244602519,0.02623668499290943
50000,scaffold,0.262953129387248,0.031053349375724792
50000,encouragement,0.04527026073841167,0.691808819770813
50000,simplify_problem,0.15731344448245466,0.019311605021357536
50000,no_action,-0.009602949476221312,0.15231533348560333
50000,harder_problem,-0.050409023809960374,0.009779942221939564
50000,scaffold,-0.027318390166058748,0.020701302215456963
50000,encouragement,0.2712586052053414,0.7603330016136169
50000,simplify_problem,0.0942640855258583,0.01589096523821354
50000,no_action,0.09158870046781598,0.1017523854970932
50000,harder_problem,-0.02238101928662317,0.006018131040036678
50000,scaffold,0.16146962266791043,0.01658523827791214
50000,encouragement,0.18788354337053992,0.8722078204154968
50000,simplify_problem,0.06816099721399205,0.02069949544966221
50000,no_action,-0.21140837772582977,0.012699143961071968
50000,harder_problem,-0.22125876984222348,0.0016727824695408344
50000,scaffold,-0.39534302451046166,0.019221896305680275
50000,encouragement,0.04633382199613223,0.850677490234375
50000,simplify_problem,0.21981413853228382,0.011075135320425034
50000,no_action,-0.17486922776775948,0.0596730001270771
50000,harder_problem,-0.09533135366626944,0.0029917913489043713
50000,encouragement,0.09164474645791465,0.7659292221069336
50000,no_action,0.030548198941589888,0.13470982015132904
50000,harder_problem,-0.24031356868323073,0.0052908919751644135
50000,scaffold,0.12689700125482872,0.010511795058846474
50000,encouragement,0.23192783279906415,0.8274436593055725
50000,no_action,0.10044581456285773,0.0902964323759079
50000,harder_problem,0.14813436037950645,0.0033734238240867853
50000,scaffold,0.2071401934280459,0.008392713032662868
50000,encouragement,0.39131226593647916,0.7455317974090576
50000,simplify_problem,0.20826034653118253,0.012380421161651611
50000,no_action,0.34960476293421827,0.13771632313728333
50000,harder_problem,0.25754381014847727,0.007707913406193256
50000,encouragement,0.46080388731992983,0.7753666639328003
50000,simplify_problem,0.4242690970543386,0.010420894250273705
50000,no_action,0.5342930218850483,0.11196531355381012
50000,harder_problem,0.15236485999396443,0.005523859988898039
50000,scaffold,0.6273145839720824,0.01117754727602005
50000,encouragement,-0.02440716940485288,0.8696507215499878
50000,simplify_problem,0.40041079579646244,0.006593812722712755
50000,no_action,-0.1534435517200885,0.05520974099636078
50000,harder_problem,-0.27528709101934856,0.00217384472489357
50000,scaffold,0.304133093552716,0.006848785560578108
50000,encouragement,-3.1505731068832077,0.803642749786377
50000,simplify_problem,-2.8637323321614767,0.008498161099851131
50000,no_action,-3.1385224032373062,0.1022314578294754
50000,harder_problem,-3.737723863418433,0.0046144346706569195
50000,scaffold,-3.0305107432510203,0.009267689660191536
50000,encouragement,-3.270920984200904,0.7498713135719299
50000,simplify_problem,-2.9260873526527584,0.01118583232164383
50000,no_action,-3.3603840519004287,0.1400044560432434
50000,harder_problem,-3.8837229214295568,0.007441130932420492
50000,encouragement,-3.570042294978744,0.9088839292526245
50000,simplify_problem,-2.9104949036499654,0.006621114909648895
50000,no_action,-3.5926008773143323,0.026514189317822456
50000,harder_problem,-4.201083799502198,0.0012403352884575725
50000,scaffold,-3.396401508314997,0.006476785521954298
50000,encouragement,-3.8921743834207656,0.9251615405082703
50000,simplify_problem,-2.7504777498131623,0.006168087013065815
50000,no_action,-2.972481525594945,0.016582058742642403
50000,harder_problem,-2.9380374870587436,0.0009059607400558889
50000,scaffold,-4.0065781861403105,0.00598961440846324
50000,encouragement,-3.1165324799717915,0.887989342212677
50000,no_action,-2.8437251819167413,0.055175382643938065
50000,harder_problem,-3.4807285584997514,0.0016889655962586403
50000,scaffold,-2.7373720364137144,0.004902123473584652
