PPO study | train=50000 eval=1000 | grid=2304 configs

=== Section 2-3: factorial grid (screening seed) ===
  Grid size: 2304 configs | pending: 2304 | workers=8 | screening seed=42
  [grid_637876c1ba67] seed=42 reward=3.309 succ=0.051 fk=0.531 adapt=0.533 (105s)
  [grid_2d80201c8bbb] seed=42 reward=3.638 succ=0.116 fk=0.611 adapt=0.501 (100s)
  [grid_66234719032b] seed=42 reward=3.386 succ=0.077 fk=0.546 adapt=0.556 (104s)
  [grid_a9b3e99b75ba] seed=42 reward=3.542 succ=0.047 fk=0.549 adapt=0.500 (102s)
  [grid_6bbb92eb3cdc] seed=42 reward=3.396 succ=0.187 fk=0.607 adapt=0.419 (82s)
  [grid_dc92bda1ae0e] seed=42 reward=3.566 succ=0.117 fk=0.572 adapt=0.536 (163s)
  [grid_356dcab02938] seed=42 reward=3.633 succ=0.106 fk=0.611 adapt=0.501 (103s)
  [grid_e4051c7e1096] seed=42 reward=3.376 succ=0.047 fk=0.523 adapt=0.506 (73s)
  [grid_55ec38119ad7] seed=42 reward=3.642 succ=0.116 fk=0.611 adapt=0.501 (151s)
  [grid_e6e14f483d14] seed=42 reward=3.399 succ=0.074 fk=0.538 adapt=0.504 (97s)
  [grid_61f1d12d1f86] seed=42 reward=3.430 succ=0.074 fk=0.528 adapt=0.508 (75s)
  [grid_2086869b8cde] seed=42 reward=3.575 succ=0.069 fk=0.547 adapt=0.507 (158s)
  [grid_18292f6c6b7f] seed=42 reward=3.567 succ=0.067 fk=0.544 adapt=0.510 (97s)
  [grid_b3e1b98a3305] seed=42 reward=3.308 succ=0.039 fk=0.489 adapt=0.398 (74s)
  [grid_9aeda6c0695d] seed=42 reward=3.318 succ=0.036 fk=0.514 adapt=0.493 (161s)
  [grid_597813750133] seed=42 reward=3.503 succ=0.073 fk=0.540 adapt=0.536 (159s)
  [grid_08d59f759939] seed=42 reward=3.584 succ=0.085 fk=0.574 adapt=0.500 (100s)
  [grid_413e06ab4ceb] seed=42 reward=3.366 succ=0.009 fk=0.451 adapt=0.266 (81s)
  [grid_b5a38e1da2b1] seed=42 reward=3.638 succ=0.116 fk=0.611 adapt=0.501 (60s)
  [grid_4ea7237cc027] seed=42 reward=3.644 succ=0.116 fk=0.611 adapt=0.501 (71s)
  [grid_ed296479139e] seed=42 reward=3.638 succ=0.116 fk=0.611 adapt=0.501 (60s)
  [grid_41120d0a042e] seed=42 reward=3.367 succ=0.064 fk=0.516 adapt=0.438 (71s)
  [grid_d6222ee0bee3] seed=42 reward=3.542 succ=0.047 fk=0.549 adapt=0.500 (97s)
  [grid_f0cbc6dbe9a0] seed=42 reward=3.638 succ=0.116 fk=0.611 adapt=0.501 (60s)
  [grid_92ee6ed6fd6e] seed=42 reward=3.483 succ=0.125 fk=0.569 adapt=0.573 (59s)
  [grid_ba146383d1cc] seed=42 reward=3.638 succ=0.116 fk=0.611 adapt=0.501 (71s)
  [grid_1c23f7d4f5d5] seed=42 reward=3.225 succ=0.014 fk=0.471 adapt=0.308 (97s)
  [grid_30b7daf595d1] seed=42 reward=3.101 succ=0.032 fk=0.521 adapt=0.526 (59s)
  [grid_f805b32dc7fe] seed=42 reward=3.501 succ=0.093 fk=0.556 adapt=0.485 (71s)
  [grid_dd4b772c6062] seed=42 reward=3.409 succ=0.106 fk=0.555 adapt=0.546 (97s)
  [grid_d2f854c72676] seed=42 reward=3.504 succ=0.191 fk=0.591 adapt=0.618 (59s)
  [grid_686df9e17e43] seed=42 reward=3.537 succ=0.051 fk=0.549 adapt=0.500 (71s)
  [grid_44623cfafa25] seed=42 reward=2.896 succ=0.006 fk=0.420 adapt=0.085 (97s)
  [grid_7e6dc38a352f] seed=42 reward=3.217 succ=0.028 fk=0.520 adapt=0.496 (62s)
  [grid_83d02c787bdc] seed=42 reward=3.260 succ=0.060 fk=0.532 adapt=0.538 (73s)
  [grid_d6699f6321b2] seed=42 reward=3.262 succ=0.013 fk=0.460 adapt=0.294 (101s)
  [grid_89c5a155ee08] seed=42 reward=3.272 succ=0.040 fk=0.475 adapt=0.336 (60s)
  [grid_8ca3aad9f229] seed=42 reward=3.638 succ=0.116 fk=0.611 adapt=0.501 (53s)
  [grid_5f3583386e92] seed=42 reward=3.420 succ=0.095 fk=0.555 adapt=0.571 (59s)
  [grid_e0ee3a74c695] seed=42 reward=3.636 succ=0.117 fk=0.616 adapt=0.501 (53s)
  [grid_badc4fb25490] seed=42 reward=3.638 succ=0.116 fk=0.611 adapt=0.501 (58s)
  [grid_741c03a306c4] seed=42 reward=3.645 succ=0.115 fk=0.612 adapt=0.501 (52s)
  [grid_45fcda889148] seed=42 reward=3.650 succ=0.113 fk=0.612 adapt=0.505 (59s)
  [grid_ca69cd17f91f] seed=42 reward=3.419 succ=0.028 fk=0.502 adapt=0.431 (72s)
  [grid_d749cbcf9971] seed=42 reward=3.028 succ=0.024 fk=0.515 adapt=0.509 (52s)
  [grid_ab4b9adb496a] seed=42 reward=3.537 succ=0.051 fk=0.549 adapt=0.500 (58s)
  [grid_b542b598737e] seed=42 reward=3.633 succ=0.106 fk=0.611 adapt=0.501 (52s)
  [grid_0a569b388010] seed=42 reward=3.361 succ=0.063 fk=0.520 adapt=0.510 (57s)
  [grid_552c6ed87fd6] seed=42 reward=3.638 succ=0.116 fk=0.611 adapt=0.501 (73s)
  [grid_0fb251038a96] seed=42 reward=3.537 succ=0.051 fk=0.549 adapt=0.500 (53s)
  [grid_d9139e2e4220] seed=42 reward=3.183 succ=0.037 fk=0.518 adapt=0.273 (58s)
  [grid_d336c4041b07] seed=42 reward=3.381 succ=0.046 fk=0.521 adapt=0.501 (76s)
  [grid_16f3b2497911] seed=42 reward=3.537 succ=0.051 fk=0.549 adapt=0.500 (54s)
  [grid_721dd740a518] seed=42 reward=3.268 succ=0.077 fk=0.535 adapt=0.536 (60s)
  [grid_543a40583d7d] seed=42 reward=3.537 succ=0.051 fk=0.549 adapt=0.500 (55s)
  [grid_74062ef8cc99] seed=42 reward=3.316 succ=0.039 fk=0.519 adapt=0.473 (59s)
  [grid_561999a4df72] seed=42 reward=3.638 succ=0.116 fk=0.611 adapt=0.501 (49s)
  [grid_20e4dab90041] seed=42 reward=3.638 succ=0.116 fk=0.611 adapt=0.501 (52s)
  [grid_9b1977ead3c2] seed=42 reward=3.053 succ=0.035 fk=0.519 adapt=0.510 (51s)
  [grid_7bda6a0389e6] seed=42 reward=3.638 succ=0.116 fk=0.611 adapt=0.501 (58s)
  [grid_1ac212428a8d] seed=42 reward=3.638 succ=0.116 fk=0.611 adapt=0.501 (50s)
  [grid_1f04e8b23aab] seed=42 reward=3.350 succ=0.088 fk=0.575 adapt=0.526 (54s)
  [grid_9ca48a69fbc2] seed=42 reward=3.638 succ=0.116 fk=0.611 adapt=0.501 (46s)
  [grid_4812a70d5a80] seed=42 reward=3.094 succ=0.044 fk=0.531 adapt=0.532 (48s)
  [grid_597e509572aa] seed=42 reward=3.638 succ=0.116 fk=0.611 adapt=0.501 (45s)
  [grid_d98738f347ca] seed=42 reward=3.638 succ=0.116 fk=0.611 adapt=0.501 (52s)
  [grid_844b6e2ff151] seed=42 reward=3.631 succ=0.114 fk=0.604 adapt=0.501 (50s)
  [grid_f2ddabdc446f] seed=42 reward=3.638 succ=0.116 fk=0.611 adapt=0.501 (55s)
  [grid_ac8fcc8f818c] seed=42 reward=3.638 succ=0.116 fk=0.611 adapt=0.501 (51s)
  [grid_94f327460d12] seed=42 reward=3.345 succ=0.065 fk=0.562 adapt=0.346 (56s)
  [grid_e8c20cf60bd2] seed=42 reward=3.081 succ=0.030 fk=0.515 adapt=0.510 (52s)
  [grid_950761e1ccdf] seed=42 reward=3.124 succ=0.038 fk=0.525 adapt=0.531 (57s)
  [grid_cdfd8e626a66] seed=42 reward=3.542 succ=0.047 fk=0.549 adapt=0.500 (50s)
  [grid_f92265535094] seed=42 reward=3.633 succ=0.106 fk=0.611 adapt=0.501 (53s)
  [grid_d75746096952] seed=42 reward=3.534 succ=0.048 fk=0.549 adapt=0.500 (50s)
  [grid_6fe51fbf243a] seed=42 reward=3.573 succ=0.050 fk=0.558 adapt=0.500 (102s)
  [grid_ca5e93d11f53] seed=42 reward=3.642 succ=0.107 fk=0.611 adapt=0.500 (83s)
  [grid_9611c1465c34] seed=42 reward=3.531 succ=0.080 fk=0.577 adapt=0.451 (170s)
  [grid_d7f904a9bc60] seed=42 reward=3.491 succ=0.044 fk=0.532 adapt=0.487 (107s)
  [grid_620d8f7e3c2a] seed=42 reward=3.553 succ=0.090 fk=0.567 adapt=0.510 (79s)
  [grid_5cf2ab46a198] seed=42 reward=3.435 succ=0.066 fk=0.533 adapt=0.520 (80s)
  [grid_6ffe9ec90130] seed=42 reward=3.233 succ=0.004 fk=0.427 adapt=0.158 (163s)
  [grid_7eee396d56e0] seed=42 reward=3.431 succ=0.113 fk=0.571 adapt=0.403 (105s)
  [grid_db106982498b] seed=42 reward=3.376 succ=0.010 fk=0.482 adapt=0.346 (75s)
  [grid_39fd5088445a] seed=42 reward=3.150 succ=0.011 fk=0.467 adapt=0.163 (330s)
  [grid_2adff26d7be9] seed=42 reward=3.473 succ=0.044 fk=0.513 adapt=0.455 (105s)
  [grid_dc8a836b93b6] seed=42 reward=3.187 succ=0.034 fk=0.463 adapt=0.255 (81s)
  [grid_21857351cb50] seed=42 reward=3.346 succ=0.034 fk=0.515 adapt=0.385 (163s)
  [grid_3393278c1c99] seed=42 reward=3.212 succ=0.016 fk=0.426 adapt=0.151 (105s)
  [grid_f4d5533b0c7c] seed=42 reward=3.241 succ=0.057 fk=0.526 adapt=0.504 (83s)
  [grid_5db76108f955] seed=42 reward=3.469 succ=0.034 fk=0.521 adapt=0.449 (165s)
  [grid_82075384a796] seed=42 reward=3.353 succ=0.042 fk=0.533 adapt=0.513 (98s)
  [grid_e3b5eeb2cd7f] seed=42 reward=3.550 succ=0.044 fk=0.536 adapt=0.497 (83s)
  [grid_0dd4a56a9e25] seed=42 reward=3.248 succ=0.052 fk=0.491 adapt=0.368 (152s)
  [grid_176a06f19a5c] seed=42 reward=3.633 succ=0.106 fk=0.611 adapt=0.501 (56s)
  [grid_6945b70c1498] seed=42 reward=3.349 succ=0.003 fk=0.443 adapt=0.252 (69s)
  [grid_76126912c591] seed=42 reward=3.495 succ=0.050 fk=0.556 adapt=0.501 (102s)
  [grid_4c9eac197d06] seed=42 reward=3.414 succ=0.091 fk=0.552 adapt=0.564 (68s)
  [grid_8cc9709acf08] seed=42 reward=3.263 succ=0.038 fk=0.508 adapt=0.401 (91s)
  [grid_19368f8d7635] seed=42 reward=3.614 succ=0.107 fk=0.594 adapt=0.509 (60s)
  [grid_295d42b334f0] seed=42 reward=3.638 succ=0.116 fk=0.611 adapt=0.501 (82s)
  [grid_057885241aee] seed=42 reward=3.286 succ=0.056 fk=0.516 adapt=0.410 (97s)
  [grid_291a11c0fc40] seed=42 reward=3.555 succ=0.096 fk=0.577 adapt=0.502 (162s)
  [grid_e658145d3978] seed=42 reward=3.542 succ=0.047 fk=0.549 adapt=0.500 (103s)
  [grid_6005961af064] seed=42 reward=3.645 succ=0.116 fk=0.611 adapt=0.501 (80s)
  [grid_8de27358f3fb] seed=42 reward=3.594 succ=0.151 fk=0.586 adapt=0.523 (162s)
  [grid_cefc1b2257a4] seed=42 reward=3.642 succ=0.116 fk=0.611 adapt=0.501 (99s)
  [grid_94aed1de1e5d] seed=42 reward=3.633 succ=0.106 fk=0.611 adapt=0.501 (73s)
  [grid_18e4efe10cb4] seed=42 reward=3.537 succ=0.051 fk=0.549 adapt=0.500 (149s)
  [grid_2ae83b730811] seed=42 reward=3.434 succ=0.075 fk=0.535 adapt=0.490 (97s)
  [grid_737124cfbdc0] seed=42 reward=3.537 succ=0.051 fk=0.549 adapt=0.500 (76s)
  [grid_d9beaf82673b] seed=42 reward=3.501 succ=0.083 fk=0.549 adapt=0.559 (156s)
  [grid_2dcff9459be8] seed=42 reward=3.629 succ=0.106 fk=0.606 adapt=0.501 (96s)
  [grid_1e75980dbb48] seed=42 reward=3.155 succ=0.074 fk=0.541 adapt=0.418 (153s)
  [grid_7398619c9686] seed=42 reward=3.306 succ=0.067 fk=0.539 adapt=0.556 (98s)
  [grid_e3f41b4ef6bf] seed=42 reward=3.384 succ=0.028 fk=0.497 adapt=0.415 (76s)
  [grid_0e8364bcab79] seed=42 reward=3.227 succ=0.003 fk=0.450 adapt=0.259 (158s)
  [grid_29070a0e1dd2] seed=42 reward=3.418 succ=0.034 fk=0.517 adapt=0.475 (104s)
  [grid_933517e31271] seed=42 reward=3.647 succ=0.109 fk=0.612 adapt=0.502 (61s)
  [grid_a22b7391264d] seed=42 reward=3.150 succ=0.033 fk=0.484 adapt=0.302 (97s)
  [grid_2ece29ba4f91] seed=42 reward=3.217 succ=0.094 fk=0.581 adapt=0.545 (59s)
  [grid_28217bc747ac] seed=42 reward=3.633 succ=0.106 fk=0.611 adapt=0.501 (60s)
  [grid_e685061c9a61] seed=42 reward=3.279 succ=0.063 fk=0.533 adapt=0.370 (70s)
  [grid_608c333bd70c] seed=42 reward=3.317 succ=0.055 fk=0.517 adapt=0.483 (95s)
  [grid_55ad80e60895] seed=42 reward=3.633 succ=0.106 fk=0.611 adapt=0.501 (59s)
  [grid_4ae4b21f6544] seed=42 reward=3.257 succ=0.089 fk=0.555 adapt=0.537 (70s)
  [grid_1b0d72f56e37] seed=42 reward=3.547 succ=0.048 fk=0.537 adapt=0.502 (96s)
  [grid_6284e6021dd9] seed=42 reward=3.544 succ=0.052 fk=0.549 adapt=0.500 (59s)
  [grid_9e45e875a6e0] seed=42 reward=3.490 succ=0.128 fk=0.542 adapt=0.522 (60s)
  [grid_815e58e62d73] seed=42 reward=3.542 succ=0.047 fk=0.549 adapt=0.500 (59s)
  [grid_12a5805ada10] seed=42 reward=3.167 succ=0.002 fk=0.402 adapt=0.130 (70s)
  [grid_cf1d33c123b0] seed=42 reward=3.545 succ=0.048 fk=0.549 adapt=0.501 (97s)
  [grid_90bad173e2c5] seed=42 reward=3.218 succ=0.059 fk=0.531 adapt=0.554 (72s)
  [grid_1ca278e8e70d] seed=42 reward=3.389 succ=0.081 fk=0.548 adapt=0.551 (99s)
  [grid_316f25d05696] seed=42 reward=3.202 succ=0.030 fk=0.469 adapt=0.301 (62s)
  [grid_bb5a704c55f9] seed=42 reward=3.542 succ=0.047 fk=0.549 adapt=0.500 (61s)
  [grid_98c2a5883667] seed=42 reward=3.413 succ=0.089 fk=0.545 adapt=0.547 (72s)
  [grid_ec633117233b] seed=42 reward=3.643 succ=0.116 fk=0.611 adapt=0.502 (72s)
  [grid_ff98013e655d] seed=42 reward=3.638 succ=0.116 fk=0.611 adapt=0.501 (52s)
  [grid_25c41f102c88] seed=42 reward=3.439 succ=0.196 fk=0.600 adapt=0.656 (57s)
  [grid_24d0a0e0cb0a] seed=42 reward=3.638 succ=0.116 fk=0.611 adapt=0.501 (52s)
  [grid_a5421f004ae8] seed=42 reward=3.627 succ=0.105 fk=0.592 adapt=0.504 (56s)
  [grid_d03d044e12d8] seed=42 reward=3.275 succ=0.053 fk=0.517 adapt=0.474 (70s)
  [grid_3047b0bd48ff] seed=42 reward=3.595 succ=0.106 fk=0.581 adapt=0.504 (70s)
  [grid_eb2725c91cb2] seed=42 reward=3.633 succ=0.106 fk=0.611 adapt=0.501 (52s)
  [grid_0691d388d286] seed=42 reward=3.514 succ=0.237 fk=0.647 adapt=0.478 (56s)
  [grid_d2fb9b50574c] seed=42 reward=3.609 succ=0.146 fk=0.590 adapt=0.550 (73s)
  [grid_aefd900406f4] seed=42 reward=3.542 succ=0.047 fk=0.549 adapt=0.500 (52s)
  [grid_6b5d552bc2ad] seed=42 reward=3.194 succ=0.053 fk=0.481 adapt=0.301 (58s)
  [grid_f98abd91d603] seed=42 reward=3.567 succ=0.077 fk=0.563 adapt=0.500 (72s)
  [grid_0ce7f3ceda3d] seed=42 reward=3.347 succ=0.045 fk=0.519 adapt=0.511 (54s)
  [grid_a80402def945] seed=42 reward=3.197 succ=0.056 fk=0.531 adapt=0.547 (59s)
  [grid_b72553786293] seed=42 reward=3.555 succ=0.113 fk=0.560 adapt=0.562 (73s)
  [grid_688b9521ae84] seed=42 reward=3.538 succ=0.051 fk=0.549 adapt=0.500 (74s)
  [grid_0641721a0806] seed=42 reward=3.192 succ=0.011 fk=0.465 adapt=0.319 (73s)
  [grid_233ad284595e] seed=42 reward=3.122 succ=0.033 fk=0.521 adapt=0.533 (52s)
  [grid_7ecf12595804] seed=42 reward=3.638 succ=0.116 fk=0.611 adapt=0.501 (49s)
  [grid_989548dc7036] seed=42 reward=3.638 succ=0.116 fk=0.611 adapt=0.501 (59s)
  [grid_2efec6324a16] seed=42 reward=3.053 succ=0.035 fk=0.519 adapt=0.510 (51s)
  [grid_3b9dec42659d] seed=42 reward=3.642 succ=0.116 fk=0.611 adapt=0.501 (56s)
  [grid_ecc7cef244b2] seed=42 reward=3.638 succ=0.116 fk=0.611 adapt=0.501 (46s)
  [grid_86d9a75ceae8] seed=42 reward=3.156 succ=0.036 fk=0.515 adapt=0.271 (48s)
  [grid_6704caf6fb99] seed=42 reward=3.638 succ=0.116 fk=0.611 adapt=0.501 (45s)
  [grid_3e4520a79993] seed=42 reward=3.531 succ=0.091 fk=0.585 adapt=0.341 (48s)
  [grid_263c88b10b6d] seed=42 reward=3.069 succ=0.024 fk=0.517 adapt=0.509 (50s)
  [grid_ad38a713df8b] seed=42 reward=3.638 succ=0.116 fk=0.611 adapt=0.501 (57s)
  [grid_3f5c695259ca] seed=42 reward=3.115 succ=0.036 fk=0.523 adapt=0.533 (49s)
  [grid_63121c6233c2] seed=42 reward=3.633 succ=0.106 fk=0.611 adapt=0.501 (54s)
  [grid_82753f130529] seed=42 reward=3.084 succ=0.035 fk=0.520 adapt=0.510 (51s)
  [grid_344be6c64477] seed=42 reward=3.393 succ=0.038 fk=0.520 adapt=0.516 (67s)
  [grid_b74e9681ce0a] seed=42 reward=3.444 succ=0.116 fk=0.562 adapt=0.605 (63s)
  [grid_47e86fc0e9e3] seed=42 reward=3.539 succ=0.051 fk=0.549 adapt=0.500 (62s)
  [grid_4a98a96c88d1] seed=42 reward=3.565 succ=0.170 fk=0.582 adapt=0.572 (61s)
  [grid_109d7c7ec567] seed=42 reward=3.479 succ=0.022 fk=0.523 adapt=0.467 (106s)
  [grid_26bd12dff03a] seed=42 reward=3.621 succ=0.104 fk=0.611 adapt=0.501 (104s)
  [grid_b69655c69578] seed=42 reward=3.539 succ=0.119 fk=0.590 adapt=0.523 (83s)
  [grid_607ef58c8960] seed=42 reward=3.638 succ=0.116 fk=0.611 adapt=0.501 (80s)
  [grid_7a92a206cc20] seed=42 reward=3.298 succ=0.002 fk=0.431 adapt=0.120 (108s)
  [grid_4aedbde6b722] seed=42 reward=3.479 succ=0.110 fk=0.557 adapt=0.531 (76s)
  [grid_2730972abfa0] seed=42 reward=3.213 succ=0.010 fk=0.432 adapt=0.189 (165s)
  [grid_0dc5672393f9] seed=42 reward=3.396 succ=0.100 fk=0.582 adapt=0.426 (108s)
  [grid_2880575d5d0b] seed=42 reward=3.533 succ=0.044 fk=0.549 adapt=0.492 (74s)
  [grid_335fc1e55ccb] seed=42 reward=3.238 succ=0.015 fk=0.461 adapt=0.268 (324s)
  [grid_4e8016304803] seed=42 reward=3.281 succ=0.049 fk=0.503 adapt=0.412 (105s)
  [grid_4336b399eab9] seed=42 reward=3.448 succ=0.041 fk=0.506 adapt=0.427 (81s)
  [grid_186b81b7f835] seed=42 reward=3.144 succ=0.007 fk=0.463 adapt=0.240 (161s)
  [grid_4ee71efda67e] seed=42 reward=3.172 succ=0.001 fk=0.342 adapt=0.014 (106s)
  [grid_5ac3a3855e8c] seed=42 reward=3.518 succ=0.096 fk=0.564 adapt=0.531 (80s)
  [grid_69d12a37e2e4] seed=42 reward=3.379 succ=0.031 fk=0.516 adapt=0.470 (168s)
  [grid_43ef8698438f] seed=42 reward=3.277 succ=0.042 fk=0.522 adapt=0.462 (98s)
  [grid_521ed37f5541] seed=42 reward=3.541 succ=0.051 fk=0.536 adapt=0.481 (81s)
  [grid_3a6038f801a0] seed=42 reward=3.481 succ=0.029 fk=0.515 adapt=0.443 (156s)
  [grid_6a39822ed1f9] seed=42 reward=3.566 succ=0.148 fk=0.600 adapt=0.522 (56s)
  [grid_8ed4f9fbc7f6] seed=42 reward=3.633 succ=0.106 fk=0.611 adapt=0.501 (56s)
  [grid_d865c7dd44bc] seed=42 reward=3.452 succ=0.092 fk=0.563 adapt=0.539 (58s)
  [grid_2788d10ab9fa] seed=42 reward=3.642 succ=0.107 fk=0.611 adapt=0.500 (63s)
  [grid_4524f60d1706] seed=42 reward=3.345 succ=0.053 fk=0.521 adapt=0.439 (68s)
  [grid_0da33dba099d] seed=42 reward=3.453 succ=0.046 fk=0.524 adapt=0.444 (90s)
  [grid_f8cd04010e4d] seed=42 reward=3.393 succ=0.037 fk=0.532 adapt=0.243 (56s)
  [grid_7ccdb6388410] seed=42 reward=2.956 succ=0.009 fk=0.453 adapt=0.242 (60s)
  [grid_3320a3d89186] seed=42 reward=3.540 succ=0.077 fk=0.542 adapt=0.523 (160s)
  [grid_ad4432006529] seed=42 reward=3.633 succ=0.106 fk=0.611 adapt=0.501 (77s)
  [grid_980ea06c31ce] seed=42 reward=3.618 succ=0.159 fk=0.616 adapt=0.460 (81s)
  [grid_0d89e7a5e300] seed=42 reward=3.633 succ=0.106 fk=0.611 adapt=0.501 (78s)
  [grid_f545e65e0ba1] seed=42 reward=3.551 succ=0.062 fk=0.568 adapt=0.434 (106s)
  [grid_764ef2d944b3] seed=42 reward=3.630 succ=0.110 fk=0.594 adapt=0.502 (77s)
  [grid_f98d5e183183] seed=42 reward=3.241 succ=0.054 fk=0.527 adapt=0.341 (163s)
  [grid_7de89ffdefcd] seed=42 reward=3.530 succ=0.052 fk=0.536 adapt=0.511 (96s)
  [grid_e86af410d45d] seed=42 reward=3.633 succ=0.106 fk=0.611 adapt=0.501 (73s)
  [grid_70f93166a192] seed=42 reward=3.035 succ=0.002 fk=0.407 adapt=0.133 (152s)
  [grid_c715e1274163] seed=42 reward=3.317 succ=0.033 fk=0.488 adapt=0.392 (97s)
  [grid_7b4656ca27e1] seed=42 reward=3.552 succ=0.064 fk=0.552 adapt=0.500 (75s)
  [grid_461991beca9a] seed=42 reward=3.243 succ=0.030 fk=0.481 adapt=0.370 (156s)
  [grid_4722060e1e68] seed=42 reward=3.354 succ=0.064 fk=0.524 adapt=0.394 (98s)
  [grid_820736af479c] seed=42 reward=3.437 succ=0.078 fk=0.549 adapt=0.526 (77s)
  [grid_3a48859e3098] seed=42 reward=3.363 succ=0.067 fk=0.516 adapt=0.472 (158s)
  [grid_5fd4ff300a32] seed=42 reward=3.557 succ=0.118 fk=0.568 adapt=0.542 (157s)
  [grid_282a7a4211b4] seed=42 reward=3.360 succ=0.088 fk=0.547 adapt=0.555 (103s)
  [grid_68bb67d7366b] seed=42 reward=3.618 succ=0.107 fk=0.597 adapt=0.502 (102s)
  [grid_18e3962cda37] seed=42 reward=3.633 succ=0.106 fk=0.611 adapt=0.501 (59s)
  [grid_a74d6ccb7889] seed=42 reward=3.384 succ=0.090 fk=0.575 adapt=0.333 (59s)
  [grid_630ddf11169c] seed=42 reward=3.526 succ=0.051 fk=0.549 adapt=0.500 (70s)
  [grid_cbfe7e3822ee] seed=42 reward=3.459 succ=0.087 fk=0.565 adapt=0.398 (97s)
  [grid_eb3f2923c8d5] seed=42 reward=3.487 succ=0.078 fk=0.554 adapt=0.511 (60s)
  [grid_fc267827706a] seed=42 reward=3.638 succ=0.116 fk=0.611 adapt=0.501 (69s)
  [grid_8b11215bdb7e] seed=42 reward=3.103 succ=0.002 fk=0.423 adapt=0.177 (95s)
  [grid_3cefd40f6e8f] seed=42 reward=3.028 succ=0.024 fk=0.515 adapt=0.509 (60s)
  [grid_88da5165671d] seed=42 reward=3.639 succ=0.118 fk=0.605 adapt=0.501 (71s)
  [grid_19eca90f7ce8] seed=42 reward=3.466 succ=0.100 fk=0.562 adapt=0.577 (97s)
  [grid_f0030b6c94ee] seed=42 reward=3.202 succ=0.036 fk=0.473 adapt=0.333 (59s)
  [grid_d2b00db7e5d1] seed=42 reward=3.633 succ=0.106 fk=0.611 adapt=0.501 (70s)
  [grid_d1aa4a8a27e0] seed=42 reward=3.542 succ=0.083 fk=0.542 adapt=0.526 (99s)
  [grid_0d8bd0a5a2b4] seed=42 reward=3.301 succ=0.041 fk=0.527 adapt=0.509 (61s)
  [grid_e00ee9a84378] seed=42 reward=3.546 succ=0.047 fk=0.549 adapt=0.501 (62s)
  [grid_950d13582fc0] seed=42 reward=3.337 succ=0.087 fk=0.550 adapt=0.576 (74s)
  [grid_bfdbe688ad84] seed=42 reward=3.533 succ=0.061 fk=0.532 adapt=0.480 (101s)
  [grid_25a119141e79] seed=42 reward=3.633 succ=0.106 fk=0.611 adapt=0.501 (59s)
  [grid_11af42a6eb38] seed=42 reward=3.544 succ=0.060 fk=0.530 adapt=0.470 (72s)
  [grid_5c6d23ae9a84] seed=42 reward=3.633 succ=0.106 fk=0.611 adapt=0.501 (57s)
  [grid_17a7fe707ba2] seed=42 reward=3.542 succ=0.047 fk=0.549 adapt=0.500 (52s)
  [grid_ce6ea56eb719] seed=42 reward=3.651 succ=0.115 fk=0.613 adapt=0.506 (57s)
  [grid_10d24dd6e2bf] seed=42 reward=3.576 succ=0.064 fk=0.544 adapt=0.506 (71s)
  [grid_55faea55e7bd] seed=42 reward=3.638 succ=0.116 fk=0.611 adapt=0.501 (52s)
  [grid_b5482b15b57b] seed=42 reward=3.645 succ=0.114 fk=0.606 adapt=0.503 (57s)
  [grid_812cb08ba9df] seed=42 reward=3.633 succ=0.106 fk=0.611 adapt=0.501 (70s)
  [grid_96afe402fa10] seed=42 reward=3.358 succ=0.018 fk=0.490 adapt=0.353 (70s)
  [grid_1aab7eada3df] seed=42 reward=3.552 succ=0.093 fk=0.567 adapt=0.502 (52s)
  [grid_c35d4f141b7e] seed=42 reward=3.633 succ=0.106 fk=0.611 adapt=0.501 (58s)
  [grid_7f383764d91e] seed=42 reward=3.230 succ=0.027 fk=0.506 adapt=0.391 (72s)
  [grid_29045418f7a7] seed=42 reward=3.244 succ=0.036 fk=0.528 adapt=0.525 (73s)
  [grid_a02a7285908f] seed=42 reward=3.210 succ=0.037 fk=0.527 adapt=0.532 (54s)
  [grid_53169761b811] seed=42 reward=3.251 succ=0.062 fk=0.531 adapt=0.555 (59s)
  [grid_7e312f1539cd] seed=42 reward=3.440 succ=0.102 fk=0.559 adapt=0.585 (74s)
  [grid_c3081ee4f3c0] seed=42 reward=3.542 succ=0.047 fk=0.549 adapt=0.500 (54s)
  [grid_bbe6ea8768a8] seed=42 reward=3.638 succ=0.116 fk=0.611 adapt=0.501 (52s)
  [grid_0001e1a6e135] seed=42 reward=3.543 succ=0.048 fk=0.549 adapt=0.500 (59s)
  [grid_9ba54c0966f1] seed=42 reward=3.638 succ=0.116 fk=0.611 adapt=0.501 (62s)
  [grid_9015b09ca8e2] seed=42 reward=3.638 succ=0.116 fk=0.611 adapt=0.501 (54s)
  [grid_e022f485d00b] seed=42 reward=3.098 succ=0.050 fk=0.530 adapt=0.529 (55s)
  [grid_82793e0d69e1] seed=42 reward=3.638 succ=0.116 fk=0.611 adapt=0.501 (51s)
  [grid_bfe5220c4572] seed=42 reward=3.638 succ=0.116 fk=0.611 adapt=0.501 (50s)
  [grid_a9b84435079d] seed=42 reward=3.014 succ=0.014 fk=0.464 adapt=0.342 (45s)
  [grid_f6e23d2cc3cc] seed=42 reward=3.638 succ=0.116 fk=0.611 adapt=0.501 (48s)
  [grid_87474c0bcd2e] seed=42 reward=3.638 succ=0.116 fk=0.611 adapt=0.501 (47s)
  [grid_46dae1bf428c] seed=42 reward=3.286 succ=0.059 fk=0.534 adapt=0.509 (54s)
  [grid_f261b5b5646f] seed=42 reward=3.638 succ=0.116 fk=0.611 adapt=0.501 (52s)
  [grid_7df5436413dc] seed=42 reward=3.188 succ=0.042 fk=0.512 adapt=0.272 (54s)
  [grid_15435e7af999] seed=42 reward=3.069 succ=0.024 fk=0.517 adapt=0.509 (52s)
  [grid_d084d599afe3] seed=42 reward=3.555 succ=0.104 fk=0.586 adapt=0.502 (54s)
  [grid_3da3db6df0c3] seed=42 reward=3.122 succ=0.037 fk=0.520 adapt=0.522 (53s)
  [grid_8af26c03c8b3] seed=42 reward=3.640 succ=0.116 fk=0.611 adapt=0.501 (53s)
  [grid_cee63e3e1550] seed=42 reward=3.537 succ=0.051 fk=0.549 adapt=0.500 (50s)
  [grid_7f76fbb66926] seed=42 reward=3.097 succ=0.026 fk=0.519 adapt=0.528 (53s)
  [grid_6ae35662ed82] seed=42 reward=3.045 succ=0.021 fk=0.488 adapt=0.411 (77s)
  [grid_4cea904c4052] seed=42 reward=3.292 succ=0.021 fk=0.506 adapt=0.425 (82s)
  [grid_99b8fb092247] seed=42 reward=3.520 succ=0.082 fk=0.541 adapt=0.536 (80s)
  [grid_074b58b1ae28] seed=42 reward=3.237 succ=0.016 fk=0.488 adapt=0.376 (169s)
  [grid_e03a6f28bafb] seed=42 reward=3.306 succ=0.042 fk=0.530 adapt=0.365 (166s)
  [grid_998ed4bbef0b] seed=42 reward=3.410 succ=0.018 fk=0.512 adapt=0.357 (105s)
  [grid_0aa2a443626c] seed=42 reward=3.571 succ=0.084 fk=0.563 adapt=0.514 (78s)
  [grid_430598f19735] seed=42 reward=3.212 succ=0.015 fk=0.478 adapt=0.198 (164s)
  [grid_bc607a2a7853] seed=42 reward=3.463 succ=0.088 fk=0.566 adapt=0.407 (267s)
  [grid_3d854d44f14b] seed=42 reward=3.131 succ=0.040 fk=0.499 adapt=0.395 (78s)
  [grid_8a074e90a7de] seed=42 reward=3.352 succ=0.084 fk=0.539 adapt=0.505 (170s)
  [grid_52fd0c5affeb] seed=42 reward=3.342 succ=0.010 fk=0.451 adapt=0.251 (101s)
  [grid_15223fa70fea] seed=42 reward=3.576 succ=0.076 fk=0.549 adapt=0.512 (80s)
  [grid_47bbfe0cf455] seed=42 reward=3.388 succ=0.028 fk=0.505 adapt=0.416 (166s)
  [grid_e3b4ae992327] seed=42 reward=3.285 succ=0.026 fk=0.521 adapt=0.457 (108s)
  [grid_e559f015aeef] seed=42 reward=3.523 succ=0.100 fk=0.563 adapt=0.516 (78s)
  [grid_5d85f7fae412] seed=42 reward=3.309 succ=0.047 fk=0.510 adapt=0.414 (77s)
  [grid_4116efa11150] seed=42 reward=3.554 succ=0.100 fk=0.558 adapt=0.534 (166s)
  [grid_b529fc624a88] seed=42 reward=3.558 succ=0.050 fk=0.556 adapt=0.496 (68s)
  [grid_2df2db0f56f4] seed=42 reward=3.334 succ=0.083 fk=0.542 adapt=0.539 (56s)
  [grid_55a8cee50c7d] seed=42 reward=3.653 succ=0.125 fk=0.613 adapt=0.513 (66s)
  [grid_38e519e43861] seed=42 reward=3.378 succ=0.072 fk=0.545 adapt=0.540 (98s)
  [grid_2dde94175d3c] seed=42 reward=3.236 succ=0.041 fk=0.515 adapt=0.395 (61s)
  [grid_0ff4efa1a258] seed=42 reward=3.631 succ=0.120 fk=0.595 adapt=0.512 (56s)
  [grid_2fba85cf24c8] seed=42 reward=3.514 succ=0.046 fk=0.528 adapt=0.490 (66s)
  [grid_6083f6896d7e] seed=42 reward=3.565 succ=0.052 fk=0.544 adapt=0.498 (93s)
  [grid_c2cdbe7550a7] seed=42 reward=3.542 succ=0.047 fk=0.549 adapt=0.500 (58s)
  [grid_464ffe88e0db] seed=42 reward=3.633 succ=0.106 fk=0.611 adapt=0.501 (81s)
  [grid_d3ee9cd6030d] seed=42 reward=3.546 succ=0.182 fk=0.603 adapt=0.544 (75s)
  [grid_1160c7c4798e] seed=42 reward=3.560 succ=0.057 fk=0.567 adapt=0.500 (161s)
  [grid_3777a78b4cc2] seed=42 reward=3.537 succ=0.051 fk=0.549 adapt=0.500 (163s)
  [grid_0dcfec6ad1a2] seed=42 reward=3.319 succ=0.080 fk=0.543 adapt=0.562 (104s)
  [grid_88112de95dd7] seed=42 reward=3.474 succ=0.155 fk=0.570 adapt=0.582 (79s)
  [grid_5d0c68496875] seed=42 reward=3.541 succ=0.053 fk=0.549 adapt=0.500 (157s)
  [grid_ef79cf44ce8f] seed=42 reward=3.638 succ=0.116 fk=0.611 adapt=0.501 (95s)
  [grid_0f00b91bdd31] seed=42 reward=3.138 succ=0.045 fk=0.503 adapt=0.385 (73s)
  [grid_ace1171942db] seed=42 reward=3.421 succ=0.096 fk=0.553 adapt=0.576 (154s)
  [grid_221db8e1f8b6] seed=42 reward=3.302 succ=0.049 fk=0.477 adapt=0.210 (96s)
  [grid_463d3192650a] seed=42 reward=3.205 succ=0.045 fk=0.481 adapt=0.356 (77s)
  [grid_b96453c751a4] seed=42 reward=3.543 succ=0.048 fk=0.549 adapt=0.501 (153s)
  [grid_57712aa8c420] seed=42 reward=3.218 succ=0.058 fk=0.536 adapt=0.558 (100s)
  [grid_68717a8ef24e] seed=42 reward=3.382 succ=0.071 fk=0.544 adapt=0.500 (76s)
  [grid_5dce5b28fdf5] seed=42 reward=3.423 succ=0.079 fk=0.542 adapt=0.551 (99s)
  [grid_eabeb9072cef] seed=42 reward=3.261 succ=0.013 fk=0.447 adapt=0.248 (76s)
  [grid_6b0f943dd462] seed=42 reward=3.581 succ=0.120 fk=0.573 adapt=0.545 (162s)
  [grid_2cd06a4352ef] seed=42 reward=3.633 succ=0.106 fk=0.611 adapt=0.501 (72s)
  [grid_c743e31467fe] seed=42 reward=3.308 succ=0.079 fk=0.540 adapt=0.538 (98s)
  [grid_bdf898061020] seed=42 reward=3.148 succ=0.049 fk=0.524 adapt=0.532 (70s)
  [grid_4179b6ef1d8a] seed=42 reward=3.436 succ=0.076 fk=0.576 adapt=0.500 (96s)
  [grid_80ad393393d4] seed=42 reward=3.633 succ=0.106 fk=0.611 adapt=0.501 (59s)
  [grid_a49b91a3264a] seed=42 reward=3.607 succ=0.073 fk=0.580 adapt=0.507 (71s)
  [grid_ec163f42a015] seed=42 reward=3.535 succ=0.053 fk=0.532 adapt=0.496 (97s)
  [grid_1d004fe157c5] seed=42 reward=3.633 succ=0.106 fk=0.611 adapt=0.501 (70s)
  [grid_5eaac977b05c] seed=42 reward=3.125 succ=0.001 fk=0.381 adapt=0.112 (96s)
  [grid_d97243439eb8] seed=42 reward=3.520 succ=0.048 fk=0.533 adapt=0.501 (60s)
  [grid_f5b7a28c690e] seed=42 reward=3.599 succ=0.061 fk=0.580 adapt=0.501 (70s)
  [grid_e65eb22f4046] seed=42 reward=3.232 succ=0.027 fk=0.502 adapt=0.413 (96s)
  [grid_46838e2480d9] seed=42 reward=3.537 succ=0.051 fk=0.549 adapt=0.500 (59s)
  [grid_5a7af3796828] seed=42 reward=3.346 succ=0.067 fk=0.539 adapt=0.523 (61s)
  [grid_c0b8f5db561b] seed=42 reward=3.284 succ=0.070 fk=0.540 adapt=0.565 (71s)
  [grid_9a4975ccc89f] seed=42 reward=3.570 succ=0.090 fk=0.563 adapt=0.524 (100s)
  [grid_36ca80f17394] seed=42 reward=3.542 succ=0.047 fk=0.549 adapt=0.500 (61s)
  [grid_7380abfdb32a] seed=42 reward=3.448 succ=0.106 fk=0.557 adapt=0.581 (72s)
  [grid_c0ded4c0c142] seed=42 reward=3.638 succ=0.116 fk=0.611 adapt=0.501 (73s)
  [grid_abcde5b024a9] seed=42 reward=3.650 succ=0.111 fk=0.612 adapt=0.504 (52s)
  [grid_136278137c36] seed=42 reward=3.633 succ=0.106 fk=0.611 adapt=0.501 (71s)
  [grid_8ee407ad5484] seed=42 reward=3.638 succ=0.116 fk=0.611 adapt=0.501 (52s)
  [grid_da39723776c1] seed=42 reward=3.437 succ=0.115 fk=0.562 adapt=0.594 (57s)
  [grid_5f2884b3d1bd] seed=42 reward=3.577 succ=0.079 fk=0.548 adapt=0.519 (70s)
  [grid_f337dfa80df2] seed=42 reward=3.633 succ=0.106 fk=0.611 adapt=0.501 (52s)
  [grid_797d6f3e78bb] seed=42 reward=3.550 succ=0.191 fk=0.604 adapt=0.527 (57s)
  [grid_e4e033be02f8] seed=42 reward=3.633 succ=0.106 fk=0.611 adapt=0.501 (71s)
  [grid_a76cf148f8eb] seed=42 reward=3.202 succ=0.044 fk=0.524 adapt=0.517 (52s)
  [grid_ed5d5c7750f4] seed=42 reward=3.451 succ=0.089 fk=0.536 adapt=0.507 (58s)
  [grid_aa9471551cc3] seed=42 reward=3.501 succ=0.099 fk=0.559 adapt=0.539 (72s)
  [grid_d5b602251179] seed=42 reward=3.638 succ=0.116 fk=0.611 adapt=0.501 (52s)
  [grid_0ad6e2a34074] seed=42 reward=3.011 succ=0.002 fk=0.390 adapt=0.052 (59s)
  [grid_1e8697ebfa3e] seed=42 reward=3.392 succ=0.054 fk=0.527 adapt=0.521 (74s)
  [grid_8b078cdb619d] seed=42 reward=3.542 succ=0.047 fk=0.549 adapt=0.500 (54s)
  [grid_453a6a9e2c93] seed=42 reward=3.342 succ=0.039 fk=0.525 adapt=0.520 (53s)
  [grid_b1419ca1c2d0] seed=42 reward=3.537 succ=0.051 fk=0.549 adapt=0.500 (60s)
  [grid_24e69e7da35b] seed=42 reward=3.638 succ=0.116 fk=0.611 adapt=0.501 (49s)
  [grid_b6d08e76225c] seed=42 reward=3.638 succ=0.116 fk=0.611 adapt=0.501 (51s)
  [grid_228f7b2e5e9b] seed=42 reward=3.638 succ=0.116 fk=0.611 adapt=0.501 (48s)
  [grid_e6973f313580] seed=42 reward=3.054 succ=0.026 fk=0.517 adapt=0.518 (54s)
  [grid_d64915f81e44] seed=42 reward=3.638 succ=0.116 fk=0.611 adapt=0.501 (54s)
  [grid_afb7aad9a448] seed=42 reward=3.636 succ=0.117 fk=0.616 adapt=0.501 (53s)
  [grid_0809dd872dfa] seed=42 reward=3.519 succ=0.051 fk=0.534 adapt=0.505 (61s)
  [grid_091cf529f776] seed=42 reward=3.537 succ=0.051 fk=0.549 adapt=0.500 (56s)
  [grid_97ca601640f1] seed=42 reward=3.638 succ=0.116 fk=0.611 adapt=0.501 (55s)
  [grid_d3e74d180fb1] seed=42 reward=3.286 succ=0.031 fk=0.513 adapt=0.378 (57s)
  [grid_1435d0e758de] seed=42 reward=3.543 succ=0.179 fk=0.589 adapt=0.606 (63s)
  [grid_a0cd06c9476e] seed=42 reward=3.638 succ=0.116 fk=0.611 adapt=0.501 (62s)
  [grid_058be4d09413] seed=42 reward=3.542 succ=0.047 fk=0.549 adapt=0.500 (62s)
  [grid_78ae166a0598] seed=42 reward=3.247 succ=0.171 fk=0.581 adapt=0.535 (63s)
  [grid_008b7ac3cbc1] seed=42 reward=3.125 succ=0.039 fk=0.525 adapt=0.533 (58s)
  [grid_49ee35385173] seed=42 reward=3.638 succ=0.116 fk=0.611 adapt=0.501 (47s)
  [grid_7f9482f132b8] seed=42 reward=3.178 succ=0.052 fk=0.532 adapt=0.539 (56s)
  [grid_6be44543d980] seed=42 reward=3.537 succ=0.051 fk=0.549 adapt=0.500 (48s)
  [grid_c2e02ef8820b] seed=42 reward=3.488 succ=0.047 fk=0.531 adapt=0.511 (100s)
  [grid_4f4371acd542] seed=42 reward=3.348 succ=0.044 fk=0.516 adapt=0.457 (107s)
  [grid_86e178d9b4da] seed=42 reward=3.445 succ=0.140 fk=0.595 adapt=0.567 (78s)
  [grid_effffed269d4] seed=42 reward=3.286 succ=0.123 fk=0.513 adapt=0.311 (170s)
  [grid_295aa2f75888] seed=42 reward=3.375 succ=0.038 fk=0.501 adapt=0.411 (105s)
  [grid_8c22541a6e40] seed=42 reward=3.542 succ=0.047 fk=0.534 adapt=0.488 (165s)
  [grid_4a92c82a537a] seed=42 reward=3.449 succ=0.107 fk=0.562 adapt=0.554 (106s)
  [grid_107107c936f2] seed=42 reward=3.542 succ=0.053 fk=0.549 adapt=0.500 (78s)
  [grid_0d37f2435609] seed=42 reward=3.438 succ=0.012 fk=0.495 adapt=0.365 (325s)
  [grid_0a06360e36ec] seed=42 reward=3.438 succ=0.078 fk=0.545 adapt=0.481 (101s)
  [grid_d63b504b7aff] seed=42 reward=3.553 succ=0.055 fk=0.552 adapt=0.502 (82s)
  [grid_ff0ee05db31c] seed=42 reward=3.354 succ=0.006 fk=0.459 adapt=0.286 (163s)
  [grid_f6392d626b34] seed=42 reward=3.600 succ=0.074 fk=0.583 adapt=0.494 (102s)
  [grid_4dbcb296efc3] seed=42 reward=3.304 succ=0.039 fk=0.511 adapt=0.476 (83s)
  [grid_5254c4e8a35c] seed=42 reward=3.412 succ=0.050 fk=0.515 adapt=0.465 (170s)
  [grid_aeb96e18a4cd] seed=42 reward=3.611 succ=0.059 fk=0.592 adapt=0.489 (99s)
  [grid_096418034b15] seed=42 reward=3.556 succ=0.065 fk=0.541 adapt=0.511 (77s)
  [grid_1e6334d11d27] seed=42 reward=3.404 succ=0.050 fk=0.530 adapt=0.524 (109s)
  [grid_2e1c70e491ef] seed=42 reward=3.399 succ=0.090 fk=0.554 adapt=0.583 (56s)
  [grid_4908ebc9a31b] seed=42 reward=3.492 succ=0.055 fk=0.509 adapt=0.423 (93s)
  [grid_5f69b4ab061d] seed=42 reward=3.538 succ=0.048 fk=0.544 adapt=0.500 (67s)
  [grid_298725a3b533] seed=42 reward=3.313 succ=0.074 fk=0.531 adapt=0.450 (101s)
  [grid_96d4ce16fe79] seed=42 reward=3.448 succ=0.068 fk=0.509 adapt=0.375 (59s)
  [grid_8e3fb10b5267] seed=42 reward=3.512 succ=0.093 fk=0.560 adapt=0.522 (55s)
  [grid_b9751aa4fc01] seed=42 reward=3.219 succ=0.053 fk=0.490 adapt=0.351 (55s)
  [grid_d960f7d58e41] seed=42 reward=3.436 succ=0.099 fk=0.562 adapt=0.551 (67s)
  [grid_6016217cc5c0] seed=42 reward=3.061 succ=0.018 fk=0.485 adapt=0.279 (97s)
  [grid_7fc96cf7fad1] seed=42 reward=3.271 succ=0.084 fk=0.508 adapt=0.414 (57s)
  [grid_e45d67efa6e4] seed=42 reward=3.484 succ=0.084 fk=0.555 adapt=0.516 (104s)
  [grid_2791b212d9a3] seed=42 reward=3.265 succ=0.115 fk=0.512 adapt=0.387 (159s)
  [grid_7b3fdac26dda] seed=42 reward=3.316 succ=0.023 fk=0.476 adapt=0.369 (161s)
  [grid_9d29d288886e] seed=42 reward=2.997 succ=0.026 fk=0.481 adapt=0.232 (105s)
  [grid_a88e0bdd44be] seed=42 reward=3.646 succ=0.121 fk=0.601 adapt=0.512 (77s)
  [grid_bd6a16dbcd38] seed=42 reward=3.401 succ=0.117 fk=0.536 adapt=0.463 (104s)
  [grid_6ce800cd0c85] seed=42 reward=3.455 succ=0.057 fk=0.523 adapt=0.485 (73s)
  [grid_21ae1254ea19] seed=42 reward=3.095 succ=0.002 fk=0.387 adapt=0.051 (151s)
  [grid_d7a970145533] seed=42 reward=3.426 succ=0.083 fk=0.525 adapt=0.456 (95s)
  [grid_186cf7147534] seed=42 reward=3.395 succ=0.049 fk=0.523 adapt=0.502 (74s)
  [grid_b78aa4a308dd] seed=42 reward=3.355 succ=0.077 fk=0.522 adapt=0.479 (157s)
  [grid_e216a10beb6f] seed=42 reward=3.093 succ=0.005 fk=0.415 adapt=0.157 (98s)
  [grid_2a96d46192c9] seed=42 reward=3.532 succ=0.062 fk=0.532 adapt=0.469 (74s)
  [grid_c01e7e96e692] seed=42 reward=3.394 succ=0.072 fk=0.546 adapt=0.528 (76s)
  [grid_2dc5c08b0a4f] seed=42 reward=3.275 succ=0.025 fk=0.505 adapt=0.447 (159s)
  [grid_cee9ed006e6d] seed=42 reward=3.397 succ=0.043 fk=0.524 adapt=0.513 (99s)
  [grid_8273bc9a7dee] seed=42 reward=3.541 succ=0.052 fk=0.549 adapt=0.501 (77s)
  [grid_8b1b3fff69cb] seed=42 reward=3.557 succ=0.147 fk=0.586 adapt=0.556 (161s)
  [grid_415e243dc1f1] seed=42 reward=3.654 succ=0.131 fk=0.613 adapt=0.521 (101s)
  [grid_dfd4f53aa134] seed=42 reward=3.569 succ=0.086 fk=0.556 adapt=0.518 (97s)
  [grid_baee69c4cb4e] seed=42 reward=3.633 succ=0.106 fk=0.611 adapt=0.501 (60s)
  [grid_fa2a556f99f1] seed=42 reward=3.537 succ=0.051 fk=0.549 adapt=0.500 (59s)
  [grid_a19b9fcb8cbf] seed=42 reward=3.644 succ=0.128 fk=0.609 adapt=0.499 (70s)
  [grid_626a6ab66539] seed=42 reward=3.197 succ=0.022 fk=0.485 adapt=0.410 (94s)
  [grid_86ba2bc60cb4] seed=42 reward=3.547 succ=0.048 fk=0.546 adapt=0.500 (59s)
  [grid_0b699c1862dc] seed=42 reward=3.633 succ=0.106 fk=0.611 adapt=0.501 (58s)
  [grid_1c5a2b025fc9] seed=42 reward=3.642 succ=0.108 fk=0.604 adapt=0.504 (70s)
  [grid_56fbdf83be72] seed=42 reward=3.542 succ=0.093 fk=0.566 adapt=0.512 (96s)
  [grid_f87389604392] seed=42 reward=3.544 succ=0.048 fk=0.549 adapt=0.500 (60s)
  [grid_8b1781376246] seed=42 reward=3.294 succ=0.009 fk=0.446 adapt=0.254 (72s)
  [grid_b849389cdff4] seed=42 reward=3.617 succ=0.081 fk=0.600 adapt=0.500 (97s)
  [grid_c6527f356655] seed=42 reward=3.232 succ=0.055 fk=0.531 adapt=0.542 (73s)
  [grid_6edfa6781524] seed=42 reward=3.369 succ=0.073 fk=0.536 adapt=0.549 (99s)
  [grid_73d9c8299c32] seed=42 reward=3.547 succ=0.052 fk=0.549 adapt=0.500 (61s)
  [grid_f3982f4f5d57] seed=42 reward=3.571 succ=0.052 fk=0.546 adapt=0.504 (73s)
  [grid_18c0abe5244d] seed=42 reward=3.581 succ=0.077 fk=0.553 adapt=0.515 (97s)
  [grid_db0d7cc37749] seed=42 reward=3.638 succ=0.116 fk=0.611 adapt=0.501 (52s)
  [grid_27df688e8a62] seed=42 reward=3.638 succ=0.116 fk=0.611 adapt=0.501 (57s)
  [grid_016a437771e0] seed=42 reward=3.568 succ=0.058 fk=0.548 adapt=0.502 (71s)
  [grid_596de4a37633] seed=42 reward=3.638 succ=0.116 fk=0.611 adapt=0.501 (72s)
  [grid_fade9c0760dc] seed=42 reward=3.633 succ=0.106 fk=0.611 adapt=0.501 (51s)
  [grid_368ee3d5ec3b] seed=42 reward=3.608 succ=0.130 fk=0.599 adapt=0.535 (57s)
  [grid_8659ba2e315d] seed=42 reward=3.040 succ=0.024 fk=0.516 adapt=0.509 (52s)
  [grid_c9cae02dec61] seed=42 reward=3.542 succ=0.047 fk=0.549 adapt=0.500 (56s)
  [grid_cc6d84e7a682] seed=42 reward=3.497 succ=0.030 fk=0.529 adapt=0.476 (70s)
  [grid_fe1a60f38cf4] seed=42 reward=3.239 succ=0.053 fk=0.533 adapt=0.529 (52s)
  [grid_c1e0c8f1c542] seed=42 reward=3.638 succ=0.116 fk=0.611 adapt=0.501 (57s)
  [grid_f7c05fc825fb] seed=42 reward=3.298 succ=0.080 fk=0.543 adapt=0.564 (73s)
  [grid_91df34d9cf2d] seed=42 reward=3.537 succ=0.051 fk=0.549 adapt=0.500 (52s)
  [grid_c0e2c8753d0d] seed=42 reward=3.609 succ=0.101 fk=0.587 adapt=0.502 (61s)
  [grid_63596009453f] seed=42 reward=3.444 succ=0.107 fk=0.558 adapt=0.576 (74s)
  [grid_5261077ce2e3] seed=42 reward=3.546 succ=0.049 fk=0.549 adapt=0.501 (53s)
  [grid_7ad7c1259973] seed=42 reward=3.542 succ=0.047 fk=0.549 adapt=0.500 (60s)
  [grid_dc2d0e2d15c9] seed=42 reward=3.438 succ=0.126 fk=0.557 adapt=0.544 (72s)
  [grid_d7ea5ea16b4b] seed=42 reward=3.638 succ=0.116 fk=0.611 adapt=0.501 (59s)
  [grid_513a7f618983] seed=42 reward=3.638 succ=0.116 fk=0.611 adapt=0.501 (59s)
  [grid_aae5dd726520] seed=42 reward=3.484 succ=0.062 fk=0.530 adapt=0.488 (66s)
  [grid_5a443c2a8e9b] seed=42 reward=3.638 succ=0.116 fk=0.611 adapt=0.501 (56s)
  [grid_34f95aff3c5b] seed=42 reward=3.044 succ=0.034 fk=0.518 adapt=0.510 (52s)
  [grid_662fe37c966c] seed=42 reward=3.396 succ=0.075 fk=0.523 adapt=0.496 (58s)
  [grid_fa17788eca49] seed=42 reward=3.546 succ=0.051 fk=0.548 adapt=0.500 (54s)
  [grid_e8b9fef2e7ff] seed=42 reward=3.633 succ=0.106 fk=0.611 adapt=0.501 (54s)
  [grid_2de1577459ca] seed=42 reward=3.664 succ=0.166 fk=0.625 adapt=0.544 (59s)
  [grid_3291d81c0581] seed=42 reward=3.409 succ=0.139 fk=0.569 adapt=0.544 (64s)
  [grid_4575243f663f] seed=42 reward=3.638 succ=0.116 fk=0.611 adapt=0.501 (53s)
  [grid_bffe0c98b49f] seed=42 reward=3.638 succ=0.116 fk=0.611 adapt=0.501 (49s)
  [grid_c8ab49734a8f] seed=42 reward=3.019 succ=0.020 fk=0.482 adapt=0.348 (55s)
  [grid_147f1ee2a99a] seed=42 reward=3.080 succ=0.035 fk=0.520 adapt=0.510 (54s)
  [grid_f50fe704c44a] seed=42 reward=3.084 succ=0.035 fk=0.520 adapt=0.510 (51s)
  [grid_65856cb7ea27] seed=42 reward=3.533 succ=0.047 fk=0.549 adapt=0.500 (51s)
  [grid_3e2005be0307] seed=42 reward=3.633 succ=0.106 fk=0.611 adapt=0.501 (51s)
  [grid_e2b3c4a37238] seed=42 reward=3.395 succ=0.070 fk=0.543 adapt=0.516 (71s)
  [grid_c4c360fe0b72] seed=42 reward=3.467 succ=0.026 fk=0.522 adapt=0.456 (168s)
  [grid_14b94a3897d4] seed=42 reward=3.330 succ=0.015 fk=0.505 adapt=0.394 (107s)
  [grid_35a60a98cd45] seed=42 reward=3.643 succ=0.110 fk=0.611 adapt=0.504 (103s)
  [grid_cc2f1af58fae] seed=42 reward=3.560 succ=0.142 fk=0.601 adapt=0.495 (84s)
  [grid_7adc22639f8f] seed=42 reward=3.455 succ=0.027 fk=0.508 adapt=0.430 (162s)
  [grid_2a4b49e89959] seed=42 reward=3.506 succ=0.054 fk=0.534 adapt=0.520 (101s)
  [grid_dfbb61addce8] seed=42 reward=3.363 succ=0.151 fk=0.536 adapt=0.440 (81s)
  [grid_1fc9e6c02dee] seed=42 reward=3.516 succ=0.049 fk=0.555 adapt=0.379 (320s)
  [grid_b09e4dfe0bb6] seed=42 reward=3.563 succ=0.098 fk=0.574 adapt=0.484 (101s)
  [grid_d7748e65915a] seed=42 reward=3.324 succ=0.088 fk=0.530 adapt=0.480 (80s)
  [grid_146f7c4b22f7] seed=42 reward=3.223 succ=0.006 fk=0.444 adapt=0.214 (161s)
  [grid_9015a78aa874] seed=42 reward=3.570 succ=0.076 fk=0.570 adapt=0.500 (104s)
  [grid_53ad1c043f61] seed=42 reward=3.405 succ=0.110 fk=0.532 adapt=0.476 (82s)
  [grid_76529517a155] seed=42 reward=3.401 succ=0.065 fk=0.544 adapt=0.554 (167s)
  [grid_fa89d3d4fded] seed=42 reward=3.627 succ=0.083 fk=0.595 adapt=0.494 (102s)
  [grid_d3393a7c73fe] seed=42 reward=3.557 succ=0.046 fk=0.538 adapt=0.475 (163s)
  [grid_5cb8d2ee39c6] seed=42 reward=3.430 succ=0.042 fk=0.534 adapt=0.521 (103s)
  [grid_d91cb3ce9d62] seed=42 reward=3.329 succ=0.062 fk=0.539 adapt=0.530 (56s)
  [grid_80f84a532552] seed=42 reward=3.385 succ=0.048 fk=0.516 adapt=0.426 (92s)
  [grid_f82f3137e9c0] seed=42 reward=3.424 succ=0.009 fk=0.495 adapt=0.360 (95s)
  [grid_70f48531173c] seed=42 reward=3.294 succ=0.051 fk=0.548 adapt=0.500 (74s)
  [grid_d5a369f2322b] seed=42 reward=2.946 succ=0.016 fk=0.415 adapt=0.168 (91s)
  [grid_7a5143beccc0] seed=42 reward=3.472 succ=0.051 fk=0.518 adapt=0.425 (64s)
  [grid_e8186eb8fdab] seed=42 reward=3.341 succ=0.009 fk=0.459 adapt=0.270 (95s)
  [grid_e4acde9e3e53] seed=42 reward=3.542 succ=0.047 fk=0.549 adapt=0.500 (57s)
  [grid_6a6dd6be2f15] seed=42 reward=3.469 succ=0.037 fk=0.548 adapt=0.423 (67s)
  [grid_65f77b0104b8] seed=42 reward=3.322 succ=0.031 fk=0.511 adapt=0.443 (97s)
  [grid_a753e728dac1] seed=42 reward=3.511 succ=0.051 fk=0.518 adapt=0.448 (60s)
  [grid_4f204f1baf03] seed=42 reward=3.647 succ=0.111 fk=0.605 adapt=0.504 (161s)
  [grid_23bd69bf009c] seed=42 reward=3.638 succ=0.116 fk=0.611 adapt=0.501 (102s)
  [grid_be72cfd5af52] seed=42 reward=3.633 succ=0.106 fk=0.611 adapt=0.501 (79s)
  [grid_62956ba87ae9] seed=42 reward=3.597 succ=0.064 fk=0.575 adapt=0.495 (165s)
  [grid_082ba0a18087] seed=42 reward=3.495 succ=0.105 fk=0.561 adapt=0.544 (102s)
  [grid_1e7650d18fd3] seed=42 reward=3.638 succ=0.116 fk=0.611 adapt=0.501 (82s)
  [grid_fb197856efe3] seed=42 reward=3.339 succ=0.037 fk=0.512 adapt=0.481 (154s)
  [grid_7dc9ee1f56b8] seed=42 reward=3.633 succ=0.106 fk=0.611 adapt=0.501 (97s)
  [grid_650d82a985e0] seed=42 reward=3.359 succ=0.045 fk=0.520 adapt=0.499 (75s)
  [grid_8fa1a4285283] seed=42 reward=3.500 succ=0.052 fk=0.532 adapt=0.516 (156s)
  [grid_2eb6b57d9dc1] seed=42 reward=3.430 succ=0.020 fk=0.483 adapt=0.352 (97s)
  [grid_1f6542861769] seed=42 reward=3.542 succ=0.047 fk=0.549 adapt=0.500 (76s)
  [grid_e2b423149c60] seed=42 reward=3.573 succ=0.068 fk=0.546 adapt=0.511 (153s)
  [grid_9d32e519658a] seed=42 reward=3.312 succ=0.075 fk=0.545 adapt=0.567 (100s)
  [grid_4b9fc49d0998] seed=42 reward=3.562 succ=0.055 fk=0.549 adapt=0.503 (77s)
  [grid_7142663164a1] seed=42 reward=3.381 succ=0.082 fk=0.547 adapt=0.569 (161s)
  [grid_cc160990b0af] seed=42 reward=3.571 succ=0.055 fk=0.546 adapt=0.503 (101s)
  [grid_ae29ae68d743] seed=42 reward=3.633 succ=0.106 fk=0.611 adapt=0.501 (62s)
  [grid_b401eea2be44] seed=42 reward=3.638 succ=0.116 fk=0.611 adapt=0.501 (74s)
  [grid_389a1b850670] seed=42 reward=3.421 succ=0.072 fk=0.537 adapt=0.355 (70s)
  [grid_1c13cc2c019b] seed=42 reward=3.537 succ=0.051 fk=0.549 adapt=0.500 (97s)
  [grid_abc9fdb05e31] seed=42 reward=3.542 succ=0.047 fk=0.549 adapt=0.500 (70s)
  [grid_79f3371823e7] seed=42 reward=3.331 succ=0.036 fk=0.485 adapt=0.377 (99s)
  [grid_7fa529b8cb94] seed=42 reward=3.450 succ=0.198 fk=0.595 adapt=0.588 (71s)
  [grid_f91ab5a30a31] seed=42 reward=3.649 succ=0.112 fk=0.612 adapt=0.501 (97s)
  [grid_6e7c4321c510] seed=42 reward=3.542 succ=0.047 fk=0.549 adapt=0.500 (60s)
  [grid_0308900057b1] seed=42 reward=3.546 succ=0.121 fk=0.612 adapt=0.504 (70s)
  [grid_6c720082f5cc] seed=42 reward=3.520 succ=0.110 fk=0.555 adapt=0.560 (100s)
  [grid_d46581cd0124] seed=42 reward=3.450 succ=0.035 fk=0.541 adapt=0.265 (73s)
  [grid_a30164451549] seed=42 reward=3.027 succ=0.013 fk=0.441 adapt=0.230 (97s)
  [grid_9f5ca36d487e] seed=42 reward=3.210 succ=0.007 fk=0.438 adapt=0.028 (71s)
  [grid_9bb4ac1b8650] seed=42 reward=3.395 succ=0.069 fk=0.535 adapt=0.526 (99s)
  [grid_0a25733e4ea2] seed=42 reward=3.555 succ=0.047 fk=0.541 adapt=0.501 (61s)
  [grid_8d16281c9254] seed=42 reward=3.335 succ=0.080 fk=0.547 adapt=0.555 (76s)
  [grid_e0dae19be758] seed=42 reward=3.590 succ=0.129 fk=0.569 adapt=0.549 (102s)
  [grid_293906daa118] seed=42 reward=3.633 succ=0.106 fk=0.611 adapt=0.501 (58s)
  [grid_4217fe36aa25] seed=42 reward=3.638 succ=0.116 fk=0.611 adapt=0.501 (53s)
  [grid_e4c98f4c7028] seed=42 reward=3.642 succ=0.116 fk=0.611 adapt=0.501 (57s)
  [grid_6cd121cc7c70] seed=42 reward=3.542 succ=0.047 fk=0.549 adapt=0.500 (71s)
  [grid_daa2c5c793a8] seed=42 reward=3.266 succ=0.049 fk=0.530 adapt=0.509 (52s)
  [grid_8ca150cb8b04] seed=42 reward=3.615 succ=0.110 fk=0.588 adapt=0.507 (57s)
  [grid_15f772994aed] seed=42 reward=3.633 succ=0.106 fk=0.611 adapt=0.501 (71s)
  [grid_b980ba893218] seed=42 reward=3.638 succ=0.116 fk=0.611 adapt=0.501 (52s)
  [grid_52b6f2e18ccf] seed=42 reward=3.636 succ=0.117 fk=0.616 adapt=0.501 (57s)
  [grid_e1233337aa93] seed=42 reward=3.471 succ=0.100 fk=0.559 adapt=0.568 (72s)
  [grid_3f2432f1b3c6] seed=42 reward=3.638 succ=0.116 fk=0.611 adapt=0.501 (52s)
  [grid_6bb69cbbdf8c] seed=42 reward=3.636 succ=0.105 fk=0.611 adapt=0.501 (59s)
  [grid_cbe6495ba11e] seed=42 reward=3.542 succ=0.047 fk=0.549 adapt=0.500 (72s)
  [grid_93331e79217e] seed=42 reward=3.326 succ=0.043 fk=0.522 adapt=0.522 (56s)
  [grid_35abd1d84936] seed=42 reward=3.339 succ=0.077 fk=0.542 adapt=0.551 (60s)
  [grid_bd579f9522d2] seed=42 reward=3.475 succ=0.072 fk=0.540 adapt=0.543 (75s)
  [grid_0fabb5af5597] seed=42 reward=3.537 succ=0.051 fk=0.549 adapt=0.500 (54s)
  [grid_d17f043fb628] seed=42 reward=3.264 succ=0.071 fk=0.539 adapt=0.556 (60s)
  [grid_26788bc11e45] seed=42 reward=3.638 succ=0.116 fk=0.611 adapt=0.501 (49s)
  [grid_b36fb7213587] seed=42 reward=3.029 succ=0.025 fk=0.515 adapt=0.509 (49s)
  [grid_3a0780265b24] seed=42 reward=3.638 succ=0.116 fk=0.611 adapt=0.501 (52s)
  [grid_0e175f8f63ca] seed=42 reward=3.636 succ=0.117 fk=0.616 adapt=0.501 (55s)
  [grid_52b6d7d94da1] seed=42 reward=3.644 succ=0.126 fk=0.616 adapt=0.501 (65s)
  [grid_5a134650e121] seed=42 reward=3.646 succ=0.115 fk=0.615 adapt=0.501 (63s)
  [grid_d3d125c1ad70] seed=42 reward=3.633 succ=0.106 fk=0.611 adapt=0.501 (57s)
  [grid_8e92bdb92435] seed=42 reward=3.638 succ=0.116 fk=0.611 adapt=0.501 (45s)
  [grid_985e9b4e231e] seed=42 reward=3.633 succ=0.106 fk=0.611 adapt=0.501 (48s)
  [grid_64bbef4e89ca] seed=42 reward=3.633 succ=0.106 fk=0.611 adapt=0.501 (48s)
  [grid_d9c41d09288f] seed=42 reward=3.222 succ=0.040 fk=0.524 adapt=0.530 (55s)
  [grid_22398665c09d] seed=42 reward=3.044 succ=0.034 fk=0.518 adapt=0.510 (50s)
  [grid_179ae794a4d1] seed=42 reward=3.638 succ=0.116 fk=0.611 adapt=0.501 (54s)
  [grid_174aab22f4f0] seed=42 reward=3.085 succ=0.035 fk=0.520 adapt=0.511 (52s)
  [grid_57848a811450] seed=42 reward=3.288 succ=0.064 fk=0.534 adapt=0.508 (58s)
  [grid_ca5b15eb8cf2] seed=42 reward=3.638 succ=0.116 fk=0.611 adapt=0.501 (50s)
  [grid_f39fce5fd93d] seed=42 reward=3.174 succ=0.052 fk=0.529 adapt=0.540 (55s)
  [grid_5812bb218ca6] seed=42 reward=3.537 succ=0.051 fk=0.549 adapt=0.500 (49s)
  [grid_2c6a5a3ff2c0] seed=42 reward=3.148 succ=0.044 fk=0.531 adapt=0.533 (53s)
  [grid_8e8ae4ed70e7] seed=42 reward=3.574 succ=0.098 fk=0.578 adapt=0.454 (81s)
  [grid_cf364027337e] seed=42 reward=3.391 succ=0.050 fk=0.532 adapt=0.515 (165s)
  [grid_ea363c5c208a] seed=42 reward=3.143 succ=0.022 fk=0.480 adapt=0.231 (109s)
  [grid_b29403dba88c] seed=42 reward=3.644 succ=0.128 fk=0.616 adapt=0.501 (82s)
  [grid_821ed334d9ce] seed=42 reward=3.002 succ=0.010 fk=0.428 adapt=0.138 (166s)
  [grid_2660670bc7f9] seed=42 reward=3.466 succ=0.044 fk=0.527 adapt=0.490 (103s)
  [grid_5f1e35d6f07a] seed=42 reward=3.121 succ=0.015 fk=0.444 adapt=0.259 (81s)
  [grid_df7eb31b0ab1] seed=42 reward=3.194 succ=0.013 fk=0.456 adapt=0.222 (159s)
  [grid_5e5b733f3fbb] seed=42 reward=3.436 succ=0.068 fk=0.549 adapt=0.392 (269s)
  [grid_ce3282e77f51] seed=42 reward=3.364 succ=0.071 fk=0.542 adapt=0.481 (78s)
  [grid_f80a5c0d2771] seed=42 reward=3.458 succ=0.083 fk=0.552 adapt=0.533 (168s)
  [grid_376c97c51b04] seed=42 reward=3.195 succ=0.002 fk=0.361 adapt=0.061 (102s)
  [grid_93edbf465330] seed=42 reward=3.322 succ=0.043 fk=0.497 adapt=0.379 (80s)
  [grid_b3059c2a1f89] seed=42 reward=3.043 succ=0.038 fk=0.483 adapt=0.245 (166s)
  [grid_d70683208aa9] seed=42 reward=3.100 succ=0.017 fk=0.488 adapt=0.305 (107s)
  [grid_0e7957173029] seed=42 reward=3.574 succ=0.096 fk=0.558 adapt=0.537 (160s)
  [grid_adccf082202d] seed=42 reward=3.518 succ=0.023 fk=0.533 adapt=0.483 (164s)
  [grid_44fb010b5d8f] seed=42 reward=3.655 succ=0.140 fk=0.619 adapt=0.526 (68s)
  [grid_489d6a2fe6d4] seed=42 reward=3.240 succ=0.171 fk=0.530 adapt=0.424 (91s)
  [grid_94c029f9afa6] seed=42 reward=3.560 succ=0.131 fk=0.586 adapt=0.537 (71s)
  [grid_458cf777654d] seed=42 reward=3.582 succ=0.112 fk=0.572 adapt=0.488 (100s)
  [grid_4ee582084172] seed=42 reward=3.394 succ=0.074 fk=0.525 adapt=0.503 (67s)
  [grid_21f903b9089e] seed=42 reward=3.246 succ=0.013 fk=0.502 adapt=0.311 (90s)
  [grid_d8493241033d] seed=42 reward=3.507 succ=0.077 fk=0.583 adapt=0.458 (71s)
  [grid_53da3a5a0e7a] seed=42 reward=3.379 succ=0.017 fk=0.477 adapt=0.245 (94s)
  [grid_fcc842ee4a83] seed=42 reward=3.405 succ=0.069 fk=0.529 adapt=0.425 (68s)
  [grid_faa1af61ac32] seed=42 reward=3.464 succ=0.048 fk=0.515 adapt=0.456 (98s)
  [grid_f7f05cb7e089] seed=42 reward=3.410 succ=0.129 fk=0.556 adapt=0.383 (60s)
  [grid_b26b0f1f9656] seed=42 reward=3.647 succ=0.116 fk=0.612 adapt=0.502 (81s)
  [grid_099b33cb0f56] seed=42 reward=3.567 succ=0.059 fk=0.545 adapt=0.499 (156s)
  [grid_e90be2e496e1] seed=42 reward=3.533 succ=0.090 fk=0.536 adapt=0.442 (164s)
  [grid_57c694abc80e] seed=42 reward=3.182 succ=0.004 fk=0.413 adapt=0.162 (164s)
  [grid_6b583ba88402] seed=42 reward=3.629 succ=0.168 fk=0.605 adapt=0.551 (103s)
  [grid_080b8caad636] seed=42 reward=3.641 succ=0.107 fk=0.611 adapt=0.501 (79s)
  [grid_fd6aa3ae6bb4] seed=42 reward=3.288 succ=0.023 fk=0.495 adapt=0.412 (150s)
  [grid_0ee2c842744f] seed=42 reward=3.417 succ=0.049 fk=0.533 adapt=0.241 (96s)
  [grid_c17a03ebe354] seed=42 reward=3.514 succ=0.055 fk=0.520 adapt=0.455 (75s)
  [grid_050a704d766b] seed=42 reward=3.369 succ=0.066 fk=0.521 adapt=0.474 (155s)
  [grid_94a7bf723fa1] seed=42 reward=3.441 succ=0.027 fk=0.492 adapt=0.385 (100s)
  [grid_be91b0f9cbc9] seed=42 reward=3.633 succ=0.106 fk=0.611 adapt=0.501 (74s)
  [grid_f69bcea4240b] seed=42 reward=3.196 succ=0.018 fk=0.458 adapt=0.291 (151s)
  [grid_81eca7cfba7c] seed=42 reward=3.311 succ=0.075 fk=0.547 adapt=0.575 (99s)
  [grid_49aa5912cb46] seed=42 reward=3.556 succ=0.050 fk=0.542 adapt=0.501 (75s)
  [grid_c2fa954a90c1] seed=42 reward=3.354 succ=0.081 fk=0.546 adapt=0.562 (101s)
  [grid_f04b5bf07ddc] seed=42 reward=3.554 succ=0.058 fk=0.549 adapt=0.504 (76s)
  [grid_e5baaf319bdc] seed=42 reward=3.010 succ=0.006 fk=0.415 adapt=0.165 (164s)
  [grid_7ee0117c4919] seed=42 reward=3.409 succ=0.175 fk=0.610 adapt=0.573 (60s)
  [grid_36d378124669] seed=42 reward=3.638 succ=0.116 fk=0.611 adapt=0.501 (70s)
  [grid_c83b35c3b8b8] seed=42 reward=3.202 succ=0.034 fk=0.445 adapt=0.244 (97s)
  [grid_e02e9ab9f28b] seed=42 reward=3.303 succ=0.063 fk=0.530 adapt=0.409 (60s)
  [grid_4a1c06c2f0a8] seed=42 reward=3.297 succ=0.050 fk=0.527 adapt=0.546 (71s)
  [grid_705d23ca5ac4] seed=42 reward=3.087 succ=0.009 fk=0.445 adapt=0.222 (97s)
  [grid_93bc84408225] seed=42 reward=3.375 succ=0.091 fk=0.551 adapt=0.569 (60s)
  [grid_38cc855fcc9f] seed=42 reward=3.633 succ=0.106 fk=0.611 adapt=0.501 (70s)
  [grid_3b4c6d352491] seed=42 reward=3.280 succ=0.030 fk=0.480 adapt=0.392 (97s)
  [grid_4099461643e1] seed=42 reward=3.233 succ=0.080 fk=0.507 adapt=0.389 (70s)
  [grid_734e58a77c5e] seed=42 reward=3.568 succ=0.074 fk=0.562 adapt=0.499 (96s)
  [grid_524f3ee93687] seed=42 reward=3.537 succ=0.051 fk=0.549 adapt=0.500 (59s)
  [grid_d52015a278bd] seed=42 reward=3.256 succ=0.088 fk=0.548 adapt=0.528 (60s)
  [grid_40bb17006bf7] seed=42 reward=3.427 succ=0.082 fk=0.548 adapt=0.532 (61s)
  [grid_65a9d7897309] seed=42 reward=3.232 succ=0.063 fk=0.536 adapt=0.550 (72s)
  [grid_7d43dbf9194f] seed=42 reward=3.535 succ=0.072 fk=0.554 adapt=0.489 (103s)
  [grid_b8a66184cbb0] seed=42 reward=3.382 succ=0.097 fk=0.549 adapt=0.590 (72s)
  [grid_323860a27fd5] seed=42 reward=2.937 succ=0.006 fk=0.422 adapt=0.185 (98s)
  [grid_692561a3b71f] seed=42 reward=3.422 succ=0.044 fk=0.491 adapt=0.289 (72s)
  [grid_b53e1c85c9f7] seed=42 reward=3.127 succ=0.027 fk=0.507 adapt=0.288 (52s)
  [grid_cef8560b814b] seed=42 reward=3.633 succ=0.106 fk=0.611 adapt=0.501 (57s)
  [grid_630c82042c26] seed=42 reward=3.399 succ=0.044 fk=0.527 adapt=0.520 (71s)
  [grid_217fcf96923f] seed=42 reward=3.228 succ=0.051 fk=0.529 adapt=0.524 (51s)
  [grid_0dcc10ad0a68] seed=42 reward=3.638 succ=0.116 fk=0.611 adapt=0.501 (58s)
  [grid_17f5e62d2bd6] seed=42 reward=2.933 succ=0.006 fk=0.415 adapt=0.168 (71s)
  [grid_20885e2362e8] seed=42 reward=3.043 succ=0.021 fk=0.504 adapt=0.249 (53s)
  [grid_468bb84299cf] seed=42 reward=3.604 succ=0.100 fk=0.584 adapt=0.505 (56s)
  [grid_31579da2b982] seed=42 reward=3.401 succ=0.097 fk=0.535 adapt=0.524 (72s)
  [grid_f5ea630e51c2] seed=42 reward=3.113 succ=0.027 fk=0.520 adapt=0.536 (53s)
  [grid_0062a008ae3e] seed=42 reward=3.633 succ=0.106 fk=0.611 adapt=0.501 (57s)
  [grid_325bbf4df884] seed=42 reward=3.025 succ=0.009 fk=0.424 adapt=0.113 (74s)
  [grid_ee354cd6673a] seed=42 reward=3.344 succ=0.042 fk=0.524 adapt=0.518 (54s)
  [grid_65cdda35ca0d] seed=42 reward=3.238 succ=0.056 fk=0.526 adapt=0.548 (60s)
  [grid_a13dd68231a2] seed=42 reward=3.228 succ=0.024 fk=0.478 adapt=0.334 (74s)
  [grid_30a37635ff48] seed=42 reward=3.287 succ=0.013 fk=0.450 adapt=0.273 (54s)
  [grid_6f97ecff117d] seed=42 reward=3.633 succ=0.106 fk=0.611 adapt=0.501 (52s)
  [grid_069dd47395cf] seed=42 reward=3.341 succ=0.063 fk=0.534 adapt=0.543 (60s)
  [grid_4484c8ece6c6] seed=42 reward=3.391 succ=0.090 fk=0.550 adapt=0.566 (64s)
  [grid_ad780c83c7d0] seed=42 reward=3.633 succ=0.106 fk=0.611 adapt=0.501 (67s)
  [grid_60aa8c3abe36] seed=42 reward=3.638 succ=0.116 fk=0.611 adapt=0.501 (63s)
  [grid_027ccf5ee075] seed=42 reward=3.483 succ=0.083 fk=0.576 adapt=0.514 (50s)
  [grid_1fcccb507107] seed=42 reward=3.638 succ=0.116 fk=0.611 adapt=0.501 (46s)
  [grid_4472a26788e5] seed=42 reward=3.638 succ=0.116 fk=0.611 adapt=0.501 (48s)
  [grid_60f07240da7f] seed=42 reward=3.068 succ=0.013 fk=0.458 adapt=0.276 (45s)
  [grid_e22333719947] seed=42 reward=3.641 succ=0.116 fk=0.611 adapt=0.501 (54s)
  [grid_0763dcbb691b] seed=42 reward=3.638 succ=0.116 fk=0.611 adapt=0.501 (53s)
  [grid_1816d1613c3f] seed=42 reward=3.479 succ=0.090 fk=0.544 adapt=0.552 (61s)
  [grid_c893d1cf25b0] seed=42 reward=3.638 succ=0.116 fk=0.611 adapt=0.501 (64s)
  [grid_ffbf14d327ff] seed=42 reward=3.253 succ=0.057 fk=0.529 adapt=0.556 (65s)
  [grid_b7ef6c3854d4] seed=42 reward=3.453 succ=0.085 fk=0.542 adapt=0.554 (62s)
  [grid_b1a9702d9a84] seed=42 reward=3.329 succ=0.076 fk=0.512 adapt=0.435 (65s)
  [grid_c8f308a245cb] seed=42 reward=3.539 succ=0.051 fk=0.549 adapt=0.500 (60s)
  [grid_d5c4f0127c21] seed=42 reward=3.559 succ=0.073 fk=0.568 adapt=0.505 (162s)
  [grid_79191f67fcfe] seed=42 reward=3.505 succ=0.055 fk=0.526 adapt=0.415 (168s)
  [grid_d779a2e02cd6] seed=42 reward=3.424 succ=0.041 fk=0.476 adapt=0.349 (170s)
  [grid_c434a7d96c99] seed=42 reward=3.573 succ=0.086 fk=0.586 adapt=0.506 (99s)
  [grid_5c977430e8bf] seed=42 reward=3.335 succ=0.030 fk=0.498 adapt=0.428 (81s)
  [grid_aae768c91ff5] seed=42 reward=3.520 succ=0.047 fk=0.532 adapt=0.490 (167s)
  [grid_7223d0ae5d12] seed=42 reward=3.492 succ=0.071 fk=0.535 adapt=0.525 (99s)
  [grid_6021bed9af57] seed=42 reward=2.982 succ=0.008 fk=0.450 adapt=0.227 (245s)
  [grid_a4b37cec68a4] seed=42 reward=3.451 succ=0.062 fk=0.543 adapt=0.551 (162s)
  [grid_0d56d0238cab] seed=42 reward=3.471 succ=0.066 fk=0.533 adapt=0.441 (107s)
  [grid_e7df606604ab] seed=42 reward=3.397 succ=0.116 fk=0.547 adapt=0.427 (75s)
  [grid_0773e3e59493] seed=42 reward=3.577 succ=0.087 fk=0.564 adapt=0.525 (167s)
  [grid_0c04d30c3438] seed=42 reward=3.292 succ=0.027 fk=0.524 adapt=0.469 (105s)
  [grid_411f86d7cbf0] seed=42 reward=3.001 succ=0.012 fk=0.462 adapt=0.204 (83s)
  [grid_af1a16c796eb] seed=42 reward=3.559 succ=0.112 fk=0.559 adapt=0.549 (159s)
  [grid_0e6511b41504] seed=42 reward=3.545 succ=0.069 fk=0.541 adapt=0.517 (104s)
  [grid_c6b71e5be206] seed=42 reward=3.265 succ=0.014 fk=0.454 adapt=0.259 (77s)
  [grid_a21cdff693ae] seed=42 reward=3.463 succ=0.097 fk=0.570 adapt=0.548 (96s)
  [grid_d75228cf2ce0] seed=42 reward=3.417 succ=0.131 fk=0.567 adapt=0.472 (66s)
  [grid_64f205f8b3f0] seed=42 reward=3.271 succ=0.067 fk=0.537 adapt=0.516 (58s)
  [grid_e60c7247071a] seed=42 reward=3.638 succ=0.116 fk=0.611 adapt=0.501 (74s)
  [grid_fc3146e06a6e] seed=42 reward=3.056 succ=0.052 fk=0.405 adapt=0.179 (95s)
  [grid_159658c21f33] seed=42 reward=3.411 succ=0.164 fk=0.551 adapt=0.515 (56s)
  [grid_bcaf1f7b1fbc] seed=42 reward=3.565 succ=0.075 fk=0.553 adapt=0.513 (65s)
  [grid_fbac024e71b1] seed=42 reward=3.471 succ=0.054 fk=0.532 adapt=0.473 (95s)
  [grid_a994bb5fc81a] seed=42 reward=3.637 succ=0.108 fk=0.595 adapt=0.504 (57s)
  [grid_f06ea8ccaa92] seed=42 reward=3.308 succ=0.092 fk=0.522 adapt=0.410 (57s)
  [grid_2bf16ee51bb4] seed=42 reward=3.376 succ=0.068 fk=0.529 adapt=0.504 (58s)
  [grid_9deace728f51] seed=42 reward=3.559 succ=0.049 fk=0.546 adapt=0.501 (72s)
  [grid_7c9a3de65fda] seed=42 reward=3.330 succ=0.041 fk=0.494 adapt=0.398 (97s)
  [grid_0f35e9c7ff04] seed=42 reward=3.543 succ=0.051 fk=0.548 adapt=0.500 (104s)
  [grid_eff1f3d30d6d] seed=42 reward=3.633 succ=0.106 fk=0.611 adapt=0.501 (75s)
  [grid_8250b22e54eb] seed=42 reward=3.645 succ=0.128 fk=0.616 adapt=0.502 (78s)
  [grid_62cf960c5240] seed=42 reward=3.536 succ=0.100 fk=0.549 adapt=0.518 (103s)
  [grid_a124265d5c0d] seed=42 reward=3.642 succ=0.107 fk=0.611 adapt=0.500 (80s)
  [grid_24ff286656b0] seed=42 reward=3.272 succ=0.030 fk=0.491 adapt=0.394 (166s)
  [grid_fe817c4fb8de] seed=42 reward=3.197 succ=0.010 fk=0.450 adapt=0.230 (163s)
  [grid_20720d0db643] seed=42 reward=3.475 succ=0.165 fk=0.575 adapt=0.501 (96s)
  [grid_df07ed3bfdb2] seed=42 reward=3.400 succ=0.068 fk=0.545 adapt=0.520 (74s)
  [grid_9b6201b2e876] seed=42 reward=2.929 succ=0.006 fk=0.428 adapt=0.053 (155s)
  [grid_6d175297d536] seed=42 reward=3.123 succ=0.012 fk=0.452 adapt=0.268 (97s)
  [grid_b5236c28946e] seed=42 reward=3.252 succ=0.049 fk=0.483 adapt=0.359 (75s)
  [grid_312773ed9a3b] seed=42 reward=3.174 succ=0.013 fk=0.453 adapt=0.231 (157s)
  [grid_6262f4efefbd] seed=42 reward=3.063 succ=0.008 fk=0.405 adapt=0.055 (97s)
  [grid_c945d5db4f10] seed=42 reward=3.310 succ=0.055 fk=0.529 adapt=0.529 (75s)
  [grid_5b0670dafec0] seed=42 reward=3.328 succ=0.104 fk=0.521 adapt=0.430 (160s)
  [grid_b9ab9545f8de] seed=42 reward=3.475 succ=0.054 fk=0.530 adapt=0.497 (101s)
  [grid_8bc2f965ea9e] seed=42 reward=3.518 succ=0.095 fk=0.532 adapt=0.484 (77s)
  [grid_544272d5459d] seed=42 reward=3.295 succ=0.013 fk=0.457 adapt=0.280 (161s)
  [grid_aee95c2f5bfb] seed=42 reward=3.638 succ=0.116 fk=0.611 adapt=0.501 (71s)
  [grid_f29d79acb38b] seed=42 reward=3.254 succ=0.086 fk=0.522 adapt=0.440 (97s)
  [grid_e39897501f4e] seed=42 reward=3.402 succ=0.109 fk=0.546 adapt=0.307 (70s)
  [grid_74e1c87f4103] seed=42 reward=3.536 succ=0.053 fk=0.534 adapt=0.498 (96s)
  [grid_ac220656977c] seed=42 reward=3.633 succ=0.106 fk=0.611 adapt=0.501 (59s)
  [grid_a5c0d6d3000f] seed=42 reward=3.549 succ=0.049 fk=0.548 adapt=0.500 (71s)
  [grid_ccb95e3c4159] seed=42 reward=3.633 succ=0.106 fk=0.611 adapt=0.501 (97s)
  [grid_969df4a83d2c] seed=42 reward=3.197 succ=0.042 fk=0.518 adapt=0.499 (60s)
  [grid_56566f1ac6e5] seed=42 reward=3.347 succ=0.071 fk=0.505 adapt=0.429 (70s)
  [grid_9fdcd1003c86] seed=42 reward=3.638 succ=0.120 fk=0.597 adapt=0.513 (97s)
  [grid_5773fd50e5ed] seed=42 reward=3.542 succ=0.047 fk=0.549 adapt=0.500 (59s)
  [grid_79c60616c46c] seed=42 reward=3.177 succ=0.019 fk=0.484 adapt=0.296 (71s)
  [grid_e9d8df84901c] seed=42 reward=3.381 succ=0.090 fk=0.543 adapt=0.569 (100s)
  [grid_143201caea09] seed=42 reward=3.283 succ=0.074 fk=0.540 adapt=0.553 (72s)
  [grid_c2b12b391fcd] seed=42 reward=3.433 succ=0.080 fk=0.541 adapt=0.548 (102s)
  [grid_944d353c5986] seed=42 reward=3.537 succ=0.048 fk=0.549 adapt=0.501 (62s)
  [grid_1c414f20c9d4] seed=42 reward=3.633 succ=0.106 fk=0.611 adapt=0.501 (53s)
  [grid_02ff61071c3d] seed=42 reward=3.570 succ=0.098 fk=0.578 adapt=0.502 (58s)
  [grid_4de2e52bf564] seed=42 reward=3.542 succ=0.047 fk=0.549 adapt=0.500 (71s)
  [grid_12d5044ef4d1] seed=42 reward=3.271 succ=0.123 fk=0.542 adapt=0.482 (71s)
  [grid_b1ece9ad415b] seed=42 reward=3.067 succ=0.025 fk=0.518 adapt=0.522 (71s)
  [grid_b89fd77c2d28] seed=42 reward=3.105 succ=0.027 fk=0.508 adapt=0.247 (52s)
  [grid_b86175209455] seed=42 reward=3.638 succ=0.116 fk=0.611 adapt=0.501 (59s)
  [grid_3b857328bf97] seed=42 reward=3.267 succ=0.023 fk=0.466 adapt=0.296 (70s)
  [grid_016da6a64925] seed=42 reward=3.542 succ=0.047 fk=0.549 adapt=0.500 (53s)
  [grid_6821b7049f4e] seed=42 reward=3.642 succ=0.116 fk=0.611 adapt=0.501 (58s)
  [grid_890dc50b5c5d] seed=42 reward=3.488 succ=0.138 fk=0.569 adapt=0.584 (71s)
  [grid_5c36bdda722e] seed=42 reward=3.637 succ=0.107 fk=0.611 adapt=0.501 (54s)
  [grid_a29a8bcd204e] seed=42 reward=3.633 succ=0.106 fk=0.611 adapt=0.501 (58s)
  [grid_0b67fc491532] seed=42 reward=3.499 succ=0.085 fk=0.558 adapt=0.517 (53s)
  [grid_0c14990fdb58] seed=42 reward=3.165 succ=0.049 fk=0.525 adapt=0.541 (60s)
  [grid_3402b36a662a] seed=42 reward=3.443 succ=0.065 fk=0.531 adapt=0.511 (76s)
  [grid_e5684c52b221] seed=42 reward=3.354 succ=0.092 fk=0.552 adapt=0.576 (59s)
  [grid_9eabbd38021a] seed=42 reward=3.572 succ=0.099 fk=0.565 adapt=0.529 (72s)
  [grid_77f41b1f8aa0] seed=42 reward=3.638 succ=0.116 fk=0.611 adapt=0.501 (61s)
  [grid_962fb24b4ef1] seed=42 reward=3.636 succ=0.117 fk=0.616 adapt=0.501 (49s)
  [grid_c41853f63a86] seed=42 reward=3.638 succ=0.116 fk=0.611 adapt=0.501 (52s)
  [grid_08ca35b1188b] seed=42 reward=3.638 succ=0.116 fk=0.611 adapt=0.501 (68s)
  [grid_bb782a3f7683] seed=42 reward=3.179 succ=0.061 fk=0.533 adapt=0.522 (63s)
  [grid_5708a696fcea] seed=42 reward=2.820 succ=0.018 fk=0.486 adapt=0.324 (50s)
  [grid_187c401a6090] seed=42 reward=3.636 succ=0.117 fk=0.616 adapt=0.501 (49s)
  [grid_9250c29c1af2] seed=42 reward=3.025 succ=0.009 fk=0.451 adapt=0.229 (56s)
  [grid_1c2793cb98df] seed=42 reward=3.530 succ=0.081 fk=0.585 adapt=0.337 (55s)
  [grid_e43c3572ffe4] seed=42 reward=3.361 succ=0.085 fk=0.549 adapt=0.575 (64s)
  [grid_cc283caea682] seed=42 reward=3.638 succ=0.116 fk=0.611 adapt=0.501 (63s)
  [grid_4596e98dcff2] seed=42 reward=3.261 succ=0.016 fk=0.475 adapt=0.324 (62s)
  [grid_c563e74efe7e] seed=42 reward=3.478 succ=0.078 fk=0.537 adapt=0.538 (63s)
  [grid_3c3f7ce0fa5e] seed=42 reward=3.287 succ=0.057 fk=0.531 adapt=0.557 (68s)
  [grid_bbff0f78e33b] seed=42 reward=3.419 succ=0.098 fk=0.558 adapt=0.599 (61s)
  [grid_e0ade9fae51b] seed=42 reward=3.337 succ=0.066 fk=0.509 adapt=0.436 (64s)
  [grid_fa25921bcdd4] seed=42 reward=3.587 succ=0.124 fk=0.563 adapt=0.549 (62s)
  [grid_4b408abc71f4] seed=42 reward=3.429 succ=0.061 fk=0.523 adapt=0.240 (167s)
  [grid_4300e027be0a] seed=42 reward=3.610 succ=0.092 fk=0.597 adapt=0.459 (103s)
  [grid_73a063e4a6ee] seed=42 reward=3.637 succ=0.107 fk=0.611 adapt=0.501 (85s)
  [grid_0b1f148fc508] seed=42 reward=3.305 succ=0.016 fk=0.492 adapt=0.325 (167s)
  [grid_f167c429a5f4] seed=42 reward=3.571 succ=0.173 fk=0.604 adapt=0.592 (104s)
  [grid_2eb43f9dd4ba] seed=42 reward=3.340 succ=0.038 fk=0.476 adapt=0.321 (78s)
  [grid_622155567b12] seed=42 reward=3.434 succ=0.029 fk=0.528 adapt=0.282 (168s)
  [grid_c88ebb984e06] seed=42 reward=3.549 succ=0.062 fk=0.549 adapt=0.499 (97s)
  [grid_af1baf06a514] seed=42 reward=3.178 succ=0.039 fk=0.515 adapt=0.463 (247s)
  [grid_8975fb2fcbb0] seed=42 reward=3.407 succ=0.050 fk=0.537 adapt=0.538 (167s)
  [grid_74ef5ae117fe] seed=42 reward=3.163 succ=0.001 fk=0.364 adapt=0.062 (106s)
  [grid_91bbc6ae896e] seed=42 reward=3.533 succ=0.034 fk=0.558 adapt=0.442 (78s)
  [grid_d8af97043f38] seed=42 reward=3.431 succ=0.042 fk=0.548 adapt=0.456 (166s)
  [grid_df501e2f63d0] seed=42 reward=3.296 succ=0.072 fk=0.541 adapt=0.551 (110s)
  [grid_f3cd1c8950bf] seed=42 reward=3.640 succ=0.112 fk=0.603 adapt=0.505 (80s)
  [grid_64cd8735217b] seed=42 reward=3.323 succ=0.051 fk=0.522 adapt=0.499 (76s)
  [grid_0c7bd63d5b90] seed=42 reward=3.492 succ=0.113 fk=0.555 adapt=0.510 (168s)
  [grid_5e13c4d39b0c] seed=42 reward=3.365 succ=0.030 fk=0.530 adapt=0.519 (98s)
  [grid_21e07951b8c5] seed=42 reward=3.551 succ=0.074 fk=0.559 adapt=0.507 (67s)
  [grid_357aed155906] seed=42 reward=3.515 succ=0.057 fk=0.561 adapt=0.479 (94s)
  [grid_420fa3c79c8c] seed=42 reward=3.638 succ=0.116 fk=0.611 adapt=0.501 (62s)
  [grid_488876608450] seed=42 reward=3.367 succ=0.057 fk=0.539 adapt=0.499 (71s)
  [grid_860444507fc2] seed=42 reward=3.280 succ=0.035 fk=0.512 adapt=0.428 (92s)
  [grid_b429bfeeb194] seed=42 reward=3.298 succ=0.067 fk=0.539 adapt=0.555 (55s)
  [grid_2faa4a091d35] seed=42 reward=3.545 succ=0.073 fk=0.539 adapt=0.513 (70s)
  [grid_dac70a8dd0a3] seed=42 reward=3.587 succ=0.055 fk=0.575 adapt=0.495 (95s)
  [grid_8635c0cc39aa] seed=42 reward=3.436 succ=0.016 fk=0.496 adapt=0.345 (69s)
  [grid_3afea20b8467] seed=42 reward=3.461 succ=0.075 fk=0.535 adapt=0.514 (100s)
  [grid_836c752b674d] seed=42 reward=3.357 succ=0.107 fk=0.527 adapt=0.395 (59s)
  [grid_bd85da753d14] seed=42 reward=3.542 succ=0.047 fk=0.549 adapt=0.500 (58s)
  [grid_02f3dc2652c5] seed=42 reward=3.532 succ=0.097 fk=0.574 adapt=0.501 (67s)
  [grid_eef117406bf3] seed=42 reward=3.123 succ=0.003 fk=0.391 adapt=0.070 (93s)
  [grid_9f0a1bb4dff2] seed=42 reward=3.271 succ=0.080 fk=0.534 adapt=0.510 (58s)
  [grid_c76807fd234b] seed=42 reward=3.230 succ=0.002 fk=0.393 adapt=0.129 (73s)
  [grid_e2f458295644] seed=42 reward=3.234 succ=0.020 fk=0.475 adapt=0.274 (93s)
  [grid_7f50d17c752a] seed=42 reward=3.218 succ=0.031 fk=0.472 adapt=0.295 (59s)
  [grid_07a56b884fbb] seed=42 reward=3.289 succ=0.063 fk=0.536 adapt=0.550 (69s)
  [grid_f5a59d2ce2b1] seed=42 reward=3.300 succ=0.017 fk=0.480 adapt=0.331 (97s)
  [grid_7c37e3d55415] seed=42 reward=3.348 succ=0.041 fk=0.516 adapt=0.426 (58s)
  [grid_58ba63c5e0f4] seed=42 reward=3.447 succ=0.058 fk=0.529 adapt=0.518 (67s)
  [grid_9f4665b88aa7] seed=42 reward=3.197 succ=0.014 fk=0.465 adapt=0.357 (93s)
  [grid_3d7e8bc06271] seed=42 reward=3.501 succ=0.151 fk=0.582 adapt=0.585 (53s)
  [grid_0d14990689b6] seed=42 reward=3.603 succ=0.172 fk=0.600 adapt=0.581 (48s)
  [grid_f8855591de88] seed=42 reward=3.638 succ=0.116 fk=0.611 adapt=0.501 (55s)
  [grid_3683b227876b] seed=42 reward=3.271 succ=0.142 fk=0.594 adapt=0.388 (68s)
  [grid_f6baccb2aa0e] seed=42 reward=3.193 succ=0.046 fk=0.495 adapt=0.423 (49s)
  [grid_86577bc67ce7] seed=42 reward=3.637 succ=0.114 fk=0.611 adapt=0.501 (56s)
  [grid_356e0c637d58] seed=42 reward=3.230 succ=0.031 fk=0.480 adapt=0.260 (67s)
  [grid_55dcbd10d7ca] seed=42 reward=3.661 succ=0.191 fk=0.634 adapt=0.565 (48s)
  [grid_6e86d6c43342] seed=42 reward=3.615 succ=0.110 fk=0.589 adapt=0.499 (55s)
  [grid_1b047c091fbb] seed=42 reward=3.360 succ=0.052 fk=0.532 adapt=0.472 (69s)
  [grid_81538fb8c68c] seed=42 reward=3.292 succ=0.072 fk=0.536 adapt=0.551 (52s)
  [grid_6c1420b09c74] seed=42 reward=3.472 succ=0.080 fk=0.550 adapt=0.455 (55s)
  [grid_3ea8e44e9044] seed=42 reward=3.092 succ=0.009 fk=0.431 adapt=0.167 (49s)
  [grid_9cb127611f83] seed=42 reward=3.325 succ=0.057 fk=0.534 adapt=0.540 (54s)
  [grid_47b2256996b4] seed=42 reward=3.187 succ=0.026 fk=0.489 adapt=0.358 (72s)
  [grid_138a6be7ff99] seed=42 reward=3.402 succ=0.028 fk=0.492 adapt=0.379 (50s)
  [grid_cd5479f75717] seed=42 reward=3.548 succ=0.044 fk=0.541 adapt=0.495 (48s)
  [grid_595899f22d26] seed=42 reward=3.371 succ=0.016 fk=0.498 adapt=0.406 (55s)
  [grid_aed931cd59b0] seed=42 reward=3.652 succ=0.118 fk=0.613 adapt=0.510 (58s)
  [grid_36b6ccbcf7bf] seed=42 reward=3.633 succ=0.106 fk=0.611 adapt=0.501 (44s)
  [grid_ba35361064e4] seed=42 reward=3.457 succ=0.228 fk=0.621 adapt=0.620 (48s)
  [grid_346f2fc82781] seed=42 reward=3.635 succ=0.116 fk=0.611 adapt=0.495 (45s)
  [grid_f8aa528102fc] seed=42 reward=3.423 succ=0.089 fk=0.556 adapt=0.572 (51s)
  [grid_556da1839df9] seed=42 reward=3.024 succ=0.037 fk=0.504 adapt=0.392 (48s)
  [grid_b7d5482ea8b6] seed=42 reward=3.636 succ=0.117 fk=0.616 adapt=0.501 (51s)
  [grid_355f7d9ada47] seed=42 reward=3.633 succ=0.106 fk=0.611 adapt=0.501 (47s)
  [grid_6175844c815d] seed=42 reward=3.568 succ=0.169 fk=0.592 adapt=0.496 (51s)
  [grid_ec34c1eedaa3] seed=42 reward=3.334 succ=0.078 fk=0.546 adapt=0.566 (48s)
  [grid_6057b4020f70] seed=42 reward=3.064 succ=0.025 fk=0.465 adapt=0.281 (51s)
  [grid_d883bcaf531b] seed=42 reward=3.167 succ=0.045 fk=0.524 adapt=0.521 (47s)
  [grid_a3e06b461fe1] seed=42 reward=3.633 succ=0.106 fk=0.611 adapt=0.501 (51s)
  [grid_fa345c826ffb] seed=42 reward=3.179 succ=0.033 fk=0.484 adapt=0.377 (49s)
  [grid_ba9e7c9d6c12] seed=42 reward=3.261 succ=0.071 fk=0.539 adapt=0.550 (54s)
  [grid_6c3fb8f5ba74] seed=42 reward=3.547 succ=0.054 fk=0.533 adapt=0.482 (49s)
  [grid_27697309be79] seed=42 reward=3.327 succ=0.079 fk=0.543 adapt=0.562 (50s)
  [grid_69ee2a240129] seed=42 reward=3.538 succ=0.049 fk=0.535 adapt=0.503 (46s)
  [grid_ff57f8b27aa1] seed=42 reward=3.495 succ=0.169 fk=0.568 adapt=0.562 (49s)
  [grid_44e7fb8c1c53] seed=42 reward=3.644 succ=0.114 fk=0.610 adapt=0.501 (73s)
  [grid_55536f0b9c7e] seed=42 reward=2.920 succ=0.011 fk=0.417 adapt=0.098 (153s)
  [grid_d7182eb01660] seed=42 reward=3.246 succ=0.014 fk=0.417 adapt=0.189 (97s)
  [grid_be89be64d909] seed=42 reward=3.619 succ=0.225 fk=0.614 adapt=0.566 (77s)
  [grid_ca8c2c543d24] seed=42 reward=3.085 succ=0.003 fk=0.419 adapt=0.122 (158s)
  [grid_7c668e9ff2a7] seed=42 reward=3.544 succ=0.086 fk=0.585 adapt=0.490 (102s)
  [grid_62aafb88b8fc] seed=42 reward=3.323 succ=0.054 fk=0.520 adapt=0.469 (77s)
  [grid_9074d4f338a5] seed=42 reward=3.122 succ=0.009 fk=0.443 adapt=0.148 (159s)
  [grid_1bf608234690] seed=42 reward=3.365 succ=0.061 fk=0.527 adapt=0.382 (101s)
  [grid_5e70a409fca3] seed=42 reward=3.284 succ=0.060 fk=0.509 adapt=0.395 (77s)
  [grid_6c41b2669243] seed=42 reward=3.477 succ=0.087 fk=0.552 adapt=0.543 (167s)
  [grid_3d653d780cd3] seed=42 reward=3.162 succ=0.002 fk=0.355 adapt=0.045 (99s)
  [grid_8a319eb7014c] seed=42 reward=3.190 succ=0.015 fk=0.451 adapt=0.251 (73s)
  [grid_4d523a3612c3] seed=42 reward=3.075 succ=0.013 fk=0.453 adapt=0.196 (153s)
  [grid_cee67e75573f] seed=42 reward=3.240 succ=0.029 fk=0.504 adapt=0.398 (102s)
  [grid_4ee8d3955bd3] seed=42 reward=3.468 succ=0.031 fk=0.514 adapt=0.426 (78s)
  [grid_3434f55619f5] seed=42 reward=3.371 succ=0.014 fk=0.490 adapt=0.365 (169s)
  [grid_fe8d62c13a33] seed=42 reward=3.409 succ=0.048 fk=0.527 adapt=0.488 (101s)
  [grid_1f225f18dbb1] seed=42 reward=3.603 succ=0.103 fk=0.582 adapt=0.509 (58s)
  [grid_b4228691fec5] seed=42 reward=3.401 succ=0.157 fk=0.570 adapt=0.558 (93s)
  [grid_9771c923f0a3] seed=42 reward=3.326 succ=0.031 fk=0.507 adapt=0.421 (72s)
  [grid_6360036010b0] seed=42 reward=3.489 succ=0.102 fk=0.599 adapt=0.517 (94s)
  [grid_185a1c3fc909] seed=42 reward=3.548 succ=0.114 fk=0.560 adapt=0.497 (58s)
  [grid_2381a0af835b] seed=42 reward=3.297 succ=0.113 fk=0.541 adapt=0.513 (56s)
  [grid_6ccfcfd5239e] seed=42 reward=3.577 succ=0.206 fk=0.602 adapt=0.598 (68s)
  [grid_e4a7bfd3e33a] seed=42 reward=3.157 succ=0.007 fk=0.446 adapt=0.212 (93s)
  [grid_c45ce10989db] seed=42 reward=3.403 succ=0.054 fk=0.542 adapt=0.491 (57s)
  [grid_00bc4637a2ce] seed=42 reward=3.503 succ=0.095 fk=0.568 adapt=0.479 (70s)
  [grid_7b0c55a3d6b8] seed=42 reward=3.450 succ=0.079 fk=0.544 adapt=0.538 (91s)
  [grid_27f6d9bf7c59] seed=42 reward=3.244 succ=0.004 fk=0.425 adapt=0.176 (72s)
  [grid_4b59cc857f0c] seed=42 reward=3.548 succ=0.053 fk=0.547 adapt=0.500 (104s)
  [grid_88aa5540c0a6] seed=42 reward=3.331 succ=0.080 fk=0.542 adapt=0.511 (87s)
  [grid_6cf9b59b918f] seed=42 reward=3.531 succ=0.074 fk=0.537 adapt=0.489 (112s)
  [grid_58c6a230da17] seed=42 reward=3.439 succ=0.075 fk=0.542 adapt=0.479 (57s)
  [grid_2a6c3c7d3471] seed=42 reward=3.517 succ=0.053 fk=0.545 adapt=0.492 (66s)
  [grid_557ba76944e1] seed=42 reward=3.287 succ=0.045 fk=0.519 adapt=0.409 (92s)
  [grid_247c1130b506] seed=42 reward=3.530 succ=0.344 fk=0.672 adapt=0.674 (47s)
  [grid_684d060e2519] seed=42 reward=3.565 succ=0.051 fk=0.554 adapt=0.501 (53s)
  [grid_b873ab5182bd] seed=42 reward=3.642 succ=0.107 fk=0.611 adapt=0.500 (56s)
  [grid_c47b205d307d] seed=42 reward=3.078 succ=0.012 fk=0.436 adapt=0.149 (67s)
  [grid_b65e21871530] seed=42 reward=3.499 succ=0.146 fk=0.563 adapt=0.528 (48s)
  [grid_91d34783d874] seed=42 reward=3.644 succ=0.113 fk=0.612 adapt=0.502 (47s)
  [grid_f6219db08c17] seed=42 reward=3.307 succ=0.010 fk=0.485 adapt=0.140 (53s)
  [grid_22dd60de2c1c] seed=42 reward=3.522 succ=0.051 fk=0.529 adapt=0.461 (68s)
  [grid_8659bd51df69] seed=42 reward=3.530 succ=0.053 fk=0.538 adapt=0.490 (49s)
  [grid_fea481f176eb] seed=42 reward=3.517 succ=0.082 fk=0.557 adapt=0.488 (56s)
  [grid_6f9737ddac5e] seed=42 reward=3.622 succ=0.110 fk=0.581 adapt=0.514 (71s)
  [grid_787572111a69] seed=42 reward=3.542 succ=0.047 fk=0.549 adapt=0.500 (50s)
  [grid_25d99610ee03] seed=42 reward=3.185 succ=0.002 fk=0.334 adapt=0.002 (55s)
  [grid_af7c5ce11ece] seed=42 reward=3.487 succ=0.067 fk=0.533 adapt=0.506 (70s)
  [grid_edf39cac4b64] seed=42 reward=3.524 succ=0.098 fk=0.563 adapt=0.519 (51s)
  [grid_df9e82c1f981] seed=42 reward=3.460 succ=0.025 fk=0.517 adapt=0.455 (56s)
  [grid_a735a1ccbd5a] seed=42 reward=3.555 succ=0.058 fk=0.553 adapt=0.504 (70s)  [grid_acc237fad3fc] seed=42 reward=3.662 succ=0.186 fk=0.633 adapt=0.564 (69s)
  [grid_725ae1d61c03] seed=42 reward=3.226 succ=0.009 fk=0.426 adapt=0.120 (95s)
  [grid_6022d4d0e067] seed=42 reward=3.412 succ=0.042 fk=0.516 adapt=0.451 (69s)
  [grid_1651cb760f02] seed=42 reward=3.567 succ=0.049 fk=0.542 adapt=0.503 (102s)
  [grid_d91604066384] seed=42 reward=3.541 succ=0.047 fk=0.549 adapt=0.500 (70s)
  [grid_9db54017ee95] seed=42 reward=3.404 succ=0.048 fk=0.536 adapt=0.497 (98s)
  [grid_dba76845bef6] seed=42 reward=3.261 succ=0.061 fk=0.541 adapt=0.531 (69s)
  [grid_6deb85efb352] seed=42 reward=3.573 succ=0.071 fk=0.556 adapt=0.513 (92s)
  [grid_9183b40d0244] seed=42 reward=3.559 succ=0.085 fk=0.541 adapt=0.491 (57s)
  [grid_dd5199bff59a] seed=42 reward=3.512 succ=0.127 fk=0.557 adapt=0.554 (66s)
  [grid_fc60267d01fd] seed=42 reward=3.594 succ=0.077 fk=0.582 adapt=0.506 (70s)
  [grid_7927612cac69] seed=42 reward=3.638 succ=0.116 fk=0.611 adapt=0.501 (49s)
  [grid_91ce4e1ec5c9] seed=42 reward=3.547 succ=0.046 fk=0.553 adapt=0.494 (53s)
  [grid_25b78e7720b4] seed=42 reward=3.531 succ=0.047 fk=0.537 adapt=0.492 (68s)
  [grid_a587b0201e5d] seed=42 reward=3.118 succ=0.031 fk=0.460 adapt=0.264 (70s)
  [grid_fcbdfb505677] seed=42 reward=3.496 succ=0.215 fk=0.604 adapt=0.659 (50s)
  [grid_8597284694ed] seed=42 reward=3.647 succ=0.117 fk=0.609 adapt=0.519 (57s)
  [grid_627d11e07fac] seed=42 reward=3.067 succ=0.007 fk=0.421 adapt=0.114 (66s)
  [grid_bd98dc7dfd36] seed=42 reward=3.413 succ=0.092 fk=0.547 adapt=0.570 (49s)
  [grid_8d8d61c58261] seed=42 reward=3.430 succ=0.080 fk=0.527 adapt=0.350 (57s)
  [grid_98b3747ccabf] seed=42 reward=3.558 succ=0.059 fk=0.552 adapt=0.506 (50s)
  [grid_b440d8fc824b] seed=42 reward=3.335 succ=0.009 fk=0.455 adapt=0.276 (56s)
  [grid_9ca635ecd201] seed=42 reward=3.551 succ=0.061 fk=0.553 adapt=0.507 (71s)
  [grid_be2ac28b86c6] seed=42 reward=3.369 succ=0.039 fk=0.531 adapt=0.502 (50s)
  [grid_ab614d5513b7] seed=42 reward=3.241 succ=0.064 fk=0.534 adapt=0.547 (56s)
  [grid_56a3718ffa67] seed=42 reward=3.562 succ=0.055 fk=0.544 adapt=0.492 (73s)
  [grid_86d0d9c34d76] seed=42 reward=3.335 succ=0.045 fk=0.522 adapt=0.528 (50s)
  [grid_ae0b891dee4f] seed=42 reward=3.411 succ=0.079 fk=0.544 adapt=0.558 (55s)
  [grid_960541203556] seed=42 reward=3.452 succ=0.056 fk=0.535 adapt=0.426 (57s)
  [grid_72900541603b] seed=42 reward=3.633 succ=0.106 fk=0.611 adapt=0.501 (45s)
  [grid_1f0c0262a756] seed=42 reward=3.413 succ=0.095 fk=0.556 adapt=0.582 (49s)
  [grid_96527e7e2aa9] seed=42 reward=3.633 succ=0.106 fk=0.611 adapt=0.501 (45s)
  [grid_b609474f346c] seed=42 reward=3.538 succ=0.125 fk=0.564 adapt=0.548 (49s)
  [grid_7786eda8fb1c] seed=42 reward=3.331 succ=0.060 fk=0.535 adapt=0.524 (50s)
  [grid_fc5c324e308c] seed=42 reward=3.646 succ=0.113 fk=0.612 adapt=0.501 (51s)
  [grid_8a7d97b53731] seed=42 reward=3.520 succ=0.223 fk=0.620 adapt=0.545 (48s)
  [grid_5eaf033dd9fe] seed=42 reward=3.636 succ=0.117 fk=0.616 adapt=0.501 (51s)
  [grid_19490ceb73db] seed=42 reward=3.463 succ=0.125 fk=0.568 adapt=0.597 (49s)
  [grid_a8c19d8bc365] seed=42 reward=3.453 succ=0.049 fk=0.527 adapt=0.494 (61s)
  [grid_e3b58d0b9281] seed=42 reward=3.397 succ=0.056 fk=0.541 adapt=0.535 (60s)
  [grid_5dc0c50228fa] seed=42 reward=3.568 succ=0.082 fk=0.544 adapt=0.515 (60s)
  [grid_3a9d0f8b20b9] seed=42 reward=2.869 succ=0.005 fk=0.407 adapt=0.054 (61s)
  [grid_6566129d633b] seed=42 reward=3.223 succ=0.048 fk=0.502 adapt=0.433 (62s)
  [grid_b61534b378af] seed=42 reward=3.564 succ=0.075 fk=0.555 adapt=0.513 (59s)
  [grid_a629b22b6429] seed=42 reward=3.586 succ=0.110 fk=0.569 adapt=0.536 (58s)
  [grid_61e356361ab2] seed=42 reward=3.211 succ=0.036 fk=0.467 adapt=0.262 (58s)
  [grid_cc81fecc1885] seed=42 reward=3.499 succ=0.038 fk=0.538 adapt=0.503 (99s)
  [grid_754d61e28b49] seed=42 reward=3.474 succ=0.103 fk=0.566 adapt=0.586 (96s)
  [grid_1220ff0200b6] seed=42 reward=3.423 succ=0.073 fk=0.549 adapt=0.518 (75s)
  [grid_e19b2427270b] seed=42 reward=3.534 succ=0.049 fk=0.537 adapt=0.483 (75s)
  [grid_dad2d3cc8c00] seed=42 reward=3.136 succ=0.038 fk=0.455 adapt=0.207 (160s)
  [grid_57fd0dfec702] seed=42 reward=3.199 succ=0.036 fk=0.488 adapt=0.227 (102s)
  [grid_9af478d5ae2f] seed=42 reward=3.546 succ=0.052 fk=0.540 adapt=0.505 (77s)
  [grid_057d60102b4b] seed=42 reward=3.183 succ=0.021 fk=0.479 adapt=0.284 (160s)
  [grid_33ccf6e833e2] seed=42 reward=3.112 succ=0.018 fk=0.496 adapt=0.226 (102s)
  [grid_e21b52a4f630] seed=42 reward=3.398 succ=0.058 fk=0.514 adapt=0.466 (78s)
  [grid_61cae6ec81d7] seed=42 reward=3.378 succ=0.054 fk=0.537 adapt=0.531 (168s)
  [grid_b7190b66bdca] seed=42 reward=3.384 succ=0.018 fk=0.497 adapt=0.401 (99s)
  [grid_1133c24f4e74] seed=42 reward=3.533 succ=0.071 fk=0.531 adapt=0.476 (74s)
  [grid_d8a730dca6a3] seed=42 reward=3.408 succ=0.066 fk=0.513 adapt=0.455 (74s)
  [grid_94f9cc9e6c99] seed=42 reward=3.566 succ=0.047 fk=0.542 adapt=0.499 (160s)
  [grid_6ea23f2a4f49] seed=42 reward=3.476 succ=0.063 fk=0.548 adapt=0.511 (103s)
  [grid_c32a2591450f] seed=42 reward=3.357 succ=0.050 fk=0.529 adapt=0.434 (81s)
  [grid_b3b2233401a1] seed=42 reward=3.552 succ=0.051 fk=0.549 adapt=0.502 (170s)
  [grid_f0124d9e7605] seed=42 reward=3.445 succ=0.075 fk=0.561 adapt=0.529 (70s)
  [grid_1994c2220c20] seed=42 reward=3.467 succ=0.050 fk=0.534 adapt=0.480 (69s)
  [grid_a075846b5066] seed=42 reward=3.597 succ=0.097 fk=0.581 adapt=0.498 (58s)
  [grid_1f881b449bcb] seed=42 reward=3.569 succ=0.071 fk=0.576 adapt=0.487 (60s)
  [grid_caf3532a2bff] seed=42 reward=3.636 succ=0.117 fk=0.616 adapt=0.501 (57s)
  [grid_9b985247b071] seed=42 reward=3.129 succ=0.003 fk=0.382 adapt=0.021 (69s)
  [grid_59aa5a037283] seed=42 reward=3.345 succ=0.038 fk=0.525 adapt=0.363 (92s)
  [grid_3d776799840f] seed=42 reward=3.460 succ=0.150 fk=0.577 adapt=0.608 (58s)
  [grid_edebe58179b0] seed=42 reward=3.305 succ=0.059 fk=0.511 adapt=0.428 (68s)
  [grid_b65290a29dc1] seed=42 reward=3.549 succ=0.052 fk=0.553 adapt=0.487 (93s)
  [grid_f94028a1feb2] seed=42 reward=3.182 succ=0.069 fk=0.547 adapt=0.471 (59s)
  [grid_5c3c4b21fa14] seed=42 reward=3.324 succ=0.041 fk=0.500 adapt=0.405 (67s)
  [grid_944eec40c0c3] seed=42 reward=3.543 succ=0.062 fk=0.533 adapt=0.491 (97s)
  [grid_a24636c68416] seed=42 reward=3.518 succ=0.050 fk=0.544 adapt=0.478 (59s)
  [grid_df3ac1e17c2f] seed=42 reward=3.193 succ=0.012 fk=0.438 adapt=0.135 (82s)
  [grid_a825a895e5bd] seed=42 reward=3.567 succ=0.061 fk=0.542 adapt=0.508 (127s)
  [grid_858dd63abcf8] seed=42 reward=3.361 succ=0.040 fk=0.521 adapt=0.495 (70s)
  [grid_e2aca59a4f25] seed=42 reward=3.411 succ=0.104 fk=0.537 adapt=0.459 (93s)
  [grid_36a82b239522] seed=42 reward=3.356 succ=0.025 fk=0.512 adapt=0.438 (67s)
  [grid_ef17de1864f5] seed=42 reward=3.597 succ=0.105 fk=0.584 adapt=0.501 (67s)
  [grid_cc132814021f] seed=42 reward=3.506 succ=0.052 fk=0.542 adapt=0.498 (66s)
  [grid_be0da142da74] seed=42 reward=3.633 succ=0.106 fk=0.611 adapt=0.501 (50s)
  [grid_e39c3aeac664] seed=42 reward=3.478 succ=0.024 fk=0.554 adapt=0.331 (55s)
  [grid_9ffd1489d4d0] seed=42 reward=3.434 succ=0.028 fk=0.481 adapt=0.353 (66s)
  [grid_91cc46b75c1d] seed=42 reward=3.561 succ=0.069 fk=0.548 adapt=0.507 (53s)
  [grid_9ec87009c683] seed=42 reward=3.306 succ=0.010 fk=0.416 adapt=0.162 (66s)
  [grid_4460b50c655f] seed=42 reward=3.360 succ=0.059 fk=0.522 adapt=0.463 (50s)
  [grid_4b63508ca43d] seed=42 reward=3.467 succ=0.056 fk=0.533 adapt=0.445 (55s)
  [grid_73cb1b8a5f93] seed=42 reward=3.478 succ=0.136 fk=0.564 adapt=0.587 (71s)
  [grid_871a8bef0a95] seed=42 reward=3.300 succ=0.088 fk=0.537 adapt=0.394 (52s)
  [grid_585f491df0cf] seed=42 reward=3.587 succ=0.072 fk=0.584 adapt=0.410 (56s)
  [grid_19388ea9b0b4] seed=42 reward=3.218 succ=0.016 fk=0.459 adapt=0.273 (71s)
  [grid_7cbe5364f930] seed=42 reward=3.380 succ=0.064 fk=0.540 adapt=0.479 (51s)
  [grid_2f9424c39956] seed=42 reward=3.351 succ=0.072 fk=0.543 adapt=0.510 (58s)
  [grid_2df10faa475e] seed=42 reward=3.364 succ=0.065 fk=0.513 adapt=0.436 (73s)
  [grid_9e59fbc37694] seed=42 reward=3.542 succ=0.049 fk=0.545 adapt=0.492 (51s)
  [grid_d2dd2bf4eedb] seed=42 reward=3.614 succ=0.106 fk=0.608 adapt=0.489 (50s)
  [grid_7e9c3518f43d] seed=42 reward=3.468 succ=0.046 fk=0.537 adapt=0.484 (67s)
  [grid_f76a229edada] seed=42 reward=3.386 succ=0.077 fk=0.543 adapt=0.550 (94s)
  [grid_b9ea1e4ad7d2] seed=42 reward=3.462 succ=0.062 fk=0.509 adapt=0.368 (62s)
  [grid_9664290b2910] seed=42 reward=2.993 succ=0.002 fk=0.384 adapt=0.003 (69s)
  [grid_3e94ff478aaf] seed=42 reward=3.536 succ=0.056 fk=0.541 adapt=0.502 (97s)
  [grid_798eea2d0678] seed=42 reward=3.544 succ=0.100 fk=0.562 adapt=0.480 (59s)
  [grid_100038c75ecb] seed=42 reward=3.539 succ=0.052 fk=0.534 adapt=0.505 (58s)
  [grid_6bce96b4d0e7] seed=42 reward=3.372 succ=0.047 fk=0.523 adapt=0.514 (67s)
  [grid_7dcac6f6fa91] seed=42 reward=3.365 succ=0.032 fk=0.510 adapt=0.451 (92s)
  [grid_ecb2aba3cdf4] seed=42 reward=3.304 succ=0.008 fk=0.434 adapt=0.224 (57s)
  [grid_47e5101172cb] seed=42 reward=3.633 succ=0.106 fk=0.611 adapt=0.501 (50s)
  [grid_754e80b345d1] seed=42 reward=3.398 succ=0.065 fk=0.534 adapt=0.483 (48s)
  [grid_c04d9587a57f] seed=42 reward=3.633 succ=0.106 fk=0.611 adapt=0.501 (54s)
  [grid_48c5abe0b1fc] seed=42 reward=3.347 succ=0.417 fk=0.725 adapt=0.667 (48s)
  [grid_d564316cbff2] seed=42 reward=3.638 succ=0.116 fk=0.611 adapt=0.501 (55s)
  [grid_b8a283f21819] seed=42 reward=3.532 succ=0.094 fk=0.559 adapt=0.500 (50s)
  [grid_3dc9e1b95cd2] seed=42 reward=3.555 succ=0.089 fk=0.561 adapt=0.437 (55s)
  [grid_546eacd4ef8d] seed=42 reward=3.465 succ=0.076 fk=0.549 adapt=0.511 (71s)
  [grid_939b52999395] seed=42 reward=3.633 succ=0.106 fk=0.611 adapt=0.501 (48s)
  [grid_5c680a043392] seed=42 reward=3.515 succ=0.069 fk=0.539 adapt=0.456 (53s)
  [grid_6d6e378b7c02] seed=42 reward=3.450 succ=0.080 fk=0.547 adapt=0.551 (70s)
  [grid_e125ba1cc2f2] seed=42 reward=3.361 succ=0.030 fk=0.520 adapt=0.428 (69s)
  [grid_3961008adaf4] seed=42 reward=3.201 succ=0.044 fk=0.479 adapt=0.319 (51s)
  [grid_d09973de1cf9] seed=42 reward=3.634 succ=0.123 fk=0.595 adapt=0.519 (54s)
  [grid_aaf5c9bae06f] seed=42 reward=3.076 succ=0.019 fk=0.449 adapt=0.240 (66s)
  [grid_81d93b1d95cb] seed=42 reward=3.486 succ=0.058 fk=0.534 adapt=0.502 (50s)
  [grid_c46a296b527a] seed=42 reward=3.601 succ=0.132 fk=0.583 adapt=0.537 (57s)
  [grid_f1d10a9a76ea] seed=42 reward=3.317 succ=0.043 fk=0.496 adapt=0.377 (69s)
  [grid_1d157e92cc79] seed=42 reward=3.472 succ=0.010 fk=0.511 adapt=0.391 (49s)
  [grid_895b7d1bf174] seed=42 reward=3.633 succ=0.106 fk=0.611 adapt=0.501 (49s)
  [grid_f67beee16495] seed=42 reward=3.450 succ=0.231 fk=0.612 adapt=0.651 (57s)
  [grid_6e307e737d59] seed=42 reward=3.506 succ=0.046 fk=0.521 adapt=0.454 (55s)
  [grid_4c3ef9d4699b] seed=42 reward=3.537 succ=0.051 fk=0.549 adapt=0.500 (56s)
  [grid_72bd55899566] seed=42 reward=3.556 succ=0.053 fk=0.552 adapt=0.502 (60s)
  [grid_00c488f7bc72] seed=42 reward=3.392 succ=0.135 fk=0.566 adapt=0.479 (60s)
  [grid_a2f205bbb3f7] seed=42 reward=3.325 succ=0.019 fk=0.481 adapt=0.342 (59s)
  [grid_5d07cca589af] seed=42 reward=3.624 succ=0.147 fk=0.614 adapt=0.460 (60s)
  [grid_f2e06de8abfd] seed=42 reward=3.474 succ=0.057 fk=0.535 adapt=0.531 (61s)
  [grid_4ef3a2a5f61e] seed=42 reward=3.360 succ=0.082 fk=0.539 adapt=0.546 (60s)
  [grid_18d2d4c5e89d] seed=42 reward=3.440 succ=0.131 fk=0.569 adapt=0.601 (60s)
  [grid_68e154597d05] seed=42 reward=3.584 succ=0.090 fk=0.572 adapt=0.501 (61s)
  [grid_2734a5d2525d] seed=42 reward=3.381 succ=0.071 fk=0.540 adapt=0.548 (61s)
  [grid_fd4c70a8aefe] seed=42 reward=3.359 succ=0.044 fk=0.523 adapt=0.495 (63s)
  [grid_32754d416d85] seed=42 reward=3.345 succ=0.042 fk=0.469 adapt=0.309 (46s)
  [grid_589ab10dbda3] seed=42 reward=3.563 succ=0.072 fk=0.554 adapt=0.506 (49s)
  [grid_d8fc6f0af07b] seed=42 reward=3.562 succ=0.073 fk=0.564 adapt=0.500 (69s)
  [grid_3a78c8fff9b5] seed=42 reward=3.168 succ=0.024 fk=0.465 adapt=0.276 (152s)
  [grid_bc33e87d8855] seed=42 reward=3.427 succ=0.038 fk=0.538 adapt=0.479 (97s)
  [grid_be8da2683672] seed=42 reward=3.425 succ=0.080 fk=0.579 adapt=0.524 (156s)
  [grid_e3193b75fd00] seed=42 reward=3.593 succ=0.062 fk=0.571 adapt=0.499 (98s)
  [grid_cefd52f31558] seed=42 reward=3.233 succ=0.023 fk=0.502 adapt=0.385 (160s)
  [grid_00d8d032c253] seed=42 reward=3.493 succ=0.086 fk=0.579 adapt=0.428 (100s)
  [grid_28827c118633] seed=42 reward=3.553 succ=0.052 fk=0.543 adapt=0.497 (77s)
  [grid_8e2c3db2a7fa] seed=42 reward=3.157 succ=0.011 fk=0.431 adapt=0.173 (159s)
  [grid_a3f5790183ef] seed=42 reward=3.310 succ=0.065 fk=0.515 adapt=0.422 (104s)
  [grid_85390f46f8de] seed=42 reward=3.338 succ=0.065 fk=0.487 adapt=0.368 (79s)
  [grid_e2b0c860cba1] seed=42 reward=3.401 succ=0.028 fk=0.525 adapt=0.469 (156s)
  [grid_c9f73d8e2b10] seed=42 reward=3.084 succ=0.001 fk=0.314 adapt=0.001 (95s)
  [grid_28c5de6f84b9] seed=42 reward=3.312 succ=0.064 fk=0.518 adapt=0.479 (75s)
  [grid_ee5995137716] seed=42 reward=3.427 succ=0.032 fk=0.515 adapt=0.444 (164s)
  [grid_512253b6f072] seed=42 reward=3.436 succ=0.030 fk=0.533 adapt=0.500 (105s)
  [grid_3fa6f2c752bd] seed=42 reward=3.557 succ=0.057 fk=0.541 adapt=0.506 (82s)
  [grid_51f933774fa8] seed=42 reward=3.486 succ=0.046 fk=0.519 adapt=0.464 (161s)
  [grid_a9c8af6eeb3a] seed=42 reward=3.547 succ=0.207 fk=0.616 adapt=0.584 (58s)
  [grid_03744870a669] seed=42 reward=3.519 succ=0.101 fk=0.558 adapt=0.482 (68s)
  [grid_4d3e65c12170] seed=42 reward=3.031 succ=0.041 fk=0.508 adapt=0.354 (98s)
  [grid_5e2cbe5151e1] seed=42 reward=2.924 succ=0.104 fk=0.548 adapt=0.385 (58s)
  [grid_bd0fdc9d1b53] seed=42 reward=3.476 succ=0.050 fk=0.562 adapt=0.474 (67s)
  [grid_0c95ecc87bcc] seed=42 reward=3.175 succ=0.008 fk=0.452 adapt=0.265 (93s)
  [grid_91c0814f99e8] seed=42 reward=3.388 succ=0.023 fk=0.527 adapt=0.394 (58s)
  [grid_b07c92b76288] seed=42 reward=3.577 succ=0.054 fk=0.567 adapt=0.500 (57s)
  [grid_e4120a515740] seed=42 reward=3.302 succ=0.075 fk=0.544 adapt=0.418 (67s)
  [grid_d91136969eee] seed=42 reward=3.412 succ=0.049 fk=0.538 adapt=0.526 (93s)
  [grid_bb7af612d788] seed=42 reward=3.424 succ=0.056 fk=0.505 adapt=0.437 (57s)
  [grid_7333c196d3af] seed=42 reward=3.299 succ=0.036 fk=0.482 adapt=0.294 (62s)
  [grid_4ea7ee321738] seed=42 reward=3.561 succ=0.060 fk=0.542 adapt=0.502 (73s)
  [grid_c664bc13fdfa] seed=42 reward=3.123 succ=0.012 fk=0.448 adapt=0.184 (114s)
  [grid_7589939d36cc] seed=42 reward=3.429 succ=0.092 fk=0.557 adapt=0.569 (77s)
  [grid_c2d37ee94286] seed=42 reward=3.610 succ=0.102 fk=0.587 adapt=0.503 (60s)
  [grid_53d92994b136] seed=42 reward=3.236 succ=0.029 fk=0.508 adapt=0.423 (65s)
  [grid_344694e26b9f] seed=42 reward=3.525 succ=0.072 fk=0.557 adapt=0.486 (95s)
  [grid_400fbda15140] seed=42 reward=3.507 succ=0.054 fk=0.535 adapt=0.507 (53s)
  [grid_e0cd7767bd2b] seed=42 reward=3.154 succ=0.036 fk=0.510 adapt=0.446 (65s)
  [grid_d177b513932c] seed=42 reward=3.381 succ=0.076 fk=0.526 adapt=0.467 (67s)
  [grid_b52b726255cb] seed=42 reward=3.397 succ=0.122 fk=0.612 adapt=0.525 (68s)
  [grid_8f8cbf6caa27] seed=42 reward=3.604 succ=0.120 fk=0.586 adapt=0.514 (48s)
  [grid_23e40015df7b] seed=42 reward=3.408 succ=0.035 fk=0.512 adapt=0.308 (53s)
  [grid_f192d35e6e46] seed=42 reward=3.329 succ=0.006 fk=0.447 adapt=0.131 (65s)
  [grid_90ffd6de992f] seed=42 reward=3.549 succ=0.051 fk=0.553 adapt=0.500 (49s)
  [grid_1f1687b96fc7] seed=42 reward=3.484 succ=0.041 fk=0.510 adapt=0.427 (54s)
  [grid_58b57976f366] seed=42 reward=3.482 succ=0.050 fk=0.535 adapt=0.517 (69s)
  [grid_bfc9a782540d] seed=42 reward=3.485 succ=0.059 fk=0.532 adapt=0.519 (52s)
  [grid_1afe83e117ea] seed=42 reward=3.197 succ=0.004 fk=0.431 adapt=0.197 (56s)
  [grid_9ea9a6635d29] seed=42 reward=3.574 succ=0.053 fk=0.551 adapt=0.502 (69s)
  [grid_1bcc5386d963] seed=42 reward=3.341 succ=0.059 fk=0.531 adapt=0.532 (51s)
  [grid_5bc49e9af429] seed=42 reward=3.294 succ=0.063 fk=0.533 adapt=0.530 (58s)
  [grid_41329772f511] seed=42 reward=3.583 succ=0.083 fk=0.552 adapt=0.514 (72s)
  [grid_61e00f071337] seed=42 reward=3.291 succ=0.049 fk=0.528 adapt=0.535 (52s)
  [grid_1f26c96508ff] seed=42 reward=3.407 succ=0.073 fk=0.545 adapt=0.537 (56s)
  [grid_0d022c6a758a] seed=42 reward=3.540 succ=0.130 fk=0.579 adapt=0.547 (58s)
  [grid_861a19c3af78] seed=42 reward=3.633 succ=0.106 fk=0.611 adapt=0.501 (45s)
  [grid_7e717e372433] seed=42 reward=3.281 succ=0.051 fk=0.502 adapt=0.403 (58s)
  [grid_07f209a66338] seed=42 reward=3.252 succ=0.010 fk=0.450 adapt=0.264 (70s)
  [grid_3724397c8c31] seed=42 reward=3.570 succ=0.059 fk=0.544 adapt=0.516 (98s)
  [grid_dadbf733aa69] seed=42 reward=3.557 succ=0.062 fk=0.553 adapt=0.507 (57s)
  [grid_b297fc4f5ef8] seed=42 reward=3.123 succ=0.002 fk=0.385 adapt=0.025 (68s)
  [grid_13a495b65236] seed=42 reward=3.334 succ=0.041 fk=0.495 adapt=0.405 (96s)
  [grid_89f606eacdae] seed=42 reward=3.578 succ=0.070 fk=0.545 adapt=0.508 (57s)
  [grid_d79c132124d1] seed=42 reward=3.266 succ=0.044 fk=0.523 adapt=0.481 (69s)
  [grid_3a64b3e13030] seed=42 reward=3.402 succ=0.062 fk=0.498 adapt=0.387 (93s)
  [grid_c24e456d7aff] seed=42 reward=3.645 succ=0.108 fk=0.610 adapt=0.502 (50s)
  [grid_69f9a31d3680] seed=42 reward=3.192 succ=0.012 fk=0.461 adapt=0.273 (48s)
  [grid_d4428bd4bb23] seed=42 reward=3.633 succ=0.106 fk=0.611 adapt=0.501 (53s)
  [grid_d32fdd9880ea] seed=42 reward=3.638 succ=0.116 fk=0.611 adapt=0.501 (49s)
  [grid_f7d94d614f96] seed=42 reward=2.793 succ=0.012 fk=0.467 adapt=0.132 (56s)
  [grid_567f4612311d] seed=42 reward=3.542 succ=0.082 fk=0.563 adapt=0.510 (68s)
  [grid_8f247a075e8a] seed=42 reward=3.633 succ=0.106 fk=0.611 adapt=0.501 (51s)
  [grid_2d10e3e9f9d2] seed=42 reward=3.529 succ=0.089 fk=0.562 adapt=0.522 (55s)
  [grid_cabe8e519157] seed=42 reward=3.560 succ=0.079 fk=0.569 adapt=0.496 (66s)
  [grid_a7e7bb2aaa94] seed=42 reward=3.289 succ=0.064 fk=0.498 adapt=0.407 (49s)
  [grid_8e7aa4eb1908] seed=42 reward=3.425 succ=0.055 fk=0.522 adapt=0.437 (55s)
  [grid_9547328c7f88] seed=42 reward=3.597 succ=0.160 fk=0.591 adapt=0.573 (68s)
  [grid_964e28ed541b] seed=42 reward=3.638 succ=0.116 fk=0.611 adapt=0.501 (51s)
  [grid_7fa82ac6bf12] seed=42 reward=3.081 succ=0.002 fk=0.376 adapt=0.024 (53s)
  [grid_f5b749f1054d] seed=42 reward=3.231 succ=0.028 fk=0.513 adapt=0.447 (68s)
  [grid_91f1a4fd55c0] seed=42 reward=3.373 succ=0.065 fk=0.531 adapt=0.531 (51s)
  [grid_62b379fe8d65] seed=42 reward=3.303 succ=0.045 fk=0.532 adapt=0.521 (56s)
  [grid_98c0bc8b63a7] seed=42 reward=3.558 succ=0.090 fk=0.556 adapt=0.517 (67s)
  [grid_53447780ce9a] seed=42 reward=3.633 succ=0.106 fk=0.611 adapt=0.501 (45s)
  [grid_44425cd146f4] seed=42 reward=3.550 succ=0.050 fk=0.549 adapt=0.501 (49s)
  [grid_147b514f105d] seed=42 reward=3.547 succ=0.049 fk=0.549 adapt=0.501 (55s)
  [grid_ac2ea7cd7f61] seed=42 reward=3.436 succ=0.168 fk=0.573 adapt=0.607 (56s)
  [grid_8f61bb4761fe] seed=42 reward=3.541 succ=0.050 fk=0.551 adapt=0.500 (56s)
  [grid_c59676e20a0b] seed=42 reward=3.473 succ=0.071 fk=0.542 adapt=0.539 (61s)
  [grid_a37ff14f89a2] seed=42 reward=3.624 succ=0.090 fk=0.606 adapt=0.500 (59s)
  [grid_b308e7474ffc] seed=42 reward=2.992 succ=0.006 fk=0.441 adapt=0.240 (59s)
  [grid_e6663971b72e] seed=42 reward=3.426 succ=0.011 fk=0.503 adapt=0.395 (59s)
  [grid_fc02e2197e0f] seed=42 reward=3.458 succ=0.135 fk=0.566 adapt=0.586 (61s)
  [grid_66a7d8dc0634] seed=42 reward=3.649 succ=0.112 fk=0.612 adapt=0.504 (60s)
  [grid_d0363e1bbe6c] seed=42 reward=3.163 succ=0.027 fk=0.483 adapt=0.331 (60s)
  [grid_d0e8cc6a622f] seed=42 reward=3.164 succ=0.009 fk=0.458 adapt=0.239 (60s)
  [grid_fb8c6757ad6f] seed=42 reward=3.349 succ=0.062 fk=0.535 adapt=0.548 (62s)
  [grid_886b43b82b1b] seed=42 reward=3.575 succ=0.107 fk=0.557 adapt=0.549 (61s)
  [grid_951ef348a065] seed=42 reward=3.448 succ=0.169 fk=0.571 adapt=0.546 (56s)
  [grid_ddc56e5a254d] seed=42 reward=3.400 succ=0.078 fk=0.538 adapt=0.544 (57s)
  [grid_cb2063b659b7] seed=42 reward=3.339 succ=0.018 fk=0.489 adapt=0.367 (153s)
  [grid_b82466ca7153] seed=42 reward=3.586 succ=0.058 fk=0.585 adapt=0.498 (95s)
  [grid_8e9250e23790] seed=42 reward=3.644 succ=0.117 fk=0.610 adapt=0.501 (75s)
  [grid_81b9bfd2f24f] seed=42 reward=3.433 succ=0.036 fk=0.538 adapt=0.477 (158s)
  [grid_106f6e2649ad] seed=42 reward=3.610 succ=0.100 fk=0.592 adapt=0.518 (100s)
  [grid_aaf19f205bab] seed=42 reward=3.263 succ=0.039 fk=0.523 adapt=0.508 (78s)
  [grid_239789ffeeec] seed=42 reward=3.358 succ=0.063 fk=0.521 adapt=0.354 (160s)
  [grid_421b560100fe] seed=42 reward=3.344 succ=0.112 fk=0.557 adapt=0.454 (101s)
  [grid_9e3e1c7530c0] seed=42 reward=3.226 succ=0.064 fk=0.530 adapt=0.491 (79s)
  [grid_5c06322ba60d] seed=42 reward=3.325 succ=0.043 fk=0.524 adapt=0.534 (162s)
  [grid_5c9829d5804a] seed=42 reward=3.574 succ=0.095 fk=0.572 adapt=0.465 (103s)
  [grid_0238a8029f27] seed=42 reward=3.505 succ=0.053 fk=0.533 adapt=0.510 (74s)
  [grid_1795ea406e41] seed=42 reward=3.435 succ=0.065 fk=0.539 adapt=0.508 (152s)
  [grid_f3c7310fd6fc] seed=42 reward=3.444 succ=0.067 fk=0.543 adapt=0.526 (97s)
  [grid_dc4dee6078f0] seed=42 reward=3.358 succ=0.032 fk=0.521 adapt=0.488 (163s)
  [grid_052cfc58fc0b] seed=42 reward=3.337 succ=0.024 fk=0.505 adapt=0.420 (108s)
  [grid_86470a230036] seed=42 reward=3.456 succ=0.029 fk=0.510 adapt=0.443 (81s)
  [grid_cbb0d782f757] seed=42 reward=3.394 succ=0.039 fk=0.512 adapt=0.423 (157s)
  [grid_648fe45aec8f] seed=42 reward=3.456 succ=0.051 fk=0.531 adapt=0.516 (67s)
  [grid_f09053c18f03] seed=42 reward=3.363 succ=0.069 fk=0.553 adapt=0.490 (98s)
  [grid_b35d3da70566] seed=42 reward=3.381 succ=0.056 fk=0.554 adapt=0.264 (58s)
  [grid_0e535ef9b81d] seed=42 reward=3.625 succ=0.142 fk=0.597 adapt=0.520 (68s)
  [grid_2cf4b964f581] seed=42 reward=3.216 succ=0.029 fk=0.518 adapt=0.324 (94s)
  [grid_9b394296bd09] seed=42 reward=3.478 succ=0.083 fk=0.544 adapt=0.535 (57s)
  [grid_bfb1c8f1848d] seed=42 reward=3.564 succ=0.117 fk=0.574 adapt=0.433 (67s)
  [grid_b7e62bb13478] seed=42 reward=3.297 succ=0.012 fk=0.443 adapt=0.234 (93s)
  [grid_433e576b3660] seed=42 reward=3.257 succ=0.073 fk=0.518 adapt=0.430 (58s)
  [grid_640083606b8f] seed=42 reward=3.476 succ=0.013 fk=0.510 adapt=0.395 (65s)
  [grid_81bae58e2803] seed=42 reward=3.347 succ=0.025 fk=0.519 adapt=0.390 (100s)
  [grid_4c13cbf7034d] seed=42 reward=3.462 succ=0.235 fk=0.599 adapt=0.594 (62s)
  [grid_6b4a6130bb1b] seed=42 reward=3.411 succ=0.088 fk=0.554 adapt=0.509 (66s)
  [grid_592161b5cde7] seed=42 reward=3.255 succ=0.059 fk=0.530 adapt=0.475 (92s)
  [grid_34cc80f01d59] seed=42 reward=3.383 succ=0.067 fk=0.526 adapt=0.464 (102s)
  [grid_0d8236aaaa46] seed=42 reward=3.581 succ=0.127 fk=0.572 adapt=0.548 (56s)
  [grid_13baf773b0a1] seed=42 reward=3.174 succ=0.014 fk=0.462 adapt=0.254 (56s)
  [grid_8ec3dca7131f] seed=42 reward=3.578 succ=0.068 fk=0.544 adapt=0.510 (53s)
  [grid_ab716dfa7c45] seed=42 reward=3.466 succ=0.156 fk=0.582 adapt=0.496 (66s)
  [grid_3719eaeef0aa] seed=42 reward=3.451 succ=0.042 fk=0.523 adapt=0.432 (66s)
  [grid_f70b3600a478] seed=42 reward=3.638 succ=0.116 fk=0.611 adapt=0.501 (51s)
  [grid_954849164623] seed=42 reward=3.349 succ=0.190 fk=0.613 adapt=0.467 (48s)
  [grid_22f598b50175] seed=42 reward=3.494 succ=0.054 fk=0.533 adapt=0.515 (52s)
  [grid_69aaa2ba8dc3] seed=42 reward=3.296 succ=0.037 fk=0.507 adapt=0.335 (65s)
  [grid_30b048d0b81e] seed=42 reward=3.382 succ=0.025 fk=0.496 adapt=0.393 (48s)
  [grid_5eff8ce257aa] seed=42 reward=3.547 succ=0.048 fk=0.550 adapt=0.500 (54s)
  [grid_1aac3ff44ae4] seed=42 reward=3.090 succ=0.002 fk=0.399 adapt=0.020 (68s)
  [grid_166ee8165562] seed=42 reward=3.166 succ=0.089 fk=0.506 adapt=0.355 (51s)
  [grid_aef3ae4c7268] seed=42 reward=3.519 succ=0.075 fk=0.544 adapt=0.406 (58s)
  [grid_89fa5c5372f8] seed=42 reward=3.211 succ=0.010 fk=0.472 adapt=0.249 (68s)
  [grid_9dc3a0779806] seed=42 reward=2.981 succ=0.011 fk=0.441 adapt=0.088 (51s)
  [grid_919b24a72dc3] seed=42 reward=3.302 succ=0.070 fk=0.542 adapt=0.548 (55s)
  [grid_fd7baf8c8af7] seed=42 reward=3.519 succ=0.065 fk=0.533 adapt=0.482 (71s)
  [grid_c3df1175282b] seed=42 reward=3.410 succ=0.013 fk=0.473 adapt=0.322 (50s)
  [grid_f4aaaa0a4ae3] seed=42 reward=3.555 succ=0.052 fk=0.547 adapt=0.500 (57s)
  [grid_cb78bc5926c3] seed=42 reward=3.465 succ=0.031 fk=0.529 adapt=0.421 (69s)
  [grid_21673dce3dda] seed=42 reward=3.521 succ=0.330 fk=0.653 adapt=0.703 (46s)
  [grid_60ea55489069] seed=42 reward=3.640 succ=0.108 fk=0.611 adapt=0.501 (48s)
  [grid_719f377e4198] seed=42 reward=3.540 succ=0.118 fk=0.553 adapt=0.500 (58s)
  [grid_eb24a3d7e130] seed=42 reward=3.345 succ=0.081 fk=0.550 adapt=0.578 (71s)
  [grid_bcfecf6887ae] seed=42 reward=3.429 succ=0.060 fk=0.519 adapt=0.462 (97s)
  [grid_6d4fc09f7be1] seed=42 reward=3.300 succ=0.044 fk=0.534 adapt=0.525 (68s)
  [grid_4a33d4f6b196] seed=42 reward=3.554 succ=0.074 fk=0.546 adapt=0.494 (92s)
  [grid_60baed7b4fc6] seed=42 reward=3.609 succ=0.148 fk=0.590 adapt=0.553 (56s)
  [grid_7d87f333a71a] seed=42 reward=3.551 succ=0.150 fk=0.591 adapt=0.621 (54s)
  [grid_75f749a6853c] seed=42 reward=3.633 succ=0.106 fk=0.611 adapt=0.501 (48s)
  [grid_9ba6c8c4364a] seed=42 reward=3.282 succ=0.047 fk=0.506 adapt=0.407 (54s)
  [grid_2d151f3d63d0] seed=42 reward=3.005 succ=0.010 fk=0.448 adapt=0.270 (50s)
  [grid_544b80e8b3e6] seed=42 reward=3.455 succ=0.084 fk=0.550 adapt=0.537 (54s)
  [grid_198eea9bbb68] seed=42 reward=3.387 succ=0.040 fk=0.521 adapt=0.483 (68s)
  [grid_6d3efd0235b8] seed=42 reward=3.556 succ=0.046 fk=0.555 adapt=0.477 (70s)
  [grid_b1ac6e2250c5] seed=42 reward=3.633 succ=0.106 fk=0.611 adapt=0.501 (48s)
  [grid_4bf0a7605444] seed=42 reward=3.356 succ=0.234 fk=0.647 adapt=0.489 (54s)
  [grid_cfcf583d97bd] seed=42 reward=3.487 succ=0.096 fk=0.546 adapt=0.545 (68s)
  [grid_1bf802c5d279] seed=42 reward=3.549 succ=0.065 fk=0.551 adapt=0.500 (49s)
  [grid_b52d9543eee6] seed=42 reward=3.066 succ=0.002 fk=0.379 adapt=0.047 (56s)
  [grid_d5f1cb7c1ae8] seed=42 reward=3.638 succ=0.126 fk=0.611 adapt=0.517 (70s)
  [grid_07525dac83ae] seed=42 reward=3.248 succ=0.035 fk=0.520 adapt=0.525 (50s)
  [grid_5dab76c37c57] seed=42 reward=3.280 succ=0.082 fk=0.549 adapt=0.583 (58s)
  [grid_39ae99fa07f4] seed=42 reward=3.322 succ=0.060 fk=0.529 adapt=0.501 (50s)
  [grid_af5165f590f2] seed=42 reward=3.614 succ=0.069 fk=0.590 adapt=0.501 (55s)
  [grid_699c7fef62a1] seed=42 reward=3.505 succ=0.060 fk=0.549 adapt=0.486 (69s)
  [grid_971512b4ea12] seed=42 reward=3.254 succ=0.064 fk=0.533 adapt=0.542 (46s)
  [grid_3a11e57a896c] seed=42 reward=3.638 succ=0.116 fk=0.611 adapt=0.501 (48s)
  [grid_6590df7aaa48] seed=42 reward=3.524 succ=0.346 fk=0.691 adapt=0.720 (45s)
  [grid_264810680113] seed=42 reward=3.633 succ=0.106 fk=0.611 adapt=0.501 (48s)
  [grid_1a41ddf2349d] seed=42 reward=3.537 succ=0.051 fk=0.549 adapt=0.500 (45s)
  [grid_fb7ce8712378] seed=42 reward=3.474 succ=0.134 fk=0.569 adapt=0.561 (53s)
  [grid_3349632a2b3f] seed=42 reward=3.633 succ=0.106 fk=0.611 adapt=0.501 (48s)
  [grid_75faa2f9f1e9] seed=42 reward=3.602 succ=0.127 fk=0.597 adapt=0.532 (51s)
  [grid_edad1b3f094f] seed=42 reward=3.620 succ=0.106 fk=0.604 adapt=0.501 (48s)
  [grid_a7d8a525e667] seed=42 reward=3.630 succ=0.111 fk=0.600 adapt=0.501 (52s)
  [grid_7c953779d461] seed=42 reward=3.496 succ=0.131 fk=0.559 adapt=0.564 (48s)
  [grid_b66973d0f109] seed=42 reward=3.596 succ=0.063 fk=0.573 adapt=0.501 (51s)
  [grid_94b042c294eb] seed=42 reward=3.638 succ=0.116 fk=0.611 adapt=0.501 (48s)
  [grid_389a7cb86ee0] seed=42 reward=3.268 succ=0.004 fk=0.425 adapt=0.146 (53s)
  [grid_236ea149568c] seed=42 reward=3.366 succ=0.037 fk=0.521 adapt=0.510 (49s)
  [grid_d34a443d3463] seed=42 reward=3.269 succ=0.069 fk=0.542 adapt=0.562 (53s)
  [grid_bbff40cdef18] seed=42 reward=3.331 succ=0.017 fk=0.462 adapt=0.302 (47s)
  [grid_40128e79a2c6] seed=42 reward=3.553 succ=0.054 fk=0.551 adapt=0.502 (50s)
  [grid_1b26929d5df8] seed=42 reward=3.469 succ=0.025 fk=0.508 adapt=0.414 (46s)
  [grid_f2a7b1037d12] seed=42 reward=3.524 succ=0.076 fk=0.575 adapt=0.532 (96s)
  [grid_4d454f636a56] seed=42 reward=3.386 succ=0.064 fk=0.528 adapt=0.436 (75s)
  [grid_ec3b7ae145c1] seed=42 reward=3.504 succ=0.063 fk=0.554 adapt=0.497 (154s)
  [grid_e861cdc265ef] seed=42 reward=3.405 succ=0.011 fk=0.494 adapt=0.349 (100s)
  [grid_d88ed6b7d249] seed=42 reward=3.597 succ=0.088 fk=0.564 adapt=0.503 (76s)
  [grid_f6555c2c9399] seed=42 reward=3.320 succ=0.043 fk=0.518 adapt=0.361 (160s)
  [grid_f375ea39a8f0] seed=42 reward=3.481 succ=0.053 fk=0.533 adapt=0.488 (100s)
  [grid_c363fa8e0e52] seed=42 reward=3.647 succ=0.108 fk=0.611 adapt=0.502 (77s)
  [grid_e2e140995002] seed=42 reward=3.393 succ=0.012 fk=0.495 adapt=0.351 (160s)
  [grid_fc2c53dee821] seed=42 reward=3.489 succ=0.084 fk=0.553 adapt=0.461 (101s)
  [grid_81984457d2e5] seed=42 reward=3.331 succ=0.071 fk=0.496 adapt=0.322 (80s)
  [grid_12cee6876490] seed=42 reward=3.532 succ=0.114 fk=0.581 adapt=0.553 (158s)
  [grid_cabe9bf61d73] seed=42 reward=3.471 succ=0.073 fk=0.550 adapt=0.451 (95s)
  [grid_851cc7def571] seed=42 reward=3.176 succ=0.049 fk=0.542 adapt=0.485 (77s)
  [grid_751d8f4ae024] seed=42 reward=3.464 succ=0.035 fk=0.520 adapt=0.479 (161s)
  [grid_dfb85d405caa] seed=42 reward=3.504 succ=0.065 fk=0.571 adapt=0.498 (102s)
  [grid_19fa9fc3e1a8] seed=42 reward=3.240 succ=0.070 fk=0.520 adapt=0.426 (83s)
  [grid_653e8f34c156] seed=42 reward=3.545 succ=0.116 fk=0.578 adapt=0.548 (166s)
  [grid_e93f243fd19f] seed=42 reward=3.427 succ=0.012 fk=0.508 adapt=0.324 (97s)
  [grid_3990eaa67d59] seed=42 reward=3.524 succ=0.052 fk=0.540 adapt=0.487 (96s)
  [grid_da5e9d770f86] seed=42 reward=3.579 succ=0.072 fk=0.576 adapt=0.500 (70s)
  [grid_fbe171049244] seed=42 reward=3.204 succ=0.056 fk=0.519 adapt=0.429 (95s)
  [grid_6457244ab52a] seed=42 reward=3.166 succ=0.010 fk=0.482 adapt=0.282 (67s)
  [grid_7ebc6c1df09c] seed=42 reward=3.440 succ=0.045 fk=0.536 adapt=0.429 (94s)
  [grid_17ffb28207a6] seed=42 reward=3.637 succ=0.107 fk=0.611 adapt=0.501 (57s)
  [grid_3d1e29bfae4a] seed=42 reward=3.425 succ=0.070 fk=0.540 adapt=0.450 (67s)
  [grid_6adeb736f966] seed=42 reward=3.464 succ=0.057 fk=0.545 adapt=0.504 (93s)
  [grid_f7d76661a351] seed=42 reward=3.352 succ=0.047 fk=0.497 adapt=0.405 (55s)
  [grid_f96379f05736] seed=42 reward=3.228 succ=0.059 fk=0.483 adapt=0.276 (59s)
  [grid_424f05840b5d] seed=42 reward=3.617 succ=0.084 fk=0.600 adapt=0.480 (70s)
  [grid_825f8e8c88f4] seed=42 reward=3.088 succ=0.017 fk=0.468 adapt=0.298 (111s)
  [grid_5ed342b6e8b7] seed=42 reward=3.352 succ=0.077 fk=0.545 adapt=0.570 (78s)
  [grid_3234ad7d499d] seed=42 reward=3.490 succ=0.069 fk=0.534 adapt=0.521 (67s)
  [grid_203c1aedb13e] seed=42 reward=3.381 succ=0.058 fk=0.537 adapt=0.513 (67s)
  [grid_0e965b74cfc8] seed=42 reward=3.542 succ=0.049 fk=0.552 adapt=0.476 (94s)
  [grid_a4c1e334fbb7] seed=42 reward=3.340 succ=0.087 fk=0.547 adapt=0.570 (48s)
  [grid_2f58c8f3144a] seed=42 reward=3.521 succ=0.255 fk=0.639 adapt=0.482 (49s)
  [grid_0d92ddb8c38f] seed=42 reward=3.633 succ=0.106 fk=0.611 adapt=0.501 (52s)
  [grid_aeebdebe38df] seed=42 reward=3.360 succ=0.333 fk=0.666 adapt=0.726 (49s)
  [grid_b307efbf3f3c] seed=42 reward=3.542 succ=0.047 fk=0.549 adapt=0.500 (56s)
  [grid_40f5aac47b0b] seed=42 reward=3.195 succ=0.028 fk=0.515 adapt=0.337 (66s)
  [grid_cb9181752094] seed=42 reward=3.548 succ=0.078 fk=0.541 adapt=0.517 (48s)
  [grid_d8a5737ba34d] seed=42 reward=3.592 succ=0.087 fk=0.577 adapt=0.510 (54s)
  [grid_47f4179b8e26] seed=42 reward=3.633 succ=0.106 fk=0.611 adapt=0.501 (49s)
  [grid_564329256001] seed=42 reward=3.596 succ=0.147 fk=0.625 adapt=0.546 (55s)
  [grid_dd8364253dab] seed=42 reward=3.493 succ=0.088 fk=0.522 adapt=0.466 (50s)
  [grid_41af3d2b0b3b] seed=42 reward=3.078 succ=0.008 fk=0.429 adapt=0.162 (57s)
  [grid_51a2032a0a52] seed=42 reward=3.522 succ=0.083 fk=0.570 adapt=0.528 (70s)
  [grid_707d8a26b4b0] seed=42 reward=3.535 succ=0.072 fk=0.573 adapt=0.493 (69s)
  [grid_f2c5a9be2028] seed=42 reward=3.396 succ=0.047 fk=0.530 adapt=0.525 (52s)
  [grid_f98a7a137bc3] seed=42 reward=3.252 succ=0.062 fk=0.537 adapt=0.548 (56s)
  [grid_099308b1175a] seed=42 reward=3.434 succ=0.090 fk=0.555 adapt=0.569 (73s)
  [grid_196755463bdb] seed=42 reward=3.542 succ=0.049 fk=0.547 adapt=0.501 (51s)
  [grid_75754c45554c] seed=42 reward=3.298 succ=0.078 fk=0.542 adapt=0.567 (57s)
  [grid_ff88f94c0dfc] seed=42 reward=3.561 succ=0.036 fk=0.572 adapt=0.446 (58s)
  [grid_e41f9655d2c0] seed=42 reward=3.633 succ=0.106 fk=0.611 adapt=0.501 (45s)
  [grid_a3c693093aee] seed=42 reward=3.380 succ=0.040 fk=0.515 adapt=0.474 (51s)
  [grid_fb585a697ba0] seed=42 reward=3.623 succ=0.115 fk=0.603 adapt=0.501 (57s)
  [grid_01de9f7165f3] seed=42 reward=3.514 succ=0.072 fk=0.553 adapt=0.495 (68s)
  [grid_fc921109355d] seed=42 reward=3.341 succ=0.012 fk=0.492 adapt=0.318 (97s)
  [grid_bd4f4bf2d859] seed=42 reward=3.484 succ=0.128 fk=0.556 adapt=0.556 (58s)
  [grid_89a7774c0b79] seed=42 reward=3.638 succ=0.091 fk=0.602 adapt=0.509 (68s)
  [grid_d032f6900eb9] seed=42 reward=3.266 succ=0.027 fk=0.499 adapt=0.391 (92s)
  [grid_d64ce57a652f] seed=42 reward=3.247 succ=0.036 fk=0.457 adapt=0.094 (58s)
  [grid_a9ebad96e8bc] seed=42 reward=3.454 succ=0.065 fk=0.530 adapt=0.520 (55s)
  [grid_a53565c8cd46] seed=42 reward=3.191 succ=0.034 fk=0.499 adapt=0.392 (66s)
  [grid_a10e3080fcd2] seed=42 reward=3.223 succ=0.003 fk=0.418 adapt=0.194 (66s)
  [grid_6d7879dd379c] seed=42 reward=3.574 succ=0.053 fk=0.563 adapt=0.501 (69s)
  [grid_342e2e77b7ca] seed=42 reward=3.278 succ=0.063 fk=0.536 adapt=0.551 (51s)
  [grid_af6c4c5d4b7e] seed=42 reward=3.568 succ=0.130 fk=0.572 adapt=0.545 (56s)
  [grid_eb4a3bc35ce3] seed=42 reward=3.361 succ=0.105 fk=0.544 adapt=0.533 (51s)
  [grid_416edf288387] seed=42 reward=3.638 succ=0.116 fk=0.611 adapt=0.501 (53s)
  [grid_9c08998a405b] seed=42 reward=3.232 succ=0.015 fk=0.455 adapt=0.060 (66s)
  [grid_16142ea82408] seed=42 reward=3.591 succ=0.152 fk=0.570 adapt=0.558 (52s)
  [grid_85c3830de4be] seed=42 reward=3.581 succ=0.062 fk=0.574 adapt=0.501 (54s)
  [grid_d8dcff6275e3] seed=42 reward=3.137 succ=0.012 fk=0.470 adapt=0.357 (71s)
  [grid_5b330dfb5fc8] seed=42 reward=3.560 succ=0.107 fk=0.564 adapt=0.490 (49s)
  [grid_35126065ed66] seed=42 reward=3.158 succ=0.041 fk=0.529 adapt=0.535 (55s)
  [grid_11c4f4351ce7] seed=42 reward=3.248 succ=0.022 fk=0.496 adapt=0.424 (71s)
  [grid_ef0b2080bb82] seed=42 reward=3.551 succ=0.041 fk=0.549 adapt=0.496 (69s)
  [grid_d0a55b157b4f] seed=42 reward=3.633 succ=0.126 fk=0.607 adapt=0.516 (55s)
  [grid_56b4272833b0] seed=42 reward=3.166 succ=0.016 fk=0.468 adapt=0.265 (69s)
  [grid_b3c7ccc9297e] seed=42 reward=3.371 succ=0.341 fk=0.668 adapt=0.750 (46s)
  [grid_6a9df2e6b935] seed=42 reward=3.633 succ=0.106 fk=0.611 adapt=0.501 (48s)
  [grid_879311fe0557] seed=42 reward=3.633 succ=0.106 fk=0.611 adapt=0.501 (45s)
  [grid_a2bdb43582dc] seed=42 reward=3.613 succ=0.074 fk=0.594 adapt=0.500 (48s)
  [grid_34e21bc49225] seed=42 reward=3.637 succ=0.107 fk=0.611 adapt=0.501 (48s)
  [grid_ab17c67ca1ae] seed=42 reward=3.524 succ=0.062 fk=0.539 adapt=0.525 (50s)
  [grid_1827ba037d69] seed=42 reward=3.105 succ=0.027 fk=0.521 adapt=0.534 (48s)
  [grid_c49652cd2204] seed=42 reward=3.605 succ=0.067 fk=0.592 adapt=0.493 (59s)
  [grid_5d67d716d1cd] seed=42 reward=3.507 succ=0.051 fk=0.519 adapt=0.445 (51s)
  [grid_e51d0f72de47] seed=42 reward=3.498 succ=0.087 fk=0.559 adapt=0.525 (49s)
  [grid_7fae9ce4c0fb] seed=42 reward=3.637 succ=0.107 fk=0.611 adapt=0.501 (51s)
  [grid_ff426237b2d9] seed=42 reward=3.021 succ=0.019 fk=0.497 adapt=0.318 (48s)
  [grid_cdd1bbddc1d7] seed=42 reward=3.591 succ=0.101 fk=0.580 adapt=0.506 (52s)
  [grid_3f314288b25e] seed=42 reward=3.251 succ=0.037 fk=0.525 adapt=0.525 (49s)
  [grid_417d38fbcddc] seed=42 reward=3.238 succ=0.056 fk=0.536 adapt=0.548 (53s)
  [grid_41c6906d43b9] seed=42 reward=3.553 succ=0.050 fk=0.540 adapt=0.491 (48s)
  [grid_e8fe7a3c7b61] seed=42 reward=3.408 succ=0.115 fk=0.562 adapt=0.583 (50s)
  [grid_bcd16d10a49f] seed=42 reward=3.340 succ=0.031 fk=0.465 adapt=0.307 (46s)
  [grid_4ef4cd4572bc] seed=42 reward=3.560 succ=0.046 fk=0.549 adapt=0.501 (94s)
  [grid_1b496a3218ed] seed=42 reward=3.274 succ=0.023 fk=0.516 adapt=0.408 (97s)
  [grid_50cd5dc49acc] seed=42 reward=3.446 succ=0.041 fk=0.513 adapt=0.473 (73s)
  [grid_22a309b4f513] seed=42 reward=3.093 succ=0.077 fk=0.524 adapt=0.436 (155s)
  [grid_188914d6fbad] seed=42 reward=3.401 succ=0.050 fk=0.568 adapt=0.461 (100s)
  [grid_820ec7085aad] seed=42 reward=3.435 succ=0.141 fk=0.535 adapt=0.483 (78s)
  [grid_9997e5a8a619] seed=42 reward=3.091 succ=0.036 fk=0.511 adapt=0.437 (160s)
  [grid_fb3e65472dab] seed=42 reward=3.519 succ=0.091 fk=0.538 adapt=0.458 (103s)
  [grid_9f60415c8509] seed=42 reward=3.287 succ=0.018 fk=0.444 adapt=0.241 (77s)
  [grid_32f5ebaf627a] seed=42 reward=3.211 succ=0.003 fk=0.409 adapt=0.148 (159s)
  [grid_7b8063b8d648] seed=42 reward=3.333 succ=0.023 fk=0.496 adapt=0.382 (106s)
  [grid_7352cabb96be] seed=42 reward=3.035 succ=0.039 fk=0.462 adapt=0.208 (78s)
  [grid_cc891bd5bd2a] seed=42 reward=3.223 succ=0.023 fk=0.497 adapt=0.405 (155s)
  [grid_2d3380cc3134] seed=42 reward=3.233 succ=0.011 fk=0.386 adapt=0.113 (96s)
  [grid_fd1cb47d1f3f] seed=42 reward=3.522 succ=0.062 fk=0.566 adapt=0.490 (74s)
  [grid_f6cc90a21372] seed=42 reward=3.303 succ=0.043 fk=0.511 adapt=0.470 (81s)
  [grid_00531ebf8505] seed=42 reward=3.526 succ=0.049 fk=0.535 adapt=0.506 (171s)
  [grid_c1b9bec7858a] seed=42 reward=3.486 succ=0.093 fk=0.556 adapt=0.570 (108s)
  [grid_b6b00009068b] seed=42 reward=3.548 succ=0.077 fk=0.562 adapt=0.508 (59s)
  [grid_03fbf1c2ac1b] seed=42 reward=3.440 succ=0.064 fk=0.538 adapt=0.540 (70s)
  [grid_3c822a0e68de] seed=42 reward=3.172 succ=0.027 fk=0.491 adapt=0.351 (68s)
  [grid_1c498a3c7ce6] seed=42 reward=3.541 succ=0.138 fk=0.608 adapt=0.448 (59s)
  [grid_6fd7819ca375] seed=42 reward=3.638 succ=0.116 fk=0.611 adapt=0.501 (59s)
  [grid_7d158712a281] seed=42 reward=3.276 succ=0.001 fk=0.400 adapt=0.156 (69s)
  [grid_464e1ebe2fce] seed=42 reward=3.245 succ=0.026 fk=0.483 adapt=0.190 (93s)
  [grid_15a9c2655b71] seed=42 reward=3.260 succ=0.031 fk=0.464 adapt=0.320 (57s)
  [grid_dbf589897372] seed=42 reward=3.165 succ=0.036 fk=0.498 adapt=0.355 (68s)
  [grid_2bf1f3b63dd6] seed=42 reward=3.404 succ=0.017 fk=0.446 adapt=0.133 (93s)
  [grid_d158bd6ba0cd] seed=42 reward=3.274 succ=0.073 fk=0.523 adapt=0.434 (58s)
  [grid_525dd12da18f] seed=42 reward=3.546 succ=0.059 fk=0.555 adapt=0.488 (68s)
  [grid_a9ffa8b52489] seed=42 reward=3.342 succ=0.036 fk=0.486 adapt=0.347 (96s)
  [grid_ce35a98e8d5a] seed=42 reward=3.564 succ=0.075 fk=0.554 adapt=0.511 (61s)
  [grid_1aa59004524f] seed=42 reward=3.492 succ=0.048 fk=0.528 adapt=0.404 (77s)
  [grid_f218ac97db0e] seed=42 reward=3.337 succ=0.057 fk=0.538 adapt=0.541 (126s)
  [grid_04c8561a282a] seed=42 reward=3.410 succ=0.065 fk=0.531 adapt=0.526 (77s)
  [grid_0a1c8b17d9d0] seed=42 reward=3.516 succ=0.047 fk=0.544 adapt=0.494 (95s)
  [grid_c4cc2fa3356b] seed=42 reward=3.395 succ=0.011 fk=0.490 adapt=0.379 (68s)
  [grid_1b9415722b49] seed=42 reward=3.473 succ=0.074 fk=0.554 adapt=0.332 (68s)
  [grid_d88f428d37e9] seed=42 reward=3.638 succ=0.116 fk=0.611 adapt=0.501 (47s)
  [grid_e701ecafa184] seed=42 reward=3.388 succ=0.043 fk=0.567 adapt=0.447 (54s)
  [grid_37964a707cdb] seed=42 reward=3.584 succ=0.136 fk=0.624 adapt=0.511 (69s)
  [grid_4e87e0ef9fbc] seed=42 reward=3.571 succ=0.088 fk=0.563 adapt=0.478 (47s)
  [grid_3a517ae1c24e] seed=42 reward=3.470 succ=0.084 fk=0.562 adapt=0.469 (54s)
  [grid_d95577b30b15] seed=42 reward=3.336 succ=0.039 fk=0.534 adapt=0.503 (65s)
  [grid_3e7c53290c9e] seed=42 reward=3.132 succ=0.008 fk=0.465 adapt=0.206 (69s)
  [grid_611de1288963] seed=42 reward=2.991 succ=0.005 fk=0.409 adapt=0.157 (50s)
  [grid_125da718e084] seed=42 reward=3.358 succ=0.072 fk=0.507 adapt=0.438 (55s)
  [grid_fc4d850f271d] seed=42 reward=3.454 succ=0.054 fk=0.530 adapt=0.518 (52s)
  [grid_da8c88052f0e] seed=42 reward=3.231 succ=0.002 fk=0.427 adapt=0.185 (57s)
  [grid_82fd159d591d] seed=42 reward=3.548 succ=0.098 fk=0.569 adapt=0.508 (50s)
  [grid_874b2dd90075] seed=42 reward=3.157 succ=0.002 fk=0.353 adapt=0.027 (56s)
  [grid_bf1493daefdd] seed=42 reward=3.214 succ=0.032 fk=0.500 adapt=0.421 (70s)
  [grid_907fa9b6f650] seed=42 reward=3.282 succ=0.048 fk=0.511 adapt=0.493 (51s)
  [grid_a3a582be1d5c] seed=42 reward=3.472 succ=0.028 fk=0.523 adapt=0.445 (58s)
  [grid_b5ab779450e2] seed=42 reward=3.530 succ=0.059 fk=0.550 adapt=0.507 (72s)
  [grid_925286fe9651] seed=42 reward=3.633 succ=0.106 fk=0.611 adapt=0.501 (48s)
  [grid_b6feff31f1fd] seed=42 reward=3.366 succ=0.096 fk=0.559 adapt=0.591 (49s)
  [grid_a6470f39ac0a] seed=42 reward=3.172 succ=0.086 fk=0.579 adapt=0.480 (47s)
  [grid_bd3a606609ec] seed=42 reward=3.633 succ=0.106 fk=0.611 adapt=0.501 (50s)
  [grid_a19f2c660033] seed=42 reward=3.159 succ=0.002 fk=0.348 adapt=0.006 (69s)
  [grid_b28769c09f02] seed=42 reward=3.330 succ=0.073 fk=0.516 adapt=0.484 (97s)
  [grid_1ab4df09b8cb] seed=42 reward=3.550 succ=0.058 fk=0.536 adapt=0.492 (57s)
  [grid_67c1f0819c63] seed=42 reward=3.577 succ=0.066 fk=0.553 adapt=0.502 (56s)
  [grid_4b09fa62c03a] seed=42 reward=3.563 succ=0.058 fk=0.541 adapt=0.503 (68s)
  [grid_f333d51226c3] seed=42 reward=3.472 succ=0.034 fk=0.511 adapt=0.403 (96s)
  [grid_c2031009c75f] seed=42 reward=3.491 succ=0.013 fk=0.524 adapt=0.391 (66s)
  [grid_b6fddfdc2c48] seed=42 reward=3.645 succ=0.112 fk=0.604 adapt=0.504 (66s)
  [grid_3a83fb6e5420] seed=42 reward=3.537 succ=0.051 fk=0.549 adapt=0.500 (50s)
  [grid_2456466cdae2] seed=42 reward=3.347 succ=0.298 fk=0.645 adapt=0.624 (55s)
  [grid_58fabaca1c40] seed=42 reward=3.634 succ=0.113 fk=0.593 adapt=0.499 (69s)
  [grid_53cef162854f] seed=42 reward=3.645 succ=0.116 fk=0.612 adapt=0.501 (52s)
  [grid_76487d613ab7] seed=42 reward=3.548 succ=0.085 fk=0.548 adapt=0.523 (55s)
  [grid_12ad5fa08691] seed=42 reward=3.552 succ=0.072 fk=0.553 adapt=0.509 (66s)
  [grid_c93359f93e7e] seed=42 reward=3.503 succ=0.078 fk=0.527 adapt=0.492 (51s)
  [grid_e446ffa07722] seed=42 reward=3.110 succ=0.021 fk=0.445 adapt=0.154 (56s)
  [grid_1ca0cd7a1292] seed=42 reward=3.552 succ=0.048 fk=0.548 adapt=0.499 (70s)
  [grid_21640da47d8e] seed=42 reward=3.545 succ=0.046 fk=0.549 adapt=0.500 (50s)
  [grid_7b0820d3eaf0] seed=42 reward=3.051 succ=0.002 fk=0.368 adapt=0.023 (54s)
  [grid_d535a71c8783] seed=42 reward=3.333 succ=0.031 fk=0.514 adapt=0.466 (70s)
  [grid_f0cef9eb7bfe] seed=42 reward=3.309 succ=0.022 fk=0.467 adapt=0.304 (51s)
  [grid_5e8fec2491f4] seed=42 reward=3.422 succ=0.076 fk=0.537 adapt=0.533 (56s)
  [grid_6ea19e539129] seed=42 reward=3.319 succ=0.080 fk=0.543 adapt=0.530 (68s)
  [grid_a81a62e69674] seed=42 reward=3.638 succ=0.116 fk=0.611 adapt=0.501 (46s)
  [grid_0cfaeb983f82] seed=42 reward=3.505 succ=0.201 fk=0.601 adapt=0.661 (49s)
  [grid_fb1de036272d] seed=42 reward=3.657 succ=0.176 fk=0.623 adapt=0.518 (45s)
  [grid_cb5a87cad33e] seed=42 reward=3.638 succ=0.116 fk=0.611 adapt=0.501 (49s)
  [grid_3d305e5a4bee] seed=42 reward=3.251 succ=0.038 fk=0.526 adapt=0.513 (46s)
  [grid_e78bbd8ff5ca] seed=42 reward=3.414 succ=0.093 fk=0.557 adapt=0.587 (53s)
  [grid_bb88451fe4fb] seed=42 reward=3.542 succ=0.047 fk=0.549 adapt=0.500 (48s)
  [grid_84480118615d] seed=42 reward=3.385 succ=0.118 fk=0.542 adapt=0.290 (51s)
  [grid_054ff85a97c1] seed=42 reward=3.638 succ=0.116 fk=0.611 adapt=0.501 (47s)
  [grid_68d5317fa499] seed=42 reward=3.008 succ=0.008 fk=0.452 adapt=0.167 (59s)
  [grid_8dd6a4feaa0b] seed=42 reward=3.497 succ=0.082 fk=0.517 adapt=0.446 (52s)
  [grid_cb2fd0e66f4a] seed=42 reward=3.539 succ=0.051 fk=0.549 adapt=0.500 (49s)
  [grid_8ff0138e5e78] seed=42 reward=3.076 succ=0.002 fk=0.375 adapt=0.026 (51s)
  [grid_6e3d841dceac] seed=42 reward=3.279 succ=0.069 fk=0.516 adapt=0.470 (49s)
  [grid_55fe26692388] seed=42 reward=3.310 succ=0.062 fk=0.534 adapt=0.533 (52s)
  [grid_9077bc0289cc] seed=42 reward=3.450 succ=0.068 fk=0.531 adapt=0.525 (49s)
  [grid_af537d00bac9] seed=42 reward=3.477 succ=0.074 fk=0.532 adapt=0.527 (52s)
  [grid_a520b596fc46] seed=42 reward=3.580 succ=0.122 fk=0.576 adapt=0.529 (46s)
  [grid_87df1e325efb] seed=42 reward=3.365 succ=0.090 fk=0.548 adapt=0.560 (49s)
  [grid_c464f549c766] seed=42 reward=3.642 succ=0.108 fk=0.606 adapt=0.503 (73s)
  [grid_9f0698b14484] seed=42 reward=3.421 succ=0.133 fk=0.581 adapt=0.501 (75s)
  [grid_12126c7cf9ea] seed=42 reward=3.645 succ=0.115 fk=0.611 adapt=0.502 (74s)
  [grid_95103e6d0715] seed=42 reward=3.391 succ=0.035 fk=0.538 adapt=0.440 (154s)
  [grid_03c2cb27352c] seed=42 reward=3.409 succ=0.011 fk=0.494 adapt=0.371 (102s)
  [grid_517d1f9cb1ff] seed=42 reward=3.280 succ=0.057 fk=0.506 adapt=0.410 (76s)
  [grid_682abbe6267b] seed=42 reward=3.384 succ=0.057 fk=0.516 adapt=0.477 (79s)
  [grid_e51d8ef9d04f] seed=42 reward=3.337 succ=0.016 fk=0.503 adapt=0.403 (160s)
  [grid_ac1de0c687cf] seed=42 reward=3.589 succ=0.126 fk=0.583 adapt=0.529 (101s)
  [grid_4cc8acca0554] seed=42 reward=3.397 succ=0.034 fk=0.502 adapt=0.330 (78s)
  [grid_b22c18189d15] seed=42 reward=3.428 succ=0.047 fk=0.532 adapt=0.528 (165s)
  [grid_43c4ffdcc223] seed=42 reward=3.549 succ=0.052 fk=0.545 adapt=0.494 (103s)
  [grid_460c1daf94e1] seed=42 reward=3.165 succ=0.023 fk=0.464 adapt=0.258 (76s)
  [grid_8e939299560c] seed=42 reward=3.532 succ=0.054 fk=0.542 adapt=0.500 (152s)
  [grid_34999e438a94] seed=42 reward=3.442 succ=0.099 fk=0.562 adapt=0.578 (98s)
  [grid_4891ceb2fded] seed=42 reward=3.217 succ=0.027 fk=0.521 adapt=0.430 (77s)
  [grid_572bfe74488f] seed=42 reward=3.446 succ=0.105 fk=0.563 adapt=0.591 (168s)
  [grid_07cea887dc0b] seed=42 reward=3.453 succ=0.029 fk=0.528 adapt=0.490 (111s)
  [grid_f1b4c0dc35f5] seed=42 reward=3.241 succ=0.044 fk=0.534 adapt=0.353 (79s)
  [grid_ee9b8865a1c8] seed=42 reward=3.322 succ=0.036 fk=0.510 adapt=0.455 (59s)
  [grid_cb9af6ce3552] seed=42 reward=3.283 succ=0.031 fk=0.478 adapt=0.326 (96s)
  [grid_6245bd92e0c3] seed=42 reward=3.234 succ=0.041 fk=0.507 adapt=0.427 (69s)
  [grid_35ccb56a66d9] seed=42 reward=3.502 succ=0.059 fk=0.534 adapt=0.469 (97s)
  [grid_6daaea372343] seed=42 reward=3.610 succ=0.096 fk=0.578 adapt=0.502 (58s)
  [grid_1431ae1f7f92] seed=42 reward=3.430 succ=0.100 fk=0.545 adapt=0.568 (57s)
  [grid_e44e23ac18db] seed=42 reward=3.529 succ=0.145 fk=0.599 adapt=0.593 (68s)
  [grid_4925f5ba54ff] seed=42 reward=3.281 succ=0.010 fk=0.462 adapt=0.129 (94s)
  [grid_1810efc2d842] seed=42 reward=3.408 succ=0.098 fk=0.515 adapt=0.396 (58s)
  [grid_142b6157f6b6] seed=42 reward=3.548 succ=0.098 fk=0.568 adapt=0.437 (68s)
  [grid_557a57a49d68] seed=42 reward=3.233 succ=0.065 fk=0.525 adapt=0.469 (94s)
  [grid_c2bf7917adb4] seed=42 reward=3.148 succ=0.002 fk=0.321 adapt=0.002 (71s)
  [grid_069957b6628b] seed=42 reward=3.529 succ=0.065 fk=0.542 adapt=0.523 (102s)
  [grid_a52707f3fdc0] seed=42 reward=3.381 succ=0.032 fk=0.527 adapt=0.485 (83s)
  [grid_e7a7a70a2663] seed=42 reward=3.338 succ=0.044 fk=0.517 adapt=0.467 (122s)
  [grid_1e51bcbdb98c] seed=42 reward=3.418 succ=0.048 fk=0.524 adapt=0.392 (58s)
  [grid_333af51b4eb4] seed=42 reward=3.349 succ=0.032 fk=0.534 adapt=0.495 (67s)
  [grid_ff97541770b4] seed=42 reward=3.534 succ=0.039 fk=0.528 adapt=0.474 (94s)
  [grid_e4735a684490] seed=42 reward=3.535 succ=0.055 fk=0.551 adapt=0.502 (54s)
  [grid_0d3c7a70b304] seed=42 reward=3.633 succ=0.106 fk=0.611 adapt=0.501 (48s)
  [grid_b952d1d99571] seed=42 reward=3.338 succ=0.054 fk=0.541 adapt=0.473 (55s)
  [grid_c2a3c6e61ba4] seed=42 reward=3.557 succ=0.053 fk=0.551 adapt=0.500 (50s)
  [grid_3ee94e293f41] seed=42 reward=3.445 succ=0.057 fk=0.542 adapt=0.531 (52s)
  [grid_25da152cfea4] seed=42 reward=3.288 succ=0.032 fk=0.507 adapt=0.364 (66s)
  [grid_297d272addfa] seed=42 reward=3.250 succ=0.013 fk=0.438 adapt=0.222 (48s)
  [grid_53898caa9a64] seed=42 reward=3.587 succ=0.066 fk=0.590 adapt=0.499 (54s)
  [grid_a17b30bf07bc] seed=42 reward=3.272 succ=0.012 fk=0.423 adapt=0.161 (69s)
  [grid_39bbe366d6b3] seed=42 reward=3.296 succ=0.095 fk=0.507 adapt=0.376 (50s)
  [grid_cbf078a987fc] seed=42 reward=3.427 succ=0.057 fk=0.496 adapt=0.407 (59s)
  [grid_b4157fdef026] seed=42 reward=3.468 succ=0.155 fk=0.579 adapt=0.593 (70s)
  [grid_9c5425a07c69] seed=42 reward=3.547 succ=0.115 fk=0.561 adapt=0.459 (51s)
  [grid_7638c684b66e] seed=42 reward=3.288 succ=0.061 fk=0.533 adapt=0.487 (57s)
  [grid_5e0914b1f873] seed=42 reward=3.437 succ=0.048 fk=0.521 adapt=0.497 (70s)
  [grid_e6a713a9201b] seed=42 reward=3.343 succ=0.020 fk=0.485 adapt=0.358 (51s)
  [grid_37e6e00716c3] seed=42 reward=3.356 succ=0.089 fk=0.547 adapt=0.565 (57s)
  [grid_8794f2f9937f] seed=42 reward=3.391 succ=0.059 fk=0.501 adapt=0.403 (70s)
  [grid_dbc29e6f7079] seed=42 reward=3.483 succ=0.149 fk=0.581 adapt=0.597 (50s)
  [grid_d6cf6231a603] seed=42 reward=3.546 succ=0.049 fk=0.549 adapt=0.501 (56s)
  [grid_c5e39731f852] seed=42 reward=3.563 succ=0.066 fk=0.556 adapt=0.502 (59s)
  [grid_a10c29165070] seed=42 reward=3.542 succ=0.066 fk=0.570 adapt=0.496 (59s)
  [grid_8799b1d23e1c] seed=42 reward=3.253 succ=0.006 fk=0.415 adapt=0.134 (69s)
  [grid_9a539537749a] seed=42 reward=3.305 succ=0.004 fk=0.420 adapt=0.185 (95s)
  [grid_3c2accde2036] seed=42 reward=3.610 succ=0.103 fk=0.584 adapt=0.512 (60s)
  [grid_7350e2267090] seed=42 reward=3.357 succ=0.086 fk=0.552 adapt=0.567 (68s)
  [grid_9761d4a279b0] seed=42 reward=3.458 succ=0.065 fk=0.538 adapt=0.528 (93s)
  [grid_3412e1e5f3ba] seed=42 reward=3.540 succ=0.044 fk=0.547 adapt=0.501 (56s)
  [grid_82cafaef654f] seed=42 reward=3.289 succ=0.042 fk=0.531 adapt=0.513 (68s)
  [grid_89819cef7f96] seed=42 reward=3.481 succ=0.042 fk=0.515 adapt=0.450 (66s)
  [grid_257b60b035bb] seed=42 reward=3.525 succ=0.078 fk=0.537 adapt=0.498 (65s)
  [grid_cdd3cb0b69f9] seed=42 reward=3.452 succ=0.167 fk=0.538 adapt=0.412 (67s)
  [grid_0b4a6b851e3a] seed=42 reward=3.194 succ=0.310 fk=0.653 adapt=0.629 (50s)
  [grid_e4123c320569] seed=42 reward=3.589 succ=0.149 fk=0.589 adapt=0.507 (54s)
  [grid_7c2786b0b700] seed=42 reward=3.234 succ=0.017 fk=0.482 adapt=0.304 (71s)
  [grid_1f33e2163cc4] seed=42 reward=3.536 succ=0.140 fk=0.565 adapt=0.581 (49s)
  [grid_8133bbf1066f] seed=42 reward=3.647 succ=0.111 fk=0.611 adapt=0.504 (52s)
  [grid_0095d72986e0] seed=42 reward=3.023 succ=0.001 fk=0.377 adapt=0.054 (68s)
  [grid_d3f224538a70] seed=42 reward=3.196 succ=0.048 fk=0.484 adapt=0.311 (49s)
  [grid_95d968f3f46e] seed=42 reward=3.582 succ=0.082 fk=0.572 adapt=0.476 (55s)
  [grid_451c722fc419] seed=42 reward=3.084 succ=0.008 fk=0.446 adapt=0.212 (71s)
  [grid_c99b329b2138] seed=42 reward=3.516 succ=0.058 fk=0.542 adapt=0.490 (66s)
  [grid_8f809ab82f30] seed=42 reward=3.502 succ=0.038 fk=0.527 adapt=0.483 (49s)
  [grid_557479f87e41] seed=42 reward=3.243 succ=0.043 fk=0.522 adapt=0.527 (58s)
  [grid_0a8056ad8fd8] seed=42 reward=3.463 succ=0.081 fk=0.551 adapt=0.528 (70s)
  [grid_d017ab7eaa8b] seed=42 reward=3.258 succ=0.043 fk=0.495 adapt=0.409 (49s)
  [grid_047facb2592e] seed=42 reward=3.633 succ=0.106 fk=0.611 adapt=0.501 (48s)
  [grid_07448c4ed4c6] seed=42 reward=3.498 succ=0.079 fk=0.539 adapt=0.536 (57s)
  [grid_b7a5bf8120c9] seed=42 reward=3.617 succ=0.089 fk=0.603 adapt=0.496 (54s)
  [grid_147c13e37c66] seed=42 reward=3.542 succ=0.047 fk=0.549 adapt=0.500 (56s)
  [grid_6d210b418ff9] seed=42 reward=3.120 succ=0.108 fk=0.557 adapt=0.484 (57s)
  [grid_72e6c1e72790] seed=42 reward=3.395 succ=0.062 fk=0.530 adapt=0.490 (59s)
  [grid_ccee5963bc3e] seed=42 reward=3.522 succ=0.090 fk=0.559 adapt=0.520 (58s)
  [grid_556802330b1f] seed=42 reward=3.646 succ=0.113 fk=0.612 adapt=0.501 (51s)
  [grid_23d70ec175dd] seed=42 reward=3.028 succ=0.004 fk=0.420 adapt=0.040 (47s)
  [grid_627f949d6953] seed=42 reward=3.571 succ=0.102 fk=0.576 adapt=0.503 (52s)
  [grid_6a8da288cdcc] seed=42 reward=3.647 succ=0.113 fk=0.612 adapt=0.501 (48s)
  [grid_0ac766a25966] seed=42 reward=3.540 succ=0.056 fk=0.534 adapt=0.494 (51s)
  [grid_538821131344] seed=42 reward=3.638 succ=0.116 fk=0.611 adapt=0.501 (48s)
  [grid_f23ef399abe2] seed=42 reward=3.183 succ=0.008 fk=0.406 adapt=0.043 (52s)
  [grid_b21c1d784f40] seed=42 reward=3.291 succ=0.031 fk=0.489 adapt=0.395 (48s)
  [grid_62898b10e56e] seed=42 reward=3.568 succ=0.053 fk=0.558 adapt=0.501 (53s)
  [grid_58775ebf84ac] seed=42 reward=3.356 succ=0.066 fk=0.536 adapt=0.501 (57s)
  [grid_38d8025d0980] seed=42 reward=3.581 succ=0.117 fk=0.573 adapt=0.547 (56s)
  [grid_b04bb17d1ac9] seed=42 reward=3.567 succ=0.082 fk=0.576 adapt=0.485 (149s)
  [grid_0b4dd7c000a0] seed=42 reward=3.461 succ=0.024 fk=0.522 adapt=0.443 (153s)
  [grid_1bae231e3c50] seed=42 reward=3.406 succ=0.040 fk=0.512 adapt=0.427 (98s)
  [grid_eb358b9034b2] seed=42 reward=3.623 succ=0.117 fk=0.613 adapt=0.509 (76s)
  [grid_b8b2d4384757] seed=42 reward=3.426 succ=0.027 fk=0.512 adapt=0.359 (159s)
  [grid_fbb325874e02] seed=42 reward=3.528 succ=0.117 fk=0.575 adapt=0.534 (99s)
  [grid_de5c49542201] seed=42 reward=3.338 succ=0.050 fk=0.481 adapt=0.333 (77s)
  [grid_a1ef6aac99ce] seed=42 reward=3.293 succ=0.013 fk=0.490 adapt=0.239 (158s)
  [grid_167c4e28108d] seed=42 reward=3.434 succ=0.050 fk=0.537 adapt=0.540 (100s)
  [grid_2ff24655731a] seed=42 reward=3.288 succ=0.040 fk=0.506 adapt=0.450 (79s)
  [grid_913a5fd7a711] seed=42 reward=3.471 succ=0.093 fk=0.566 adapt=0.573 (161s)
  [grid_8f8d893ab08a] seed=42 reward=3.486 succ=0.039 fk=0.523 adapt=0.462 (95s)
  [grid_c24af2df48aa] seed=42 reward=3.465 succ=0.038 fk=0.540 adapt=0.438 (152s)
  [grid_02373a8bdf4c] seed=42 reward=3.085 succ=0.009 fk=0.463 adapt=0.247 (100s)
  [grid_4b071aa29421] seed=42 reward=3.654 succ=0.128 fk=0.615 adapt=0.511 (78s)
  [grid_e1949fb8a22e] seed=42 reward=3.397 succ=0.144 fk=0.547 adapt=0.458 (168s)
  [grid_594c9fcca030] seed=42 reward=3.465 succ=0.033 fk=0.537 adapt=0.472 (103s)
  [grid_e7254548cf71] seed=42 reward=3.527 succ=0.049 fk=0.554 adapt=0.456 (97s)
  [grid_e20fe2f84115] seed=42 reward=3.633 succ=0.106 fk=0.611 adapt=0.501 (56s)
  [grid_16563648ae9e] seed=42 reward=3.475 succ=0.052 fk=0.537 adapt=0.418 (98s)
  [grid_e6cc02fc5571] seed=42 reward=3.444 succ=0.047 fk=0.526 adapt=0.503 (67s)
  [grid_01c8d6be4faa] seed=42 reward=3.325 succ=0.140 fk=0.549 adapt=0.383 (95s)
  [grid_b46f18ce6846] seed=42 reward=3.327 succ=0.116 fk=0.599 adapt=0.510 (67s)
  [grid_33439ab12f5d] seed=42 reward=3.347 succ=0.015 fk=0.443 adapt=0.258 (94s)
  [grid_f96916cbfab9] seed=42 reward=3.617 succ=0.109 fk=0.609 adapt=0.488 (66s)
  [grid_61b235e0f706] seed=42 reward=3.167 succ=0.010 fk=0.429 adapt=0.136 (91s)
  [grid_af8c28faa65f] seed=42 reward=3.181 succ=0.052 fk=0.491 adapt=0.324 (56s)
  [grid_59cd118fad5d] seed=42 reward=3.331 succ=0.003 fk=0.440 adapt=0.148 (67s)
  [grid_b17f88cf405c] seed=42 reward=3.337 succ=0.011 fk=0.485 adapt=0.267 (98s)
  [grid_077c5b8d801f] seed=42 reward=3.238 succ=0.050 fk=0.482 adapt=0.299 (66s)
  [grid_f0c021afe279] seed=42 reward=3.523 succ=0.102 fk=0.564 adapt=0.524 (73s)
  [grid_eaf7aff65cae] seed=42 reward=3.266 succ=0.050 fk=0.532 adapt=0.514 (90s)
  [grid_2a895ddac8ba] seed=42 reward=3.559 succ=0.046 fk=0.544 adapt=0.495 (93s)
  [grid_6c0ff65bf1e6] seed=42 reward=3.534 succ=0.050 fk=0.535 adapt=0.500 (57s)
  [grid_aa2e455d18ff] seed=42 reward=3.469 succ=0.048 fk=0.528 adapt=0.514 (56s)
  [grid_7cffc8de42a1] seed=42 reward=3.662 succ=0.209 fk=0.641 adapt=0.589 (48s)
  [grid_51fdf499b5f0] seed=42 reward=3.324 succ=0.078 fk=0.543 adapt=0.451 (53s)
  [grid_2261c1f53eca] seed=42 reward=3.366 succ=0.403 fk=0.704 adapt=0.743 (47s)
  [grid_787d929bd31c] seed=42 reward=3.161 succ=0.047 fk=0.511 adapt=0.359 (68s)
  [grid_077d532351c2] seed=42 reward=3.261 succ=0.004 fk=0.473 adapt=0.310 (53s)
  [grid_2e38d211d980] seed=42 reward=3.515 succ=0.083 fk=0.556 adapt=0.449 (65s)
  [grid_c4bc6bf10ff5] seed=42 reward=3.623 succ=0.102 fk=0.600 adapt=0.500 (47s)
  [grid_5c3224ae379a] seed=42 reward=3.454 succ=0.134 fk=0.562 adapt=0.344 (51s)
  [grid_5c6f6306eed4] seed=42 reward=3.471 succ=0.042 fk=0.532 adapt=0.483 (68s)
  [grid_e330222de8b3] seed=42 reward=3.459 succ=0.036 fk=0.514 adapt=0.456 (68s)
  [grid_27bfb35e1169] seed=42 reward=3.404 succ=0.068 fk=0.524 adapt=0.441 (72s)
  [grid_43ad6fdf1ed0] seed=42 reward=3.546 succ=0.180 fk=0.579 adapt=0.532 (50s)
  [grid_3299cf5e1485] seed=42 reward=3.504 succ=0.062 fk=0.518 adapt=0.458 (56s)
  [grid_ac7ffaab9cd2] seed=42 reward=3.207 succ=0.015 fk=0.463 adapt=0.243 (70s)
  [grid_a35f1ad033a0] seed=42 reward=3.249 succ=0.038 fk=0.509 adapt=0.464 (50s)
  [grid_127a168d4805] seed=42 reward=3.345 succ=0.073 fk=0.544 adapt=0.543 (56s)
  [grid_8504d0767c30] seed=42 reward=3.455 succ=0.024 fk=0.528 adapt=0.455 (71s)
  [grid_00252389263d] seed=42 reward=3.170 succ=0.015 fk=0.467 adapt=0.276 (49s)
  [grid_ac06eb03964b] seed=42 reward=3.531 succ=0.098 fk=0.563 adapt=0.523 (51s)
  [grid_0b776c65ca1c] seed=42 reward=3.232 succ=0.118 fk=0.556 adapt=0.511 (55s)
  [grid_2d6d0dd17f6b] seed=42 reward=3.454 succ=0.062 fk=0.541 adapt=0.504 (59s)
  [grid_8ae386a0ed37] seed=42 reward=3.655 succ=0.187 fk=0.626 adapt=0.547 (57s)
  [grid_a913931d6daf] seed=42 reward=3.484 succ=0.052 fk=0.527 adapt=0.497 (62s)
  [grid_45859202ae9c] seed=42 reward=3.189 succ=0.010 fk=0.478 adapt=0.295 (58s)
  grid progress: 10/2304 configs done
  grid progress: 20/2304 configs done
  grid progress: 30/2304 configs done
  grid progress: 40/2304 configs done
  grid progress: 50/2304 configs done
  grid progress: 60/2304 configs done
  grid progress: 70/2304 configs done
  grid progress: 80/2304 configs done
  grid progress: 90/2304 configs done
  grid progress: 100/2304 configs done
  grid progress: 110/2304 configs done
  grid progress: 120/2304 configs done
  grid progress: 130/2304 configs done
  grid progress: 140/2304 configs done
  grid progress: 150/2304 configs done
  grid progress: 160/2304 configs done
  grid progress: 170/2304 configs done
  grid progress: 180/2304 configs done
  grid progress: 190/2304 configs done
  grid progress: 200/2304 configs done
  grid progress: 210/2304 configs done
  grid progress: 220/2304 configs done
  grid progress: 230/2304 configs done
  grid progress: 240/2304 configs done
  grid progress: 250/2304 configs done
  grid progress: 260/2304 configs done
  grid progress: 270/2304 configs done
  grid progress: 280/2304 configs done
  grid progress: 290/2304 configs done
  grid progress: 300/2304 configs done
  grid progress: 310/2304 configs done
  grid progress: 320/2304 configs done
  grid progress: 330/2304 configs done
  grid progress: 340/2304 configs done
  grid progress: 350/2304 configs done
  grid progress: 360/2304 configs done
  grid progress: 370/2304 configs done
  grid progress: 380/2304 configs done
  grid progress: 390/2304 configs done
  grid progress: 400/2304 configs done
  grid progress: 410/2304 configs done
  grid progress: 420/2304 configs done
  grid progress: 430/2304 configs done
  grid progress: 440/2304 configs done
  grid progress: 450/2304 configs done
  grid progress: 460/2304 configs done
  grid progress: 470/2304 configs done
  grid progress: 480/2304 configs done
  grid progress: 490/2304 configs done
  grid progress: 500/2304 configs done
  grid progress: 510/2304 configs done
  grid progress: 520/2304 configs done
  grid progress: 530/2304 configs done
  grid progress: 540/2304 configs done
  grid progress: 550/2304 configs done
  grid progress: 560/2304 configs done
  grid progress: 570/2304 configs done
  grid progress: 580/2304 configs done
  grid progress: 590/2304 configs done
  grid progress: 600/2304 configs done
  grid progress: 610/2304 configs done
  grid progress: 620/2304 configs done
  grid progress: 630/2304 configs done
  grid progress: 640/2304 configs done
  grid progress: 650/2304 configs done
  grid progress: 660/2304 configs done
  grid progress: 670/2304 configs done
  grid progress: 680/2304 configs done
  grid progress: 690/2304 configs done
  grid progress: 700/2304 configs done
  grid progress: 710/2304 configs done
  grid progress: 720/2304 configs done
  grid progress: 730/2304 configs done
  grid progress: 740/2304 configs done
  grid progress: 750/2304 configs done
  grid progress: 760/2304 configs done
  grid progress: 770/2304 configs done
  grid progress: 780/2304 configs done
  grid progress: 790/2304 configs done
  grid progress: 800/2304 configs done
  grid progress: 810/2304 configs done
  grid progress: 820/2304 configs done
  grid progress: 830/2304 configs done
  grid progress: 840/2304 configs done
  grid progress: 850/2304 configs done
  grid progress: 860/2304 configs done
  grid progress: 870/2304 configs done
  grid progress: 880/2304 configs done
  grid progress: 890/2304 configs done
  grid progress: 900/2304 configs done
  grid progress: 910/2304 configs done
  grid progress: 920/2304 configs done
  grid progress: 930/2304 configs done
  grid progress: 940/2304 configs done
  grid progress: 950/2304 configs done
  grid progress: 960/2304 configs done
  grid progress: 970/2304 configs done
  grid progress: 980/2304 configs done
  grid progress: 990/2304 configs done
  grid progress: 1000/2304 configs done
  grid progress: 1010/2304 configs done
  grid progress: 1020/2304 configs done
  grid progress: 1030/2304 configs done
  grid progress: 1040/2304 configs done
  grid progress: 1050/2304 configs done
  grid progress: 1060/2304 configs done
  grid progress: 1070/2304 configs done
  grid progress: 1080/2304 configs done
  grid progress: 1090/2304 configs done
  grid progress: 1100/2304 configs done
  grid progress: 1110/2304 configs done
  grid progress: 1120/2304 configs done
  grid progress: 1130/2304 configs done
  grid progress: 1140/2304 configs done
  grid progress: 1150/2304 configs done
  grid progress: 1160/2304 configs done
  grid progress: 1170/2304 configs done
  grid progress: 1180/2304 configs done
  grid progress: 1190/2304 configs done
  grid progress: 1200/2304 configs done
  grid progress: 1210/2304 configs done
  grid progress: 1220/2304 configs done
  grid progress: 1230/2304 configs done
  grid progress: 1240/2304 configs done
  grid progress: 1250/2304 configs done
  grid progress: 1260/2304 configs done
  grid progress: 1270/2304 configs done
  grid progress: 1280/2304 configs done
  grid progress: 1290/2304 configs done
  grid progress: 1300/2304 configs done
  grid progress: 1310/2304 configs done
  grid progress: 1320/2304 configs done
  grid progress: 1330/2304 configs done
  grid progress: 1340/2304 configs done
  grid progress: 1350/2304 configs done
  grid progress: 1360/2304 configs done
  grid progress: 1370/2304 configs done
  grid progress: 1380/2304 configs done
  grid progress: 1390/2304 configs done
  grid progress: 1400/2304 configs done
  grid progress: 1410/2304 configs done
  grid progress: 1420/2304 configs done
  grid progress: 1430/2304 configs done
  grid progress: 1440/2304 configs done
  grid progress: 1450/2304 configs done
  grid progress: 1460/2304 configs done
  grid progress: 1470/2304 configs done
  grid progress: 1480/2304 configs done
  grid progress: 1490/2304 configs done
  grid progress: 1500/2304 configs done
  grid progress: 1510/2304 configs done
  grid progress: 1520/2304 configs done
  grid progress: 1530/2304 configs done
  grid progress: 1540/2304 configs done
  grid progress: 1550/2304 configs done
  grid progress: 1560/2304 configs done
  grid progress: 1570/2304 configs done
  grid progress: 1580/2304 configs done
  grid progress: 1590/2304 configs done
  grid progress: 1600/2304 configs done
  grid progress: 1610/2304 configs done
  grid progress: 1620/2304 configs done
  grid progress: 1630/2304 configs done
  grid progress: 1640/2304 configs done
  grid progress: 1650/2304 configs done
  grid progress: 1660/2304 configs done
  grid progress: 1670/2304 configs done
  grid progress: 1680/2304 configs done
  grid progress: 1690/2304 configs done
  grid progress: 1700/2304 configs done
  grid progress: 1710/2304 configs done
  grid progress: 1720/2304 configs done
  grid progress: 1730/2304 configs done
  grid progress: 1740/2304 configs done
  grid progress: 1750/2304 configs done
  grid progress: 1760/2304 configs done
  grid progress: 1770/2304 configs done
  grid progress: 1780/2304 configs done
  grid progress: 1790/2304 configs done
  grid progress: 1800/2304 configs done
  grid progress: 1810/2304 configs done
  grid progress: 1820/2304 configs done
  grid progress: 1830/2304 configs done
  grid progress: 1840/2304 configs done
  grid progress: 1850/2304 configs done
  grid progress: 1860/2304 configs done
  grid progress: 1870/2304 configs done
  grid progress: 1880/2304 configs done
  grid progress: 1890/2304 configs done
  grid progress: 1900/2304 configs done
  grid progress: 1910/2304 configs done
  grid progress: 1920/2304 configs done
  grid progress: 1930/2304 configs done
  grid progress: 1940/2304 configs done
  grid progress: 1950/2304 configs done
  grid progress: 1960/2304 configs done
  grid progress: 1970/2304 configs done
  grid progress: 1980/2304 configs done
  grid progress: 1990/2304 configs done
  grid progress: 2000/2304 configs done
  grid progress: 2010/2304 configs done
  grid progress: 2020/2304 configs done
  grid progress: 2030/2304 configs done
  grid progress: 2040/2304 configs done
  grid progress: 2050/2304 configs done
  grid progress: 2060/2304 configs done
  grid progress: 2070/2304 configs done
  [grid_e6ad2ba784a7] seed=42 reward=3.425 succ=0.010 fk=0.484 adapt=0.347 (58s)
  [grid_a2546cbbe070] seed=42 reward=3.553 succ=0.047 fk=0.537 adapt=0.501 (58s)
  [grid_53ac87f199c0] seed=42 reward=3.451 succ=0.058 fk=0.531 adapt=0.531 (61s)
  [grid_4faa6e551c80] seed=42 reward=3.415 succ=0.092 fk=0.550 adapt=0.525 (60s)
  [grid_d0f630b21106] seed=42 reward=3.399 succ=0.099 fk=0.557 adapt=0.585 (62s)
  [grid_c798432a5b8a] seed=42 reward=3.500 succ=0.048 fk=0.532 adapt=0.498 (66s)
  [grid_415b6156c15c] seed=42 reward=3.307 succ=0.078 fk=0.543 adapt=0.558 (51s)
  [grid_b17b86b08e38] seed=42 reward=3.535 succ=0.051 fk=0.534 adapt=0.503 (45s)
  [grid_1e445f147050] seed=42 reward=3.368 succ=0.079 fk=0.542 adapt=0.547 (49s)
  [grid_2c08e07cd17d] seed=42 reward=3.549 succ=0.050 fk=0.549 adapt=0.501 (45s)
  [grid_e354b0e54068] seed=42 reward=3.566 succ=0.060 fk=0.558 adapt=0.500 (49s)
  [grid_ac972a0c44f8] seed=42 reward=3.629 succ=0.108 fk=0.609 adapt=0.495 (71s)
  [grid_1da065b78cd0] seed=42 reward=3.372 succ=0.050 fk=0.532 adapt=0.518 (77s)
  [grid_228a8b8168e4] seed=42 reward=3.429 succ=0.045 fk=0.535 adapt=0.503 (160s)
  [grid_bff13feaf46e] seed=42 reward=3.191 succ=0.021 fk=0.451 adapt=0.243 (164s)
  [grid_cc4677ce2e9b] seed=42 reward=3.618 succ=0.085 fk=0.590 adapt=0.503 (98s)
  [grid_2a00664902cd] seed=42 reward=3.546 succ=0.063 fk=0.559 adapt=0.421 (157s)
  [grid_ba5ce6b685ff] seed=42 reward=3.103 succ=0.052 fk=0.503 adapt=0.432 (100s)
  [grid_16d65bec9bee] seed=42 reward=3.454 succ=0.076 fk=0.562 adapt=0.407 (79s)
  [grid_385f98fb3e97] seed=42 reward=3.094 succ=0.019 fk=0.476 adapt=0.133 (163s)
  [grid_cdc9f7a09719] seed=42 reward=3.460 succ=0.043 fk=0.532 adapt=0.523 (95s)
  [grid_ce26fcda2b6a] seed=42 reward=3.348 succ=0.073 fk=0.507 adapt=0.356 (74s)
  [grid_896f9865874a] seed=42 reward=3.227 succ=0.007 fk=0.446 adapt=0.223 (154s)
  [grid_362a4cd08873] seed=42 reward=3.158 succ=0.001 fk=0.376 adapt=0.102 (95s)
  [grid_48a8a5d5ed9d] seed=42 reward=3.223 succ=0.051 fk=0.529 adapt=0.461 (75s)
  [grid_63761cae784b] seed=42 reward=3.528 succ=0.043 fk=0.533 adapt=0.483 (165s)
  [grid_12459cf74d0a] seed=42 reward=3.067 succ=0.015 fk=0.486 adapt=0.391 (109s)
  [grid_e5c4a22ce17c] seed=42 reward=3.410 succ=0.063 fk=0.546 adapt=0.527 (81s)
  [grid_754070afea59] seed=42 reward=3.456 succ=0.090 fk=0.533 adapt=0.500 (161s)
  [grid_c4f3b67f227d] seed=42 reward=2.947 succ=0.007 fk=0.423 adapt=0.189 (56s)
  [grid_48652e05ac19] seed=42 reward=3.491 succ=0.022 fk=0.524 adapt=0.363 (90s)
  [grid_de1a83b339cd] seed=42 reward=3.488 succ=0.072 fk=0.592 adapt=0.459 (56s)
  [grid_c027aca0d1b3] seed=42 reward=3.185 succ=0.040 fk=0.507 adapt=0.277 (56s)
  [grid_24871cd14039] seed=42 reward=3.592 succ=0.134 fk=0.625 adapt=0.500 (63s)
  [grid_74cb08e608a0] seed=42 reward=3.185 succ=0.020 fk=0.491 adapt=0.268 (88s)
  [grid_65850e311065] seed=42 reward=3.447 succ=0.152 fk=0.552 adapt=0.511 (54s)
  [grid_2254214a0da5] seed=42 reward=3.563 succ=0.070 fk=0.554 adapt=0.502 (64s)
  [grid_452504631d06] seed=42 reward=3.245 succ=0.009 fk=0.450 adapt=0.153 (88s)
  [grid_4f9c28af639c] seed=42 reward=3.123 succ=0.041 fk=0.499 adapt=0.369 (57s)
  [grid_1b5ee4d25dd9] seed=42 reward=3.499 succ=0.061 fk=0.519 adapt=0.360 (55s)
  [grid_b408d4c8abd2] seed=42 reward=3.433 succ=0.055 fk=0.522 adapt=0.491 (55s)
  [grid_fb574cb51e5c] seed=42 reward=3.533 succ=0.047 fk=0.548 adapt=0.498 (56s)
  [grid_e878cf2a5570] seed=42 reward=3.168 succ=0.003 fk=0.375 adapt=0.082 (69s)
  [grid_16fd9fea4716] seed=42 reward=3.561 succ=0.051 fk=0.538 adapt=0.492 (98s)
  [grid_a49ccaba2130] seed=42 reward=3.337 succ=0.027 fk=0.512 adapt=0.441 (66s)
  [grid_d70aa7d37a53] seed=42 reward=3.396 succ=0.073 fk=0.540 adapt=0.544 (93s)
  [grid_24ee81bbe10a] seed=42 reward=3.541 succ=0.046 fk=0.567 adapt=0.481 (67s)
  [grid_3523f89c6ed5] seed=42 reward=3.267 succ=0.009 fk=0.434 adapt=0.212 (68s)
  [grid_24a6b59e79ec] seed=42 reward=3.226 succ=0.185 fk=0.580 adapt=0.523 (64s)
  [grid_2c0afbca3421] seed=42 reward=3.209 succ=0.048 fk=0.496 adapt=0.376 (65s)
  [grid_f4b788329f41] seed=42 reward=3.447 succ=0.202 fk=0.615 adapt=0.500 (50s)
  [grid_f655b3392533] seed=42 reward=3.448 succ=0.021 fk=0.522 adapt=0.216 (56s)
  [grid_c48b29906b18] seed=42 reward=3.263 succ=0.011 fk=0.467 adapt=0.281 (69s)
  [grid_5772abb95ea5] seed=42 reward=3.353 succ=0.009 fk=0.438 adapt=0.230 (70s)
  [grid_191a665547c7] seed=42 reward=3.451 succ=0.026 fk=0.528 adapt=0.434 (69s)
  [grid_1d063ef00861] seed=42 reward=3.435 succ=0.074 fk=0.513 adapt=0.428 (51s)
  [grid_18b2f587d83c] seed=42 reward=3.341 succ=0.027 fk=0.497 adapt=0.384 (57s)
  [grid_f758dccb273d] seed=42 reward=3.490 succ=0.064 fk=0.545 adapt=0.532 (71s)
  [grid_d4d8bdceb315] seed=42 reward=3.557 succ=0.053 fk=0.551 adapt=0.505 (51s)
  [grid_305977a4904f] seed=42 reward=3.183 succ=0.001 fk=0.328 adapt=0.012 (57s)
  [grid_d73db422105c] seed=42 reward=3.358 succ=0.062 fk=0.524 adapt=0.513 (72s)
  [grid_653ef868dc80] seed=42 reward=3.637 succ=0.105 fk=0.603 adapt=0.501 (52s)
  [grid_f12d3d2797f9] seed=42 reward=3.411 succ=0.043 fk=0.534 adapt=0.489 (58s)
  [grid_c91cee21646f] seed=42 reward=3.510 succ=0.058 fk=0.518 adapt=0.453 (71s)
  [grid_9ccd93ef0512] seed=42 reward=3.432 succ=0.032 fk=0.524 adapt=0.389 (70s)
  [grid_32e3f9178d0e] seed=42 reward=3.490 succ=0.343 fk=0.676 adapt=0.718 (47s)
  [grid_ccac0146e07a] seed=42 reward=3.642 succ=0.113 fk=0.608 adapt=0.490 (50s)
  [grid_b5f494398ea5] seed=42 reward=3.633 succ=0.106 fk=0.611 adapt=0.501 (47s)
  [grid_a2380d99d67b] seed=42 reward=3.638 succ=0.100 fk=0.608 adapt=0.487 (51s)
  [grid_2868520efd24] seed=42 reward=3.519 succ=0.139 fk=0.571 adapt=0.499 (47s)
  [grid_917fbeade8bf] seed=42 reward=3.367 succ=0.092 fk=0.516 adapt=0.375 (51s)
  [grid_c111823ed581] seed=42 reward=3.603 succ=0.205 fk=0.632 adapt=0.554 (47s)
  [grid_ca7e67620406] seed=42 reward=3.437 succ=0.065 fk=0.531 adapt=0.280 (50s)
  [grid_74c36ea8b20e] seed=42 reward=3.478 succ=0.081 fk=0.540 adapt=0.484 (47s)
  [grid_e81d58fde7b0] seed=42 reward=3.523 succ=0.063 fk=0.552 adapt=0.494 (51s)
  [grid_77852f267d32] seed=42 reward=3.536 succ=0.061 fk=0.559 adapt=0.496 (48s)
  [grid_b65fda5ba8c1] seed=42 reward=3.376 succ=0.021 fk=0.485 adapt=0.151 (50s)
  [grid_34c7e03db078] seed=42 reward=3.648 succ=0.113 fk=0.612 adapt=0.503 (48s)
  [grid_1f16edee8154] seed=42 reward=3.077 succ=0.001 fk=0.378 adapt=0.000 (51s)
  [grid_29f6a9b3005d] seed=42 reward=3.309 succ=0.044 fk=0.521 adapt=0.489 (48s)
  [grid_32266234873d] seed=42 reward=3.378 succ=0.062 fk=0.527 adapt=0.536 (53s)
  [grid_217aa2a5eaee] seed=42 reward=3.464 succ=0.014 fk=0.493 adapt=0.373 (48s)
  [grid_977de1f83ee1] seed=42 reward=3.579 succ=0.070 fk=0.544 adapt=0.512 (53s)
  [grid_584ef7bd2ef3] seed=42 reward=3.436 succ=0.076 fk=0.576 adapt=0.500 (47s)
  [grid_8d6c2540a1b8] seed=42 reward=3.634 succ=0.108 fk=0.611 adapt=0.496 (50s)
  [grid_baa3ec7b0d63] seed=42 reward=3.458 succ=0.070 fk=0.551 adapt=0.494 (51s)
  [grid_43cd5ccca09e] seed=42 reward=3.574 succ=0.133 fk=0.570 adapt=0.556 (50s)
  [grid_b80ece6e92b6] seed=42 reward=3.392 succ=0.120 fk=0.533 adapt=0.486 (46s)
  [grid_3061f4e1a67e] seed=42 reward=3.632 succ=0.106 fk=0.611 adapt=0.501 (49s)
  [grid_deedbe167353] seed=42 reward=3.179 succ=0.050 fk=0.493 adapt=0.366 (48s)
  [grid_9f5297a08ca4] seed=42 reward=3.396 succ=0.035 fk=0.490 adapt=0.343 (50s)
  [grid_4d6902d5f4ab] seed=42 reward=3.546 succ=0.049 fk=0.549 adapt=0.501 (47s)
  [grid_ba92f2fbb713] seed=42 reward=3.323 succ=0.054 fk=0.515 adapt=0.426 (54s)
  [grid_2499e0e3082d] seed=42 reward=3.542 succ=0.047 fk=0.549 adapt=0.500 (51s)
  [grid_75a182134126] seed=42 reward=3.237 succ=0.023 fk=0.445 adapt=0.056 (56s)
  [grid_fdeba88e02ee] seed=42 reward=3.557 succ=0.053 fk=0.545 adapt=0.499 (45s)
  [grid_2b9e63524e95] seed=42 reward=3.436 succ=0.119 fk=0.561 adapt=0.586 (48s)
  [grid_b4a7dfa242ec] seed=42 reward=3.486 succ=0.017 fk=0.506 adapt=0.399 (45s)
  [grid_1b93d43196b8] seed=42 reward=3.566 succ=0.076 fk=0.573 adapt=0.480 (48s)
  [grid_b62da19bf238] seed=42 reward=3.460 succ=0.042 fk=0.532 adapt=0.428 (58s)
  [grid_b9cd07554afa] seed=42 reward=3.321 succ=0.063 fk=0.543 adapt=0.543 (99s)
  [grid_4b97bf0047bc] seed=42 reward=3.533 succ=0.060 fk=0.559 adapt=0.467 (100s)
  [grid_66d85969290d] seed=42 reward=3.058 succ=0.014 fk=0.468 adapt=0.152 (78s)
  [grid_8bd33c6e2dee] seed=42 reward=3.588 succ=0.105 fk=0.586 adapt=0.489 (83s)
  [grid_682f3c1fd0a5] seed=42 reward=3.081 succ=0.154 fk=0.530 adapt=0.257 (101s)
  [grid_a3cb8d2ba127] seed=42 reward=3.582 succ=0.129 fk=0.583 adapt=0.518 (75s)
  [grid_5bf23b821e2f] seed=42 reward=3.307 succ=0.017 fk=0.486 adapt=0.361 (78s)
  [grid_0afaf56540e4] seed=42 reward=3.420 succ=0.036 fk=0.542 adapt=0.443 (158s)
  [grid_3388a28f8ffe] seed=42 reward=3.479 succ=0.008 fk=0.527 adapt=0.336 (102s)
  [grid_7ad97c361254] seed=42 reward=2.927 succ=0.002 fk=0.387 adapt=0.087 (81s)
  [grid_c3d5389da13d] seed=42 reward=3.375 succ=0.050 fk=0.526 adapt=0.500 (158s)
  [grid_a3b0be5a87b0] seed=42 reward=3.304 succ=0.006 fk=0.439 adapt=0.220 (97s)
  [grid_9e9089ee2ef3] seed=42 reward=3.283 succ=0.043 fk=0.510 adapt=0.440 (74s)
  [grid_63e69044f183] seed=42 reward=3.518 succ=0.046 fk=0.559 adapt=0.491 (154s)
  [grid_bb10c36e3aca] seed=42 reward=3.048 succ=0.009 fk=0.443 adapt=0.230 (99s)
  [grid_e63b90fa3ba6] seed=42 reward=2.961 succ=0.035 fk=0.528 adapt=0.412 (76s)
  [grid_f61453e74abb] seed=42 reward=3.583 succ=0.137 fk=0.579 adapt=0.560 (175s)
  [grid_b911bb0754da] seed=42 reward=3.389 succ=0.065 fk=0.546 adapt=0.553 (106s)
  [grid_4c655fc63f7b] seed=42 reward=3.255 succ=0.069 fk=0.545 adapt=0.420 (77s)
  [grid_c5ac71058b29] seed=42 reward=3.561 succ=0.086 fk=0.589 adapt=0.473 (102s)
  [grid_b5fa81b98f6c] seed=42 reward=3.354 succ=0.043 fk=0.522 adapt=0.455 (90s)
  [grid_3fba5dd12145] seed=42 reward=3.179 succ=0.030 fk=0.507 adapt=0.366 (66s)
  [grid_64d342319723] seed=42 reward=3.324 succ=0.031 fk=0.522 adapt=0.275 (92s)
  [grid_9b4d1587f925] seed=42 reward=3.443 succ=0.059 fk=0.540 adapt=0.520 (64s)
  [grid_54951a3edc9f] seed=42 reward=3.338 succ=0.006 fk=0.449 adapt=0.190 (88s)
  [grid_c483c5fe247b] seed=42 reward=3.230 succ=0.038 fk=0.501 adapt=0.449 (54s)
  [grid_517ecdc682e1] seed=42 reward=3.536 succ=0.040 fk=0.536 adapt=0.493 (54s)
  [grid_8616bf572de8] seed=42 reward=3.228 succ=0.035 fk=0.468 adapt=0.275 (54s)
  [grid_1103d2bf509b] seed=42 reward=3.510 succ=0.048 fk=0.531 adapt=0.501 (68s)
  [grid_562b6ec4e58a] seed=42 reward=3.429 succ=0.096 fk=0.549 adapt=0.523 (91s)
  [grid_26d402bae554] seed=42 reward=3.113 succ=0.031 fk=0.491 adapt=0.316 (56s)
  [grid_954708ee9732] seed=42 reward=3.286 succ=0.034 fk=0.473 adapt=0.327 (57s)
  [grid_17143196d176] seed=42 reward=3.240 succ=0.002 fk=0.372 adapt=0.078 (69s)
  [grid_d03059e469a9] seed=42 reward=3.496 succ=0.039 fk=0.520 adapt=0.457 (95s)
  [grid_ea526b9d786f] seed=42 reward=3.586 succ=0.078 fk=0.547 adapt=0.512 (67s)
  [grid_8fb3cf60ec9b] seed=42 reward=3.280 succ=0.057 fk=0.498 adapt=0.342 (95s)
  [grid_d0a01fe75c76] seed=42 reward=3.412 succ=0.056 fk=0.532 adapt=0.522 (57s)
  [grid_291704835c93] seed=42 reward=3.596 succ=0.091 fk=0.567 adapt=0.502 (48s)
  [grid_9ba5cc2f6de3] seed=42 reward=3.126 succ=0.022 fk=0.471 adapt=0.225 (48s)
  [grid_60460b2d1c95] seed=42 reward=3.553 succ=0.114 fk=0.572 adapt=0.511 (65s)
  [grid_2832c086e1e2] seed=42 reward=3.633 succ=0.106 fk=0.611 adapt=0.501 (48s)
  [grid_6c1f60b5bd09] seed=42 reward=3.367 succ=0.232 fk=0.602 adapt=0.580 (52s)
  [grid_5667b8eb26e9] seed=42 reward=3.484 succ=0.020 fk=0.526 adapt=0.329 (57s)
  [grid_8c99eb28c471] seed=42 reward=3.168 succ=0.017 fk=0.485 adapt=0.269 (71s)
  [grid_ad7a81ebd599] seed=42 reward=3.242 succ=0.024 fk=0.465 adapt=0.293 (50s)
  [grid_21441556c860] seed=42 reward=3.514 succ=0.048 fk=0.541 adapt=0.492 (57s)
  [grid_7957432a2038] seed=42 reward=3.018 succ=0.013 fk=0.482 adapt=0.349 (69s)
  [grid_870478234998] seed=42 reward=3.184 succ=0.037 fk=0.456 adapt=0.220 (52s)
  [grid_93dfc15be325] seed=42 reward=3.550 succ=0.064 fk=0.555 adapt=0.464 (58s)
  [grid_fc3a6cbff44d] seed=42 reward=3.203 succ=0.009 fk=0.454 adapt=0.192 (71s)
  [grid_ad85a9efeb17] seed=42 reward=3.270 succ=0.006 fk=0.431 adapt=0.215 (52s)
  [grid_fa90ea320fab] seed=42 reward=3.290 succ=0.055 fk=0.535 adapt=0.525 (58s)
  [grid_29534eb22322] seed=42 reward=3.497 succ=0.054 fk=0.518 adapt=0.443 (75s)
  [grid_7e365cf6ce88] seed=42 reward=3.440 succ=0.014 fk=0.495 adapt=0.379 (52s)
  [grid_8b492e58755a] seed=42 reward=3.451 succ=0.055 fk=0.528 adapt=0.516 (58s)
  [grid_b78dbb815e08] seed=42 reward=3.558 succ=0.067 fk=0.553 adapt=0.508 (49s)
  [grid_5a3d3e7e1d64] seed=42 reward=3.453 succ=0.106 fk=0.564 adapt=0.583 (50s)
  [grid_c59533bd285b] seed=42 reward=3.349 succ=0.015 fk=0.471 adapt=0.188 (58s)
  [grid_077f82acb519] seed=42 reward=3.304 succ=0.152 fk=0.539 adapt=0.516 (59s)
  [grid_1514f50d0f8e] seed=42 reward=3.139 succ=0.009 fk=0.401 adapt=0.126 (59s)
  [grid_341962f5783a] seed=42 reward=3.247 succ=0.041 fk=0.484 adapt=0.288 (58s)
  [grid_3d3767e8b680] seed=42 reward=3.564 succ=0.051 fk=0.560 adapt=0.504 (58s)
  [grid_9760186a5db3] seed=42 reward=2.892 succ=0.025 fk=0.479 adapt=0.223 (59s)
  [grid_823438189bd4] seed=42 reward=3.166 succ=0.021 fk=0.462 adapt=0.208 (59s)
  [grid_5e24fed7bf37] seed=42 reward=3.508 succ=0.103 fk=0.548 adapt=0.530 (59s)
  [grid_6d1bfac633c0] seed=42 reward=3.425 succ=0.029 fk=0.511 adapt=0.409 (51s)
  [grid_58c615ee4b97] seed=42 reward=2.961 succ=0.019 fk=0.494 adapt=0.269 (48s)
  [grid_7804a1e4efe8] seed=42 reward=3.477 succ=0.049 fk=0.505 adapt=0.419 (51s)
  [grid_de842a567cb0] seed=42 reward=3.366 succ=0.105 fk=0.547 adapt=0.530 (49s)
  [grid_ec4d89cb0dde] seed=42 reward=3.145 succ=0.037 fk=0.511 adapt=0.363 (52s)
  [grid_700895cedab0] seed=42 reward=3.451 succ=0.053 fk=0.519 adapt=0.477 (49s)
  [grid_0a3e4691b6ba] seed=42 reward=3.343 succ=0.044 fk=0.537 adapt=0.522 (52s)
  [grid_4315574947df] seed=42 reward=3.296 succ=0.031 fk=0.498 adapt=0.418 (48s)

  [grid_a9fb99f661b4] seed=42 reward=3.633 succ=0.106 fk=0.611 adapt=0.501 (46s)
  [grid_23de5a519396] seed=42 reward=3.193 succ=0.056 fk=0.534 adapt=0.535 (47s)
  [grid_55f11adebaf0] seed=42 reward=3.633 succ=0.106 fk=0.611 adapt=0.501 (47s)
  [grid_fb88d2d9c5fd] seed=42 reward=3.184 succ=0.005 fk=0.447 adapt=0.254 (48s)
  [grid_55ecdf598167] seed=42 reward=3.537 succ=0.051 fk=0.549 adapt=0.500 (50s)
  [grid_3d14a28ea93e] seed=42 reward=3.552 succ=0.101 fk=0.566 adapt=0.522 (49s)
  [grid_749b0666bc32] seed=42 reward=3.591 succ=0.109 fk=0.569 adapt=0.538 (51s)
  [grid_ebc0ce925276] seed=42 reward=3.642 succ=0.116 fk=0.611 adapt=0.501 (46s)
  [grid_f691e8e6d79b] seed=42 reward=3.552 succ=0.130 fk=0.568 adapt=0.550 (49s)
  [grid_105382a06fc2] seed=42 reward=2.979 succ=0.011 fk=0.464 adapt=0.264 (47s)
  [grid_8fd14fa7443b] seed=42 reward=3.596 succ=0.101 fk=0.590 adapt=0.486 (52s)
  [grid_f1c5ebb0f0c4] seed=42 reward=3.260 succ=0.053 fk=0.493 adapt=0.387 (48s)
  [grid_9bf53f3975db] seed=42 reward=3.589 succ=0.069 fk=0.584 adapt=0.495 (54s)
  [grid_1ed82000bdcc] seed=42 reward=3.638 succ=0.116 fk=0.611 adapt=0.501 (49s)
  [grid_ebc0427f0d7c] seed=42 reward=3.275 succ=0.020 fk=0.490 adapt=0.342 (59s)
  [grid_40114eeb3b08] seed=42 reward=3.259 succ=0.036 fk=0.525 adapt=0.501 (47s)
  [grid_51db267ecc7d] seed=42 reward=3.233 succ=0.054 fk=0.534 adapt=0.545 (48s)
  [grid_a893b4d8b5d6] seed=42 reward=3.449 succ=0.117 fk=0.560 adapt=0.573 (57s)
  [grid_2e0434934f0e] seed=42 reward=3.514 succ=0.142 fk=0.577 adapt=0.604 (57s)
  [grid_53c1508d8f45] seed=42 reward=3.656 succ=0.130 fk=0.617 adapt=0.519 (68s)
  [grid_fb1bd9cc196e] seed=42 reward=3.392 succ=0.043 fk=0.545 adapt=0.393 (156s)
  [grid_14158fa306b3] seed=42 reward=3.369 succ=0.030 fk=0.525 adapt=0.430 (102s)
  [grid_f8ad7825991a] seed=42 reward=3.379 succ=0.068 fk=0.528 adapt=0.386 (107s)
  [grid_e42820055ad4] seed=42 reward=3.303 succ=0.082 fk=0.561 adapt=0.393 (77s)
  [grid_6f1a66e2547b] seed=42 reward=3.447 succ=0.011 fk=0.522 adapt=0.414 (158s)
  [grid_db9291c152da] seed=42 reward=3.304 succ=0.012 fk=0.514 adapt=0.363 (100s)
  [grid_eb2c72b3f83a] seed=42 reward=3.085 succ=0.002 fk=0.418 adapt=0.036 (75s)
  [grid_e8585632ee9c] seed=42 reward=3.500 succ=0.042 fk=0.550 adapt=0.469 (166s)
  [grid_6d33bfb38ea8] seed=42 reward=3.548 succ=0.092 fk=0.563 adapt=0.515 (101s)
  [grid_a83633813892] seed=42 reward=3.174 succ=0.032 fk=0.497 adapt=0.398 (74s)
  [grid_520f92807ee6] seed=42 reward=3.439 succ=0.089 fk=0.561 adapt=0.591 (155s)
  [grid_94000cd7ad51] seed=42 reward=3.549 succ=0.085 fk=0.548 adapt=0.512 (97s)
  [grid_f7f4701a9a2c] seed=42 reward=3.132 succ=0.019 fk=0.469 adapt=0.259 (72s)
  [grid_e05e68cf31d1] seed=42 reward=3.541 succ=0.044 fk=0.536 adapt=0.492 (157s)
  [grid_31733af376d6] seed=42 reward=3.394 succ=0.081 fk=0.542 adapt=0.549 (110s)
  [grid_8fb1a446b634] seed=42 reward=3.006 succ=0.016 fk=0.478 adapt=0.332 (82s)
  [grid_521e10ff53bd] seed=42 reward=3.540 succ=0.051 fk=0.550 adapt=0.500 (164s)
  [grid_8dc40bf4a79b] seed=42 reward=3.308 succ=0.027 fk=0.472 adapt=0.299 (72s)
  [grid_0d3bf1e00a7f] seed=42 reward=3.307 succ=0.046 fk=0.527 adapt=0.440 (69s)
  [grid_6988e1555b89] seed=42 reward=3.528 succ=0.029 fk=0.536 adapt=0.486 (65s)
  [grid_793ad2744fb9] seed=42 reward=3.124 succ=0.027 fk=0.505 adapt=0.264 (92s)
  [grid_a403171aace3] seed=42 reward=3.464 succ=0.091 fk=0.569 adapt=0.438 (57s)
  [grid_e6fd451e88d3] seed=42 reward=3.537 succ=0.137 fk=0.568 adapt=0.530 (55s)
  [grid_8364f31e29d2] seed=42 reward=3.128 succ=0.055 fk=0.475 adapt=0.306 (55s)
  [grid_febceb63b7c9] seed=42 reward=3.333 succ=0.064 fk=0.518 adapt=0.326 (63s)
  [grid_d1e627db9d85] seed=42 reward=3.121 succ=0.008 fk=0.438 adapt=0.202 (88s)
  [grid_505b41d2c7d0] seed=42 reward=3.424 succ=0.077 fk=0.543 adapt=0.479 (64s)
  [grid_9307a174b2ab] seed=42 reward=3.524 succ=0.077 fk=0.580 adapt=0.465 (94s)
  [grid_904b91e0f08e] seed=42 reward=3.133 succ=0.037 fk=0.467 adapt=0.274 (56s)
  [grid_462add743ebd] seed=42 reward=3.382 succ=0.008 fk=0.487 adapt=0.328 (65s)
  [grid_f9ca7dd74fef] seed=42 reward=3.576 succ=0.071 fk=0.565 adapt=0.511 (94s)
  [grid_c2aacb7bf537] seed=42 reward=3.322 succ=0.075 fk=0.555 adapt=0.512 (60s)
  [grid_a50c2de70382] seed=42 reward=3.302 succ=0.077 fk=0.528 adapt=0.499 (56s)
  [grid_1b191a87f3a6] seed=42 reward=3.559 succ=0.048 fk=0.547 adapt=0.501 (55s)
  [grid_2acb9d0bd3c9] seed=42 reward=3.320 succ=0.054 fk=0.533 adapt=0.476 (55s)
  [grid_e33838354367] seed=42 reward=3.340 succ=0.065 fk=0.552 adapt=0.528 (68s)
  [grid_63589af59320] seed=42 reward=3.371 succ=0.014 fk=0.482 adapt=0.343 (92s)
  [grid_09c208235f9c] seed=42 reward=3.421 succ=0.100 fk=0.571 adapt=0.590 (52s)
  [grid_d67b9c7abe14] seed=42 reward=3.468 succ=0.035 fk=0.529 adapt=0.425 (53s)
  [grid_7a8ac59b89da] seed=42 reward=3.511 succ=0.082 fk=0.550 adapt=0.454 (68s)
  [grid_8a46c9f2aaaf] seed=42 reward=2.843 succ=0.006 fk=0.428 adapt=0.152 (71s)
  [grid_eca88f834b5a] seed=42 reward=3.367 succ=0.082 fk=0.531 adapt=0.517 (51s)
  [grid_58269e6d7eea] seed=42 reward=3.624 succ=0.091 fk=0.594 adapt=0.498 (56s)
  [grid_4793d0e6b691] seed=42 reward=3.314 succ=0.034 fk=0.500 adapt=0.305 (71s)
  [grid_203faa04c710] seed=42 reward=3.021 succ=0.003 fk=0.404 adapt=0.091 (51s)
  [grid_010fd91f38bd] seed=42 reward=3.424 succ=0.037 fk=0.515 adapt=0.459 (57s)
  [grid_d2758baa94d8] seed=42 reward=3.473 succ=0.101 fk=0.553 adapt=0.509 (70s)
  [grid_245a01d79015] seed=42 reward=3.362 succ=0.088 fk=0.504 adapt=0.310 (52s)
  [grid_d856760fa1c0] seed=42 reward=3.542 succ=0.089 fk=0.560 adapt=0.406 (57s)
  [grid_53ab3e2642d0] seed=42 reward=3.195 succ=0.015 fk=0.496 adapt=0.195 (71s)
  [grid_7f7f1b39b996] seed=42 reward=3.376 succ=0.128 fk=0.562 adapt=0.524 (52s)
  [grid_159eacfe243a] seed=42 reward=3.299 succ=0.044 fk=0.526 adapt=0.457 (59s)
  [grid_26e561440f81] seed=42 reward=3.311 succ=0.038 fk=0.520 adapt=0.447 (72s)
  [grid_9295344d7849] seed=42 reward=3.255 succ=0.014 fk=0.461 adapt=0.288 (53s)
  [grid_ed0703926597] seed=42 reward=3.561 succ=0.048 fk=0.542 adapt=0.501 (51s)
  [grid_6d21f6d8554b] seed=42 reward=3.638 succ=0.116 fk=0.611 adapt=0.501 (48s)
  [grid_d28ba7c86ae0] seed=42 reward=3.521 succ=0.165 fk=0.587 adapt=0.568 (51s)
  [grid_c85dd614ea07] seed=42 reward=3.633 succ=0.106 fk=0.611 adapt=0.501 (48s)
  [grid_bcd345014892] seed=42 reward=3.388 succ=0.145 fk=0.566 adapt=0.440 (51s)
  [grid_f8caca963a8b] seed=42 reward=3.558 succ=0.098 fk=0.570 adapt=0.513 (47s)
  [grid_34be7dbe488b] seed=42 reward=3.592 succ=0.110 fk=0.608 adapt=0.497 (51s)
  [grid_8dffbe20d1b4] seed=42 reward=3.628 succ=0.114 fk=0.595 adapt=0.502 (47s)
  [grid_540442b9a454] seed=42 reward=3.480 succ=0.030 fk=0.537 adapt=0.392 (51s)
  [grid_3f942e28dacf] seed=42 reward=3.144 succ=0.004 fk=0.364 adapt=0.030 (59s)
  [grid_e7e4ea87e480] seed=42 reward=3.467 succ=0.081 fk=0.539 adapt=0.500 (59s)
  [grid_7e1eb9dd661d] seed=42 reward=3.378 succ=0.060 fk=0.535 adapt=0.526 (59s)
  [grid_b6af8055f2a9] seed=42 reward=3.554 succ=0.050 fk=0.546 adapt=0.501 (59s)
  [grid_aa00a4502ae3] seed=42 reward=3.183 succ=0.019 fk=0.468 adapt=0.155 (59s)
  [grid_5209b7c90d72] seed=42 reward=3.322 succ=0.058 fk=0.535 adapt=0.502 (60s)
  [grid_c06e6d060704] seed=42 reward=3.493 succ=0.132 fk=0.573 adapt=0.592 (61s)
  [grid_730e1c1c0910] seed=42 reward=3.547 succ=0.050 fk=0.536 adapt=0.506 (53s)
  [grid_91a36099d6aa] seed=42 reward=3.401 succ=0.045 fk=0.511 adapt=0.429 (43s)
  [grid_70807109cf1e] seed=42 reward=3.110 succ=0.024 fk=0.462 adapt=0.221 (48s)
  [grid_86cfebce975d] seed=42 reward=3.610 succ=0.158 fk=0.626 adapt=0.549 (54s)
  [grid_b3305954b83b] seed=42 reward=3.633 succ=0.106 fk=0.611 adapt=0.501 (47s)
  [grid_a9dca89193a7] seed=42 reward=3.391 succ=0.041 fk=0.525 adapt=0.509 (50s)
  [grid_550e24ef88df] seed=42 reward=3.638 succ=0.116 fk=0.611 adapt=0.501 (47s)
  [grid_474f652e731c] seed=42 reward=3.479 succ=0.098 fk=0.571 adapt=0.346 (52s)
  [grid_b9ae863854b7] seed=42 reward=3.423 succ=0.137 fk=0.542 adapt=0.450 (47s)
  [grid_5891eab1a482] seed=42 reward=3.361 succ=0.031 fk=0.509 adapt=0.260 (53s)
  [grid_bb0c24db5ea6] seed=42 reward=3.167 succ=0.027 fk=0.466 adapt=0.280 (50s)
  [grid_3646f0903dc7] seed=42 reward=3.467 succ=0.059 fk=0.526 adapt=0.261 (58s)
  [grid_725c9db607dd] seed=42 reward=3.355 succ=0.041 fk=0.521 adapt=0.497 (50s)
  [grid_9cd732650375] seed=42 reward=3.199 succ=0.051 fk=0.535 adapt=0.541 (49s)
  [grid_a8a0450faaa1] seed=42 reward=3.422 succ=0.052 fk=0.531 adapt=0.482 (46s)
  [grid_2cd3d007661c] seed=42 reward=3.375 succ=0.086 fk=0.549 adapt=0.557 (49s)
  [grid_be47e3d5433b] seed=42 reward=3.485 succ=0.037 fk=0.509 adapt=0.409 (45s)
  [grid_b083b8be366c] seed=42 reward=3.301 succ=0.072 fk=0.543 adapt=0.564 (93s)
  [grid_c1692e06e244] seed=42 reward=3.339 succ=0.027 fk=0.515 adapt=0.434 (100s)
  [grid_9a83c7169150] seed=42 reward=2.950 succ=0.008 fk=0.445 adapt=0.236 (79s)
  [grid_28cd651f2a3c] seed=42 reward=3.195 succ=0.044 fk=0.506 adapt=0.322 (168s)
  [grid_f179793d0e2c] seed=42 reward=3.280 succ=0.075 fk=0.552 adapt=0.416 (100s)
  [grid_f351dc2deb98] seed=42 reward=3.473 succ=0.204 fk=0.601 adapt=0.503 (77s)
  [grid_80db135430ad] seed=42 reward=3.109 succ=0.020 fk=0.473 adapt=0.288 (163s)
  [grid_b056482cbd36] seed=42 reward=3.168 succ=0.022 fk=0.486 adapt=0.269 (103s)
  [grid_d20af2d0fa6b] seed=42 reward=3.452 succ=0.067 fk=0.549 adapt=0.489 (79s)
  [grid_23ea51987069] seed=42 reward=3.121 succ=0.017 fk=0.439 adapt=0.118 (160s)
  [grid_c2f185a5cca9] seed=42 reward=3.408 succ=0.035 fk=0.513 adapt=0.448 (98s)
  [grid_0154a63f7181] seed=42 reward=3.507 succ=0.115 fk=0.551 adapt=0.535 (73s)
  [grid_83bc9cae53ee] seed=42 reward=3.255 succ=0.056 fk=0.527 adapt=0.444 (155s)
  [grid_d36b232b84a2] seed=42 reward=3.338 succ=0.003 fk=0.420 adapt=0.201 (97s)
  [grid_2a03ceb6a3fb] seed=42 reward=3.109 succ=0.048 fk=0.512 adapt=0.446 (76s)
  [grid_4ea6be84faa8] seed=42 reward=3.376 succ=0.024 fk=0.500 adapt=0.410 (172s)
  [grid_8b29452a5b54] seed=42 reward=2.947 succ=0.003 fk=0.403 adapt=0.131 (170s)
  [grid_5d1f49a2474d] seed=42 reward=3.233 succ=0.018 fk=0.500 adapt=0.442 (99s)
  [grid_d65d3fa9b48f] seed=42 reward=3.496 succ=0.075 fk=0.571 adapt=0.433 (61s)
  [grid_bfc3f9e2bfa3] seed=42 reward=3.618 succ=0.107 fk=0.597 adapt=0.501 (55s)
  [grid_4bdb8046ba53] seed=42 reward=3.487 succ=0.057 fk=0.574 adapt=0.488 (55s)
  [grid_6a335d650b18] seed=42 reward=3.600 succ=0.089 fk=0.609 adapt=0.495 (66s)
  [grid_1a3ff834d239] seed=42 reward=2.987 succ=0.006 fk=0.456 adapt=0.205 (92s)
  [grid_85885016e9d9] seed=42 reward=3.517 succ=0.040 fk=0.554 adapt=0.496 (64s)
  [grid_44727b013125] seed=42 reward=3.484 succ=0.041 fk=0.517 adapt=0.346 (91s)
  [grid_bbc6b58502f9] seed=42 reward=3.571 succ=0.105 fk=0.603 adapt=0.501 (54s)
  [grid_d52e57516ebd] seed=42 reward=3.391 succ=0.074 fk=0.551 adapt=0.455 (64s)
  [grid_7e4005ad08f1] seed=42 reward=3.423 succ=0.034 fk=0.515 adapt=0.455 (95s)
  [grid_f602ca247198] seed=42 reward=3.552 succ=0.051 fk=0.546 adapt=0.499 (67s)
  [grid_230dfdbe0945] seed=42 reward=3.459 succ=0.060 fk=0.540 adapt=0.489 (91s)
  [grid_0bfee9750146] seed=42 reward=3.056 succ=0.029 fk=0.451 adapt=0.221 (59s)
  [grid_5ccdc751c5ee] seed=42 reward=3.123 succ=0.036 fk=0.516 adapt=0.412 (71s)
  [grid_49dc4513e205] seed=42 reward=3.445 succ=0.040 fk=0.507 adapt=0.438 (94s)
  [grid_116e38f5fb00] seed=42 reward=3.494 succ=0.055 fk=0.518 adapt=0.459 (56s)
  [grid_10cc6d855eb2] seed=42 reward=3.111 succ=0.013 fk=0.481 adapt=0.358 (67s)
  [grid_b424ec2c7832] seed=42 reward=3.420 succ=0.057 fk=0.529 adapt=0.379 (94s)
  [grid_59fd52a9b519] seed=42 reward=3.106 succ=0.030 fk=0.516 adapt=0.397 (54s)
  [grid_d4d0d4883ff3] seed=42 reward=3.556 succ=0.055 fk=0.552 adapt=0.504 (47s)
  [grid_83e982fb1e63] seed=42 reward=3.525 succ=0.162 fk=0.595 adapt=0.552 (52s)
  [grid_dd0d8316f527] seed=42 reward=3.256 succ=0.030 fk=0.489 adapt=0.320 (70s)
  [grid_44bc2c9570be] seed=42 reward=3.493 succ=0.048 fk=0.550 adapt=0.435 (71s)
  [grid_ae59caf2d7dc] seed=42 reward=3.216 succ=0.045 fk=0.462 adapt=0.108 (52s)
  [grid_2973c75ae428] seed=42 reward=3.549 succ=0.083 fk=0.589 adapt=0.494 (56s)
  [grid_b9e92dff59c8] seed=42 reward=3.574 succ=0.081 fk=0.568 adapt=0.500 (52s)
  [grid_99f95e3a2579] seed=42 reward=3.238 succ=0.060 fk=0.536 adapt=0.417 (56s)
  [grid_607125739a5b] seed=42 reward=3.331 succ=0.100 fk=0.556 adapt=0.547 (52s)
  [grid_5aee1257efa0] seed=42 reward=3.481 succ=0.018 fk=0.512 adapt=0.420 (58s)
  [grid_5983355c658f] seed=42 reward=3.279 succ=0.021 fk=0.482 adapt=0.313 (70s)
  [grid_35ee418d1efb] seed=42 reward=3.410 succ=0.053 fk=0.530 adapt=0.460 (70s)
  [grid_79d256d8b982] seed=42 reward=3.308 succ=0.046 fk=0.521 adapt=0.433 (53s)
  [grid_3275c53f3523] seed=42 reward=3.321 succ=0.033 fk=0.532 adapt=0.499 (58s)
  [grid_9f91161c2ee8] seed=42 reward=3.437 succ=0.063 fk=0.541 adapt=0.549 (72s)
  [grid_9f38a74c78e8] seed=42 reward=3.417 succ=0.034 fk=0.509 adapt=0.447 (53s)
  [grid_64291100ab3b] seed=42 reward=3.514 succ=0.059 fk=0.583 adapt=0.497 (59s)
  [grid_c37de789666e] seed=42 reward=3.602 succ=0.124 fk=0.609 adapt=0.514 (59s)
  [grid_f99cb91f3414] seed=42 reward=3.633 succ=0.106 fk=0.611 adapt=0.501 (48s)
  [grid_ff4020c494fe] seed=42 reward=3.237 succ=0.098 fk=0.566 adapt=0.434 (51s)
  [grid_1381193fdc27] seed=42 reward=3.573 succ=0.089 fk=0.551 adapt=0.537 (48s)
  [grid_0bdbe139a29d] seed=42 reward=3.651 succ=0.127 fk=0.613 adapt=0.526 (51s)
  [grid_c8a791d39cd1] seed=42 reward=3.095 succ=0.011 fk=0.480 adapt=0.380 (48s)
  [grid_65a232f3f1f4] seed=42 reward=3.436 succ=0.046 fk=0.524 adapt=0.519 (52s)
  [grid_f0abdf61c9f0] seed=42 reward=3.543 succ=0.047 fk=0.549 adapt=0.500 (47s)
  [grid_4cb1cf127ef0] seed=42 reward=3.547 succ=0.099 fk=0.562 adapt=0.488 (51s)
  [grid_efd319ce3926] seed=42 reward=3.481 succ=0.083 fk=0.552 adapt=0.482 (48s)
  [grid_35c54c2bbca8] seed=42 reward=3.076 succ=0.007 fk=0.428 adapt=0.083 (52s)
  [grid_fb96096ee19b] seed=42 reward=3.462 succ=0.158 fk=0.542 adapt=0.503 (48s)
  [grid_bab7e88bf54e] seed=42 reward=3.569 succ=0.059 fk=0.545 adapt=0.504 (51s)
  [grid_61a043df54e4] seed=42 reward=3.008 succ=0.026 fk=0.482 adapt=0.216 (48s)
  [grid_07dde34b5495] seed=42 reward=3.563 succ=0.105 fk=0.552 adapt=0.541 (61s)
  [grid_c3ef5159ae22] seed=42 reward=3.556 succ=0.071 fk=0.557 adapt=0.497 (61s)
  [grid_77dff684b3c9] seed=42 reward=3.372 succ=0.032 fk=0.514 adapt=0.448 (61s)
  [grid_449042606f26] seed=42 reward=3.534 succ=0.052 fk=0.530 adapt=0.477 (55s)
  [grid_fe3ae237fd13] seed=42 reward=3.305 succ=0.139 fk=0.502 adapt=0.367 (58s)
  [grid_c37648587822] seed=42 reward=3.611 succ=0.096 fk=0.585 adapt=0.482 (59s)
  [grid_378535ae94f3] seed=42 reward=3.542 succ=0.047 fk=0.549 adapt=0.500 (47s)
  [grid_d23b202d5662] seed=42 reward=3.286 succ=0.097 fk=0.543 adapt=0.456 (52s)
  [grid_0de81b1ab6f1] seed=42 reward=3.322 succ=0.105 fk=0.518 adapt=0.432 (49s)
  [grid_685418eb7af0] seed=42 reward=3.621 succ=0.116 fk=0.609 adapt=0.484 (50s)
  [grid_4986a9b54666] seed=42 reward=3.341 succ=0.156 fk=0.541 adapt=0.494 (47s)
  [grid_bb2125f2b18a] seed=42 reward=3.609 succ=0.108 fk=0.602 adapt=0.481 (51s)
  [grid_d6fea6f88737] seed=42 reward=3.387 succ=0.072 fk=0.530 adapt=0.516 (50s)
  [grid_3e0940deee6e] seed=42 reward=3.314 succ=0.052 fk=0.505 adapt=0.406 (51s)
  [grid_6e178c5625e6] seed=42 reward=3.149 succ=0.042 fk=0.522 adapt=0.540 (51s)
  [grid_376baf0206bd] seed=42 reward=3.222 succ=0.046 fk=0.469 adapt=0.136 (53s)
  [grid_e42f3691cd75] seed=42 reward=3.265 succ=0.037 fk=0.518 adapt=0.511 (56s)
  [grid_bd782f23732e] seed=42 reward=3.494 succ=0.057 fk=0.534 adapt=0.487 (60s)
  [grid_466843a070e6] seed=42 reward=3.376 succ=0.045 fk=0.518 adapt=0.448 (57s)
  [grid_ea547cd6221c] seed=42 reward=3.343 succ=0.080 fk=0.521 adapt=0.439 (58s)
  [grid_c0f7c64edb0f] seed=42 reward=3.562 succ=0.070 fk=0.555 adapt=0.512 (57s)
  [grid_bd7792ad7b80] seed=42 reward=3.505 succ=0.028 fk=0.557 adapt=0.351 (155s)
  [grid_c5ede2ad3f47] seed=42 reward=3.473 succ=0.078 fk=0.549 adapt=0.504 (78s)
  [grid_037ade7c6e4c] seed=42 reward=3.152 succ=0.039 fk=0.519 adapt=0.325 (166s)
  [grid_43e928d19ac5] seed=42 reward=3.200 succ=0.018 fk=0.482 adapt=0.277 (160s)
  [grid_c792a3c0db25] seed=42 reward=3.171 succ=0.057 fk=0.535 adapt=0.287 (101s)
  [grid_1170afef5315] seed=42 reward=3.480 succ=0.055 fk=0.526 adapt=0.461 (76s)
  [grid_c99c470b1f1d] seed=42 reward=3.239 succ=0.056 fk=0.498 adapt=0.353 (164s)
  [grid_27f20711e9e5] seed=42 reward=3.445 succ=0.040 fk=0.570 adapt=0.459 (103s)
  [grid_d592d81a7281] seed=42 reward=3.274 succ=0.048 fk=0.499 adapt=0.366 (78s)
  [grid_339e06e35576] seed=42 reward=3.319 succ=0.052 fk=0.511 adapt=0.470 (154s)
  [grid_e584a94acd02] seed=42 reward=3.080 succ=0.001 fk=0.334 adapt=0.001 (98s)
  [grid_76c5d3837c74] seed=42 reward=3.391 succ=0.026 fk=0.491 adapt=0.383 (73s)
  [grid_cfae39f3f370] seed=42 reward=3.299 succ=0.031 fk=0.521 adapt=0.408 (151s)
  [grid_4fcd27c83b9c] seed=42 reward=3.077 succ=0.012 fk=0.456 adapt=0.241 (100s)
  [grid_bcfdb7a7287d] seed=42 reward=3.501 succ=0.047 fk=0.527 adapt=0.481 (85s)
  [grid_fedfdd2d0b2f] seed=42 reward=3.515 succ=0.025 fk=0.521 adapt=0.450 (171s)
  [grid_bd78f621b84f] seed=42 reward=3.413 succ=0.068 fk=0.546 adapt=0.542 (102s)
  [grid_14d7809666c4] seed=42 reward=3.104 succ=0.035 fk=0.518 adapt=0.490 (63s)
  [grid_bb36fc994eff] seed=42 reward=3.413 succ=0.022 fk=0.526 adapt=0.410 (94s)
  [grid_97f0f62832b8] seed=42 reward=3.402 succ=0.021 fk=0.516 adapt=0.392 (92s)
  [grid_17bea1c85292] seed=42 reward=3.464 succ=0.039 fk=0.535 adapt=0.478 (67s)
  [grid_705672d4aeaa] seed=42 reward=3.195 succ=0.028 fk=0.488 adapt=0.138 (91s)
  [grid_62d1de8d5dd9] seed=42 reward=3.288 succ=0.070 fk=0.510 adapt=0.346 (65s)
  [grid_42814398fcdf] seed=42 reward=3.457 succ=0.044 fk=0.543 adapt=0.473 (89s)
  [grid_9ac3d796d80b] seed=42 reward=3.334 succ=0.053 fk=0.541 adapt=0.495 (65s)
  [grid_e88daa1e5e5f] seed=42 reward=3.188 succ=0.006 fk=0.454 adapt=0.121 (91s)
  [grid_d524082766a8] seed=42 reward=3.390 succ=0.012 fk=0.487 adapt=0.342 (67s)
  [grid_b374fd08895c] seed=42 reward=3.531 succ=0.078 fk=0.549 adapt=0.500 (90s)
  [grid_d664548d1f74] seed=42 reward=3.433 succ=0.079 fk=0.557 adapt=0.370 (69s)
  [grid_a39450de2ab2] seed=42 reward=3.231 succ=0.016 fk=0.486 adapt=0.277 (95s)
  [grid_f0761d9c6bfe] seed=42 reward=3.330 succ=0.081 fk=0.536 adapt=0.485 (67s)
  [grid_e0efe5401b12] seed=42 reward=3.490 succ=0.052 fk=0.538 adapt=0.529 (93s)
  [grid_2b8efd2d1120] seed=42 reward=3.547 succ=0.076 fk=0.547 adapt=0.515 (59s)
  [grid_ce3b4e87826d] seed=42 reward=3.364 succ=0.070 fk=0.546 adapt=0.557 (67s)
  [grid_fc136719291f] seed=42 reward=3.257 succ=0.011 fk=0.509 adapt=0.321 (66s)
  [grid_6c2dd2464b44] seed=42 reward=3.338 succ=0.019 fk=0.480 adapt=0.256 (65s)
  [grid_6d2c07c01820] seed=42 reward=3.288 succ=0.090 fk=0.536 adapt=0.276 (68s)
  [grid_46a6bf17e5e9] seed=42 reward=3.312 succ=0.037 fk=0.453 adapt=0.262 (58s)
  [grid_e88d37ef9024] seed=42 reward=3.249 succ=0.019 fk=0.507 adapt=0.303 (70s)
  [grid_eb3ee7174dd1] seed=42 reward=3.537 succ=0.051 fk=0.549 adapt=0.500 (51s)
  [grid_320949eb0d9b] seed=42 reward=3.443 succ=0.094 fk=0.595 adapt=0.476 (56s)
  [grid_f0d704a560cd] seed=42 reward=3.253 succ=0.003 fk=0.411 adapt=0.130 (70s)
  [grid_16fe7553d6bb] seed=42 reward=3.113 succ=0.040 fk=0.498 adapt=0.293 (52s)
  [grid_b7e7c42fa198] seed=42 reward=3.350 succ=0.013 fk=0.495 adapt=0.321 (58s)
  [grid_ed3ee71734da] seed=42 reward=3.560 succ=0.038 fk=0.570 adapt=0.474 (70s)
  [grid_e613c3fa86b6] seed=42 reward=3.490 succ=0.150 fk=0.578 adapt=0.610 (52s)
  [grid_6415191a0321] seed=42 reward=3.093 succ=0.002 fk=0.311 adapt=0.002 (58s)
  [grid_c84a3bfd603c] seed=42 reward=3.450 succ=0.046 fk=0.523 adapt=0.495 (74s)
  [grid_ebda7a5b957c] seed=42 reward=3.298 succ=0.047 fk=0.528 adapt=0.458 (53s)
  [grid_3ba84be1fed8] seed=42 reward=3.283 succ=0.043 fk=0.523 adapt=0.496 (59s)
  [grid_8c16baddf883] seed=42 reward=3.572 succ=0.110 fk=0.571 adapt=0.540 (73s)
  [grid_b2e568971ca1] seed=42 reward=3.642 succ=0.105 fk=0.611 adapt=0.501 (48s)
  [grid_13734a318fa3] seed=42 reward=3.366 succ=0.087 fk=0.549 adapt=0.506 (51s)
  [grid_e16625aa5e0c] seed=42 reward=3.391 succ=0.071 fk=0.543 adapt=0.360 (48s)
  [grid_bb45daa1c771] seed=42 reward=3.537 succ=0.051 fk=0.549 adapt=0.500 (52s)
  [grid_35c75de1654c] seed=42 reward=3.404 succ=0.332 fk=0.666 adapt=0.712 (48s)
  [grid_8ee68256f9e0] seed=42 reward=3.416 succ=0.021 fk=0.501 adapt=0.415 (51s)
  [grid_72440c9a5173] seed=42 reward=3.614 succ=0.116 fk=0.586 adapt=0.493 (48s)
  [grid_70a157a2332e] seed=42 reward=3.186 succ=0.005 fk=0.409 adapt=0.057 (60s)
  [grid_e376ea8b179e] seed=42 reward=3.531 succ=0.035 fk=0.543 adapt=0.477 (59s)
  [grid_587ce5b76326] seed=42 reward=3.413 succ=0.045 fk=0.524 adapt=0.504 (59s)
  [grid_7050dee4f4de] seed=42 reward=3.424 succ=0.090 fk=0.535 adapt=0.451 (60s)
  [grid_0c9c1b6229f9] seed=42 reward=3.505 succ=0.045 fk=0.521 adapt=0.458 (60s)
  [grid_2499b0006d58] seed=42 reward=3.458 succ=0.108 fk=0.566 adapt=0.570 (59s)
  [grid_19cc94325f5e] seed=42 reward=3.478 succ=0.044 fk=0.526 adapt=0.499 (62s)
  [grid_be00c4bdeb96] seed=42 reward=3.305 succ=0.056 fk=0.523 adapt=0.473 (62s)
  [grid_27504e3ec0ba] seed=42 reward=3.317 succ=0.068 fk=0.536 adapt=0.500 (61s)
  [grid_eacfbb32db6b] seed=42 reward=3.550 succ=0.054 fk=0.550 adapt=0.501 (60s)
  [grid_4fe341e8e118] seed=42 reward=3.514 succ=0.047 fk=0.533 adapt=0.432 (62s)
  [grid_3707ec3c7063] seed=42 reward=3.529 succ=0.071 fk=0.567 adapt=0.475 (59s)
  [grid_e1f135ba0027] seed=42 reward=3.160 succ=0.007 fk=0.445 adapt=0.206 (58s)
  [grid_4d9a0ce8daa6] seed=42 reward=3.329 succ=0.033 fk=0.499 adapt=0.402 (60s)
  [grid_7ebf51319b8b] seed=42 reward=3.467 succ=0.048 fk=0.529 adapt=0.520 (59s)
  [grid_156be7a6f132] seed=42 reward=3.400 succ=0.104 fk=0.551 adapt=0.571 (62s)
  [grid_2ad7dde05777] seed=42 reward=3.385 succ=0.076 fk=0.531 adapt=0.471 (62s)
  [grid_4152ef3dd076] seed=42 reward=3.342 succ=0.026 fk=0.458 adapt=0.289 (67s)
  [grid_68c6994c38a3] seed=42 reward=3.326 succ=0.054 fk=0.525 adapt=0.535 (58s)
  [grid_e6c739563d49] seed=42 reward=3.393 succ=0.082 fk=0.545 adapt=0.551 (57s)
  [grid_31c3cf45403d] seed=42 reward=3.366 succ=0.030 fk=0.502 adapt=0.399 (57s)
  [grid_89a7f1500734] seed=42 reward=3.462 succ=0.228 fk=0.601 adapt=0.590 (45s)
  [grid_a4544c9a2607] seed=42 reward=3.391 succ=0.056 fk=0.536 adapt=0.527 (95s)
  [grid_829963279ddc] seed=42 reward=3.503 succ=0.045 fk=0.534 adapt=0.495 (77s)
  [grid_f46b527d65de] seed=42 reward=3.392 succ=0.062 fk=0.562 adapt=0.413 (162s)
  [grid_9024588b01e1] seed=42 reward=3.254 succ=0.072 fk=0.510 adapt=0.287 (107s)
  [grid_df164069f9fa] seed=42 reward=3.446 succ=0.156 fk=0.579 adapt=0.624 (76s)
  [grid_312b376a9c18] seed=42 reward=3.360 succ=0.037 fk=0.513 adapt=0.481 (158s)
  [grid_60889e8d1ccc] seed=42 reward=3.250 succ=0.002 fk=0.384 adapt=0.124 (101s)
  [grid_fe3bc9ac41ba] seed=42 reward=3.525 succ=0.061 fk=0.551 adapt=0.501 (79s)
  [grid_18a0ed2ed7ab] seed=42 reward=3.429 succ=0.029 fk=0.531 adapt=0.365 (164s)
  [grid_14e3183fb607] seed=42 reward=3.341 succ=0.041 fk=0.516 adapt=0.508 (99s)
  [grid_9b350d2527e6] seed=42 reward=3.453 succ=0.054 fk=0.505 adapt=0.418 (74s)
  [grid_cd88178efccd] seed=42 reward=3.499 succ=0.067 fk=0.536 adapt=0.503 (154s)
  [grid_20d0ba76ca89] seed=42 reward=3.180 succ=0.001 fk=0.360 adapt=0.022 (96s)
  [grid_d4fc9a51f017] seed=42 reward=3.180 succ=0.054 fk=0.524 adapt=0.514 (75s)
  [grid_e845860f1d59] seed=42 reward=3.440 succ=0.040 fk=0.512 adapt=0.431 (163s)
  [grid_672c55c1b0d3] seed=42 reward=3.663 succ=0.208 fk=0.639 adapt=0.564 (111s)
  [grid_fafae27a60cd] seed=42 reward=3.325 succ=0.064 fk=0.511 adapt=0.458 (82s)
  [grid_53a6ab4c96fe] seed=42 reward=3.486 succ=0.026 fk=0.529 adapt=0.461 (161s)
  [grid_fe0bc92457f8] seed=42 reward=3.351 succ=0.026 fk=0.503 adapt=0.378 (98s)
  [grid_07311213ad4e] seed=42 reward=3.431 succ=0.059 fk=0.512 adapt=0.208 (56s)
  [grid_c948224e7459] seed=42 reward=3.441 succ=0.063 fk=0.560 adapt=0.408 (56s)
  [grid_f2663b1890fe] seed=42 reward=3.376 succ=0.085 fk=0.539 adapt=0.380 (55s)
  [grid_90f9c2ba6914] seed=42 reward=3.513 succ=0.068 fk=0.568 adapt=0.459 (67s)
  [grid_4b7c5be48e45] seed=42 reward=3.277 succ=0.033 fk=0.497 adapt=0.365 (89s)
  [grid_ca64bc3eb502] seed=42 reward=3.370 succ=0.128 fk=0.532 adapt=0.492 (55s)
  [grid_11c3015cf4d8] seed=42 reward=3.107 succ=0.038 fk=0.519 adapt=0.454 (64s)
  [grid_512d58d0e288] seed=42 reward=3.174 succ=0.004 fk=0.388 adapt=0.073 (89s)
  [grid_bfa07a5b7863] seed=42 reward=3.218 succ=0.048 fk=0.486 adapt=0.381 (58s)
  [grid_04024c4ef033] seed=42 reward=3.296 succ=0.074 fk=0.518 adapt=0.446 (57s)
  [grid_1d40eba19d0a] seed=42 reward=3.509 succ=0.043 fk=0.526 adapt=0.478 (65s)
  [grid_d837a4dc7a25] seed=42 reward=3.295 succ=0.085 fk=0.530 adapt=0.410 (92s)
  [grid_1a81bb23516d] seed=42 reward=3.140 succ=0.019 fk=0.446 adapt=0.218 (60s)
  [grid_ec3f1dc8c289] seed=42 reward=3.313 succ=0.076 fk=0.543 adapt=0.562 (71s)
  [grid_a3b80c090d2c] seed=42 reward=3.300 succ=0.017 fk=0.478 adapt=0.330 (94s)
  [grid_5db7d629ef47] seed=42 reward=3.373 succ=0.079 fk=0.551 adapt=0.569 (67s)
  [grid_e576c3e56601] seed=42 reward=3.557 succ=0.062 fk=0.551 adapt=0.505 (94s)
  [grid_15967efc474f] seed=42 reward=3.524 succ=0.089 fk=0.561 adapt=0.471 (54s)
  [grid_42bd3d8682c8] seed=42 reward=3.542 succ=0.047 fk=0.549 adapt=0.500 (47s)
  [grid_2e1bb9089397] seed=42 reward=3.409 succ=0.069 fk=0.539 adapt=0.430 (48s)
  [grid_e36c44f44e01] seed=42 reward=3.548 succ=0.095 fk=0.570 adapt=0.509 (53s)
  [grid_ae1353e4fa46] seed=42 reward=3.204 succ=0.011 fk=0.392 adapt=0.119 (71s)
  [grid_01498bc0135b] seed=42 reward=3.442 succ=0.046 fk=0.521 adapt=0.464 (51s)
  [grid_00d7aee31d2e] seed=42 reward=3.633 succ=0.103 fk=0.606 adapt=0.502 (56s)
  [grid_811cdb6cb081] seed=42 reward=3.422 succ=0.045 fk=0.529 adapt=0.444 (70s)
  [grid_bf65e616d85b] seed=42 reward=3.218 succ=0.050 fk=0.479 adapt=0.333 (51s)
  [grid_9f5ddce64ca1] seed=42 reward=3.526 succ=0.098 fk=0.539 adapt=0.494 (57s)
  [grid_1849ae37c3ca] seed=42 reward=3.472 succ=0.059 fk=0.538 adapt=0.537 (69s)
  [grid_20b8e9c37ee0] seed=42 reward=3.347 succ=0.089 fk=0.502 adapt=0.366 (52s)
  [grid_0090de99d08c] seed=42 reward=3.521 succ=0.018 fk=0.534 adapt=0.452 (58s)
  [grid_0a7d4fe2e050] seed=42 reward=3.427 succ=0.040 fk=0.530 adapt=0.470 (70s)
  [grid_ec01b864577c] seed=42 reward=3.333 succ=0.075 fk=0.546 adapt=0.554 (52s)
  [grid_aca99bc4e27b] seed=42 reward=3.357 succ=0.038 fk=0.527 adapt=0.474 (59s)
  [grid_077b945201b2] seed=42 reward=3.324 succ=0.065 fk=0.522 adapt=0.437 (74s)
  [grid_f43935a45ba5] seed=42 reward=3.508 succ=0.013 fk=0.524 adapt=0.415 (53s)
  [grid_7dc42a0ef55c] seed=42 reward=3.299 succ=0.070 fk=0.544 adapt=0.565 (52s)
  [grid_c8e5853a75b5] seed=42 reward=3.354 succ=0.095 fk=0.543 adapt=0.511 (59s)
  [grid_d662fbc07093] seed=42 reward=3.527 succ=0.124 fk=0.547 adapt=0.522 (58s)
  [grid_cae24bdd259d] seed=42 reward=3.438 succ=0.074 fk=0.550 adapt=0.335 (60s)
  [grid_8accba77e0ae] seed=42 reward=3.459 succ=0.259 fk=0.629 adapt=0.661 (59s)
  [grid_e3f27d8fbd46] seed=42 reward=3.310 succ=0.020 fk=0.520 adapt=0.378 (59s)
  [grid_896fff70d451] seed=42 reward=3.422 succ=0.061 fk=0.529 adapt=0.464 (59s)
  [grid_b55edac6e4fc] seed=42 reward=3.557 succ=0.058 fk=0.553 adapt=0.506 (59s)
  [grid_b1c9b2971360] seed=42 reward=3.549 succ=0.234 fk=0.609 adapt=0.643 (47s)
  [grid_58ee3d76020e] seed=42 reward=3.434 succ=0.076 fk=0.543 adapt=0.427 (52s)
  [grid_3e017a9c06da] seed=42 reward=3.551 succ=0.048 fk=0.549 adapt=0.501 (48s)
  [grid_0ba5a71a9704] seed=42 reward=3.205 succ=0.009 fk=0.412 adapt=0.133 (52s)
  [grid_9b8bb0eeab48] seed=42 reward=3.411 succ=0.101 fk=0.537 adapt=0.530 (48s)
  [grid_0f1ca3641158] seed=42 reward=3.223 succ=0.046 fk=0.524 adapt=0.511 (53s)
  [grid_41d7d2d3050e] seed=42 reward=3.365 succ=0.030 fk=0.503 adapt=0.415 (50s)
  [grid_bc4f3334fc52] seed=42 reward=3.448 succ=0.099 fk=0.554 adapt=0.568 (52s)
  [grid_47967a4ac52b] seed=42 reward=3.638 succ=0.099 fk=0.608 adapt=0.502 (50s)
  [grid_5350d03819b3] seed=42 reward=3.442 succ=0.087 fk=0.566 adapt=0.547 (51s)
  [grid_ceed9b9a229c] seed=42 reward=3.466 succ=0.179 fk=0.585 adapt=0.553 (51s)
  [grid_792337059d2d] seed=42 reward=2.969 succ=0.067 fk=0.489 adapt=0.298 (47s)
  [grid_6af055949cb5] seed=42 reward=3.404 succ=0.089 fk=0.551 adapt=0.563 (53s)
  [grid_f3939e64d74d] seed=42 reward=3.061 succ=0.010 fk=0.448 adapt=0.243 (48s)
  [grid_e9bf204f96ce] seed=42 reward=3.638 succ=0.115 fk=0.611 adapt=0.501 (50s)
  [grid_c5fc1c1aa910] seed=42 reward=3.526 succ=0.051 fk=0.549 adapt=0.500 (47s)
  [grid_e357c066fde0] seed=42 reward=3.537 succ=0.051 fk=0.534 adapt=0.473 (52s)
  [grid_42b6c35344c6] seed=42 reward=3.396 succ=0.063 fk=0.533 adapt=0.521 (47s)
  [grid_a5126f8cd550] seed=42 reward=3.076 succ=0.010 fk=0.462 adapt=0.333 (50s)
  [grid_e9dcdb54741b] seed=42 reward=3.335 succ=0.091 fk=0.542 adapt=0.521 (51s)
  [grid_f4ec850a9beb] seed=42 reward=3.537 succ=0.050 fk=0.548 adapt=0.500 (53s)
  [grid_39a0b658fcd0] seed=42 reward=3.124 succ=0.025 fk=0.469 adapt=0.296 (55s)
  [grid_f74465b0a975] seed=42 reward=3.248 succ=0.054 fk=0.534 adapt=0.541 (50s)
  [grid_442feaf24400] seed=42 reward=3.391 succ=0.050 fk=0.531 adapt=0.506 (45s)
  [grid_ba2781b85d7a] seed=42 reward=3.290 succ=0.067 fk=0.538 adapt=0.537 (49s)
  [grid_d5e21a7c1ac4] seed=42 reward=3.567 succ=0.095 fk=0.570 adapt=0.511 (46s)
  [grid_b71bfab35917] seed=42 reward=3.496 succ=0.047 fk=0.532 adapt=0.510 (49s)
  [grid_07c49fdf6287] seed=42 reward=3.527 succ=0.096 fk=0.601 adapt=0.494 (74s)
  [grid_4f371a27a865] seed=42 reward=3.092 succ=0.005 fk=0.457 adapt=0.237 (160s)
  [grid_872320872ce1] seed=42 reward=3.064 succ=0.007 fk=0.425 adapt=0.070 (103s)
  [grid_003084947a1e] seed=42 reward=3.502 succ=0.221 fk=0.612 adapt=0.573 (83s)
  [grid_073e89376e35] seed=42 reward=3.123 succ=0.058 fk=0.536 adapt=0.306 (158s)
  [grid_4dda76726bc4] seed=42 reward=3.595 succ=0.064 fk=0.572 adapt=0.501 (100s)
  [grid_3f83cb48e697] seed=42 reward=3.390 succ=0.024 fk=0.519 adapt=0.459 (78s)
  [grid_950180477e46] seed=42 reward=3.133 succ=0.013 fk=0.495 adapt=0.317 (160s)
  [grid_a6a56f66e9ad] seed=42 reward=3.202 succ=0.065 fk=0.545 adapt=0.471 (103s)
  [grid_cc4cb55ab62a] seed=42 reward=3.266 succ=0.054 fk=0.529 adapt=0.549 (156s)
  [grid_4891a52f3cf9] seed=42 reward=3.619 succ=0.099 fk=0.608 adapt=0.488 (97s)
  [grid_93c997402b1c] seed=42 reward=3.097 succ=0.024 fk=0.464 adapt=0.285 (74s)
  [grid_a686d2bea727] seed=42 reward=3.514 succ=0.064 fk=0.554 adapt=0.501 (151s)
  [grid_4d1b8ab6cdc7] seed=42 reward=3.098 succ=0.027 fk=0.511 adapt=0.432 (101s)
  [grid_6ac26517032f] seed=42 reward=3.510 succ=0.061 fk=0.535 adapt=0.522 (81s)
  [grid_1dc8dedc5d5b] seed=42 reward=3.506 succ=0.067 fk=0.540 adapt=0.534 (173s)
  [grid_54779a4532e3] seed=42 reward=3.486 succ=0.024 fk=0.516 adapt=0.439 (106s)
  [grid_f3a5b3b48094] seed=42 reward=3.536 succ=0.046 fk=0.534 adapt=0.497 (58s)
  [grid_8669bd66a5b5] seed=42 reward=3.432 succ=0.069 fk=0.548 adapt=0.478 (73s)
  [grid_b045adeb6832] seed=42 reward=3.309 succ=0.070 fk=0.556 adapt=0.566 (65s)
  [grid_0d73dcb21bdc] seed=42 reward=3.078 succ=0.012 fk=0.464 adapt=0.312 (66s)
  [grid_4c68413ba382] seed=42 reward=3.318 succ=0.030 fk=0.512 adapt=0.347 (92s)
  [grid_5dc535d99bc4] seed=42 reward=3.485 succ=0.162 fk=0.569 adapt=0.589 (54s)
  [grid_74a74bbf2136] seed=42 reward=3.428 succ=0.132 fk=0.558 adapt=0.562 (55s)
  [grid_6273b54a6ee8] seed=42 reward=3.445 succ=0.089 fk=0.549 adapt=0.527 (64s)
  [grid_88bdbd3f297d] seed=42 reward=3.183 succ=0.010 fk=0.453 adapt=0.144 (89s)
  [grid_5955355756f6] seed=42 reward=3.398 succ=0.118 fk=0.527 adapt=0.484 (55s)
  [grid_9a4dfd8c1338] seed=42 reward=3.260 succ=0.078 fk=0.516 adapt=0.401 (56s)
  [grid_82df3bcc0d1d] seed=42 reward=3.299 succ=0.052 fk=0.493 adapt=0.378 (67s)
  [grid_076187c006f6] seed=42 reward=3.476 succ=0.067 fk=0.548 adapt=0.516 (92s)
  [grid_19d0f915b49a] seed=42 reward=3.595 succ=0.099 fk=0.586 adapt=0.491 (67s)
  [grid_1be5c391407c] seed=42 reward=3.435 succ=0.093 fk=0.564 adapt=0.526 (95s)
  [grid_7f55211fc2be] seed=42 reward=3.211 succ=0.018 fk=0.504 adapt=0.306 (69s)
  [grid_efc7a28d9d7a] seed=42 reward=3.441 succ=0.066 fk=0.548 adapt=0.558 (92s)
  [grid_18d5e6c3cbf3] seed=42 reward=3.634 succ=0.096 fk=0.601 adapt=0.502 (55s)
  [grid_084f42e7e0bf] seed=42 reward=3.231 succ=0.011 fk=0.458 adapt=0.256 (58s)
  [grid_7bbcd15b2d79] seed=42 reward=3.482 succ=0.097 fk=0.557 adapt=0.544 (49s)
  [grid_1d4b73437afe] seed=42 reward=3.403 succ=0.090 fk=0.550 adapt=0.558 (48s)
  [grid_3e984a63ac7f] seed=42 reward=3.620 succ=0.116 fk=0.596 adapt=0.517 (52s)
  [grid_682bbf19c629] seed=42 reward=3.476 succ=0.194 fk=0.595 adapt=0.597 (47s)
  [grid_0761fc7edac3] seed=42 reward=3.634 succ=0.115 fk=0.612 adapt=0.500 (55s)
  [grid_9f926491140b] seed=42 reward=3.622 succ=0.108 fk=0.588 adapt=0.510 (51s)
  [grid_64a99a9ea4f0] seed=42 reward=3.261 succ=0.059 fk=0.462 adapt=0.222 (57s)
  [grid_179e4d72cdd5] seed=42 reward=3.302 succ=0.013 fk=0.462 adapt=0.258 (71s)
  [grid_b853cebde09f] seed=42 reward=3.205 succ=0.057 fk=0.487 adapt=0.343 (51s)
  [grid_943ea071caff] seed=42 reward=3.514 succ=0.095 fk=0.583 adapt=0.484 (56s)
  [grid_c95258270f38] seed=42 reward=3.448 succ=0.129 fk=0.572 adapt=0.591 (72s)
  [grid_80cf7c8302ef] seed=42 reward=3.575 succ=0.080 fk=0.555 adapt=0.517 (51s)
  [grid_bf8f5c8deb83] seed=42 reward=3.145 succ=0.004 fk=0.429 adapt=0.190 (58s)
  [grid_c13ce8d3a750] seed=42 reward=3.586 succ=0.089 fk=0.569 adapt=0.494 (70s)
  [grid_ea2b7c83b46b] seed=42 reward=3.357 succ=0.077 fk=0.554 adapt=0.541 (52s)
  [grid_f988c78fe97d] seed=42 reward=3.324 succ=0.059 fk=0.536 adapt=0.509 (58s)
  [grid_1b8a1e835938] seed=42 reward=3.563 succ=0.070 fk=0.555 adapt=0.510 (74s)
  [grid_19904ddf2bd2] seed=42 reward=3.563 succ=0.054 fk=0.546 adapt=0.503 (53s)
  [grid_e0e8104fb55c] seed=42 reward=3.560 succ=0.059 fk=0.540 adapt=0.500 (59s)
  [grid_ae94078c1b33] seed=42 reward=3.514 succ=0.121 fk=0.575 adapt=0.553 (59s)
  [grid_47af95279ee4] seed=42 reward=2.985 succ=0.088 fk=0.482 adapt=0.315 (59s)
  [grid_7b0beefbfdf8] seed=42 reward=3.452 succ=0.293 fk=0.653 adapt=0.722 (58s)
  [grid_423940eb482c] seed=42 reward=3.505 succ=0.041 fk=0.529 adapt=0.464 (59s)
  [grid_4524a85d13ba] seed=42 reward=3.221 succ=0.017 fk=0.464 adapt=0.285 (58s)
  [grid_c5c9af6cddfb] seed=42 reward=3.054 succ=0.017 fk=0.495 adapt=0.279 (58s)
  [grid_6f901b179330] seed=42 reward=3.542 succ=0.095 fk=0.602 adapt=0.499 (51s)
  [grid_e991e4d6ae70] seed=42 reward=3.638 succ=0.108 fk=0.611 adapt=0.501 (47s)
  [grid_2b64aae44d17] seed=42 reward=3.168 succ=0.045 fk=0.515 adapt=0.378 (51s)
  [grid_57b726e16ebd] seed=42 reward=3.255 succ=0.073 fk=0.498 adapt=0.397 (49s)
  [grid_edcc4d584bba] seed=42 reward=3.533 succ=0.071 fk=0.556 adapt=0.532 (59s)
  [grid_a3d2dd9d3569] seed=42 reward=3.243 succ=0.046 fk=0.489 adapt=0.355 (60s)
  [grid_e4d6f76a4787] seed=42 reward=3.336 succ=0.018 fk=0.451 adapt=0.215 (51s)
  [grid_d8cfd2b1aaa3] seed=42 reward=3.265 succ=0.030 fk=0.520 adapt=0.466 (49s)
  [grid_cdc09e34d334] seed=42 reward=3.283 succ=0.077 fk=0.549 adapt=0.565 (53s)
  [grid_8f3e5719af08] seed=42 reward=3.266 succ=0.010 fk=0.477 adapt=0.304 (50s)
  [grid_58f124eca023] seed=42 reward=3.502 succ=0.049 fk=0.513 adapt=0.446 (61s)
  [grid_3a41557d596a] seed=42 reward=3.303 succ=0.011 fk=0.468 adapt=0.287 (48s)
  [grid_94791926c4f9] seed=42 reward=2.948 succ=0.023 fk=0.500 adapt=0.477 (61s)
  [grid_be3397ce22fa] seed=42 reward=3.144 succ=0.020 fk=0.491 adapt=0.301 (59s)
  [grid_82763eb6e07b] seed=42 reward=3.458 succ=0.016 fk=0.506 adapt=0.396 (58s)
  [grid_03fdab7bf558] seed=42 reward=3.638 succ=0.109 fk=0.611 adapt=0.501 (58s)
  [grid_c10c35c06962] seed=42 reward=3.106 succ=0.009 fk=0.477 adapt=0.267 (60s)
  [grid_de7dd5e09415] seed=42 reward=3.455 succ=0.134 fk=0.569 adapt=0.603 (59s)
  [grid_95bfe26b86b4] seed=42 reward=3.515 succ=0.041 fk=0.552 adapt=0.486 (62s)
  [grid_2b66071e9548] seed=42 reward=3.593 succ=0.090 fk=0.577 adapt=0.502 (66s)
  [grid_e31dd9301a29] seed=42 reward=2.966 succ=0.002 fk=0.394 adapt=0.101 (61s)
  [grid_3f9ecb91799a] seed=42 reward=3.286 succ=0.050 fk=0.526 adapt=0.500 (57s)
  [grid_e5824de7bb43] seed=42 reward=3.253 succ=0.021 fk=0.461 adapt=0.299 (46s)
  [grid_ce54b76151ee] seed=42 reward=3.569 succ=0.141 fk=0.581 adapt=0.557 (49s)
  [grid_e9bba88beb87] seed=42 reward=3.296 succ=0.017 fk=0.476 adapt=0.314 (56s)
  [grid_3204dedf93b5] seed=42 reward=3.539 succ=0.049 fk=0.564 adapt=0.446 (155s)
  [grid_3ba3dc967ccd] seed=42 reward=3.288 succ=0.005 fk=0.454 adapt=0.243 (101s)
  [grid_6292beea02b2] seed=42 reward=3.094 succ=0.080 fk=0.472 adapt=0.325 (80s)
  [grid_1f1ccc52337b] seed=42 reward=3.023 succ=0.098 fk=0.483 adapt=0.215 (165s)
  [grid_6b9fb60cfc15] seed=42 reward=3.569 succ=0.068 fk=0.545 adapt=0.506 (100s)
  [grid_24ba2a51cc17] seed=42 reward=3.441 succ=0.035 fk=0.523 adapt=0.460 (77s)
  [grid_81d446a89ee0] seed=42 reward=3.510 succ=0.031 fk=0.529 adapt=0.453 (162s)
  [grid_2c047efaf02b] seed=42 reward=3.496 succ=0.049 fk=0.554 adapt=0.476 (103s)
  [grid_5cc50495b67d] seed=42 reward=3.508 succ=0.064 fk=0.532 adapt=0.501 (80s)
  [grid_07b6a408c164] seed=42 reward=3.283 succ=0.053 fk=0.514 adapt=0.451 (76s)
  [grid_ff5b937fd683] seed=42 reward=3.450 succ=0.074 fk=0.542 adapt=0.546 (153s)
  [grid_9b9bf181068a] seed=42 reward=3.226 succ=0.009 fk=0.429 adapt=0.105 (99s)
  [grid_3211fa0e401b] seed=42 reward=3.124 succ=0.017 fk=0.478 adapt=0.423 (74s)
  [grid_3963a2a74d98] seed=42 reward=3.256 succ=0.042 fk=0.520 adapt=0.338 (152s)
  [grid_d0ae9817791e] seed=42 reward=3.435 succ=0.158 fk=0.592 adapt=0.612 (105s)
  [grid_c399791bc3ef] seed=42 reward=3.083 succ=0.021 fk=0.494 adapt=0.316 (85s)
  [grid_2d891df461b7] seed=42 reward=3.210 succ=0.037 fk=0.524 adapt=0.467 (107s)
  [grid_9e0c89f4d2a1] seed=42 reward=3.462 succ=0.108 fk=0.529 adapt=0.288 (79s)
  [grid_1e1f3d6a64f7] seed=42 reward=3.163 succ=0.003 fk=0.417 adapt=0.147 (157s)
  [grid_922acac0fbdc] seed=42 reward=3.514 succ=0.033 fk=0.529 adapt=0.478 (65s)
  [grid_5fead89d6613] seed=42 reward=3.106 succ=0.008 fk=0.397 adapt=0.035 (91s)
  [grid_bddc23fda9bc] seed=42 reward=3.182 succ=0.002 fk=0.354 adapt=0.078 (66s)
  [grid_809153d72de6] seed=42 reward=3.266 succ=0.033 fk=0.493 adapt=0.411 (90s)
  [grid_340359e9a0f8] seed=42 reward=3.566 succ=0.070 fk=0.559 adapt=0.504 (54s)
  [grid_c0a665e41c87] seed=42 reward=3.224 succ=0.042 fk=0.512 adapt=0.324 (64s)
  [grid_26b003c98551] seed=42 reward=3.482 succ=0.031 fk=0.525 adapt=0.432 (91s)
  [grid_c40186fcd8b3] seed=42 reward=3.513 succ=0.049 fk=0.527 adapt=0.478 (67s)
  [grid_46b814520283] seed=42 reward=3.342 succ=0.022 fk=0.521 adapt=0.429 (93s)
  [grid_652c3a6b7b18] seed=42 reward=3.359 succ=0.008 fk=0.466 adapt=0.309 (63s)
  [grid_54f9948dbf15] seed=42 reward=3.473 succ=0.033 fk=0.529 adapt=0.416 (93s)
  [grid_80cc1a842dbd] seed=42 reward=3.500 succ=0.072 fk=0.546 adapt=0.518 (60s)
  [grid_4839c345d0e9] seed=42 reward=3.476 succ=0.065 fk=0.538 adapt=0.525 (59s)
  [grid_3897bcef8595] seed=42 reward=3.657 succ=0.177 fk=0.623 adapt=0.531 (56s)
  [grid_b05032853268] seed=42 reward=3.468 succ=0.043 fk=0.527 adapt=0.500 (67s)
  [grid_8d382a8a136c] seed=42 reward=3.564 succ=0.051 fk=0.545 adapt=0.502 (94s)
  [grid_85d2570d3f8b] seed=42 reward=3.625 succ=0.108 fk=0.588 adapt=0.515 (55s)
  [grid_4b89d009e6d9] seed=42 reward=3.162 succ=0.033 fk=0.489 adapt=0.343 (65s)
  [grid_47c0bd47a734] seed=42 reward=3.360 succ=0.088 fk=0.556 adapt=0.566 (53s)
  [grid_b296abd346dc] seed=42 reward=3.645 succ=0.123 fk=0.617 adapt=0.501 (47s)
  [grid_01942368524f] seed=42 reward=3.299 succ=0.031 fk=0.524 adapt=0.487 (58s)
  [grid_460aac5ae4be] seed=42 reward=3.547 succ=0.158 fk=0.579 adapt=0.498 (51s)
  [grid_4a33b4c554c6] seed=42 reward=3.477 succ=0.211 fk=0.623 adapt=0.593 (57s)
  [grid_97a3387e583f] seed=42 reward=3.470 succ=0.109 fk=0.556 adapt=0.523 (51s)
  [grid_005dabd657db] seed=42 reward=3.478 succ=0.099 fk=0.574 adapt=0.309 (56s)
  [grid_879a14ad4a8e] seed=42 reward=3.277 succ=0.014 fk=0.451 adapt=0.147 (70s)
  [grid_129c732a213f] seed=42 reward=3.525 succ=0.175 fk=0.581 adapt=0.604 (71s)
  [grid_bdfeedc27dcf] seed=42 reward=3.359 succ=0.078 fk=0.499 adapt=0.364 (52s)
  [grid_b783ec41f515] seed=42 reward=3.271 succ=0.002 fk=0.430 adapt=0.208 (57s)
  [grid_d7dd7c4936a3] seed=42 reward=3.345 succ=0.092 fk=0.503 adapt=0.361 (51s)
  [grid_5ae36433d383] seed=42 reward=3.354 succ=0.077 fk=0.546 adapt=0.563 (59s)
  [grid_294e12d0fd60] seed=42 reward=3.398 succ=0.037 fk=0.512 adapt=0.457 (75s)
  [grid_619d81354429] seed=42 reward=3.532 succ=0.023 fk=0.529 adapt=0.454 (52s)
  [grid_885dce3e0298] seed=42 reward=3.505 succ=0.063 fk=0.548 adapt=0.477 (58s)
  [grid_924bd364b18a] seed=42 reward=3.560 succ=0.133 fk=0.576 adapt=0.570 (72s)
  [grid_e0819a572b85] seed=42 reward=3.245 succ=0.056 fk=0.529 adapt=0.467 (48s)
  [grid_b25ae03c7afc] seed=42 reward=3.665 succ=0.165 fk=0.626 adapt=0.545 (51s)
  [grid_6705b6075e1e] seed=42 reward=3.562 succ=0.210 fk=0.636 adapt=0.591 (47s)
  [grid_8e7cc0565ee2] seed=42 reward=3.638 succ=0.116 fk=0.611 adapt=0.501 (51s)
  [grid_767c7903d55a] seed=42 reward=3.333 succ=0.092 fk=0.523 adapt=0.487 (47s)
  [grid_7703a859fd40] seed=42 reward=3.362 succ=0.054 fk=0.528 adapt=0.484 (51s)
  [grid_ffc482304655] seed=42 reward=3.573 succ=0.064 fk=0.547 adapt=0.509 (47s)
  [grid_32895a329a3c] seed=42 reward=3.449 succ=0.141 fk=0.565 adapt=0.404 (51s)
  [grid_c26de3157af2] seed=42 reward=3.520 succ=0.229 fk=0.613 adapt=0.609 (48s)
  [grid_3fbd5283c82b] seed=42 reward=3.603 succ=0.117 fk=0.587 adapt=0.474 (52s)
  [grid_3178ec8a4ab9] seed=42 reward=3.254 succ=0.072 fk=0.513 adapt=0.416 (48s)
  [grid_ddf2bd6d70ad] seed=42 reward=3.629 succ=0.108 fk=0.605 adapt=0.501 (51s)
  [grid_be09721a3c53] seed=42 reward=3.643 succ=0.141 fk=0.605 adapt=0.526 (48s)
  [grid_0c78e942c3d5] seed=42 reward=3.373 succ=0.041 fk=0.522 adapt=0.466 (59s)
  [grid_d34a38a1a241] seed=42 reward=3.357 succ=0.108 fk=0.557 adapt=0.577 (52s)
  [grid_0487dc31e319] seed=42 reward=3.539 succ=0.085 fk=0.566 adapt=0.502 (49s)
  [grid_5214fb944fcc] seed=42 reward=3.348 succ=0.030 fk=0.519 adapt=0.463 (53s)
  [grid_17af28c38176] seed=42 reward=3.581 succ=0.073 fk=0.555 adapt=0.504 (49s)
  [grid_3802cf4e31b1] seed=42 reward=3.340 succ=0.030 fk=0.527 adapt=0.493 (43s)
  grid progress: 2080/2304 configs done
  grid progress: 2090/2304 configs done
  grid progress: 2100/2304 configs done
  grid progress: 2110/2304 configs done
  grid progress: 2120/2304 configs done
  grid progress: 2130/2304 configs done
  grid progress: 2140/2304 configs done
  grid progress: 2150/2304 configs done
  grid progress: 2160/2304 configs done
  grid progress: 2170/2304 configs done
  grid progress: 2180/2304 configs done
  grid progress: 2190/2304 configs done
  grid progress: 2200/2304 configs done
  grid progress: 2210/2304 configs done
  grid progress: 2220/2304 configs done
  grid progress: 2230/2304 configs done
  grid progress: 2240/2304 configs done
  grid progress: 2250/2304 configs done
  grid progress: 2260/2304 configs done
  grid progress: 2270/2304 configs done
  grid progress: 2280/2304 configs done
  grid progress: 2290/2304 configs done
  grid progress: 2300/2304 configs done
  grid progress: 2304/2304 configs done

  Top by reward: b25ae03c7afc
  Top by mastery: 48c5abe0b1fc
  Top balanced: 48c5abe0b1fc
